Node Number	X Location (m)	Y Location (m)	Z Location (m)	Directional Deformation (m)
445	0.425	2.5e-002	0.	0.
453	0.425	-2.5e-002	0.	0.
454	0.425	-2.3e-002	0.	0.
455	0.425	-2.1e-002	0.	0.
456	0.425	-1.9e-002	0.	0.
457	0.425	-1.7e-002	0.	0.
458	0.425	-1.5e-002	0.	0.
459	0.425	-1.3e-002	0.	0.
460	0.425	-1.1e-002	0.	0.
461	0.425	-9.e-003	0.	0.
462	0.425	-7.e-003	0.	0.
463	0.425	-5.e-003	0.	0.
464	0.425	-3.e-003	0.	0.
465	0.425	-1.e-003	0.	0.
466	0.425	1.e-003	0.	0.
467	0.425	3.e-003	0.	0.
468	0.425	5.e-003	0.	0.
469	0.425	7.e-003	0.	0.
470	0.425	9.e-003	0.	0.
471	0.425	1.1e-002	0.	0.
472	0.425	1.3e-002	0.	0.
473	0.425	1.5e-002	0.	0.
474	0.425	1.7e-002	0.	0.
475	0.425	1.9e-002	0.	0.
476	0.425	2.1e-002	0.	0.
477	0.425	2.3e-002	0.	0.
723	-0.425	-2.5e-002	0.	0.
724	-0.423	-2.5e-002	0.	0.
725	-0.421	-2.5e-002	0.	0.
726	-0.419	-2.5e-002	0.	0.
727	-0.417	-2.5e-002	0.	0.
728	-0.415	-2.5e-002	0.	0.
729	-0.413	-2.5e-002	0.	0.
730	-0.411	-2.5e-002	0.	0.
731	-0.409	-2.5e-002	0.	0.
732	-0.407	-2.5e-002	0.	0.
733	-0.405	-2.5e-002	0.	0.
734	-0.403	-2.5e-002	0.	0.
735	-0.401	-2.5e-002	0.	0.
736	-0.399	-2.5e-002	0.	0.
737	-0.397	-2.5e-002	0.	0.
738	-0.395	-2.5e-002	0.	0.
739	-0.393	-2.5e-002	0.	0.
740	-0.391	-2.5e-002	0.	0.
741	-0.389	-2.5e-002	0.	0.
742	-0.387	-2.5e-002	0.	0.
743	-0.385	-2.5e-002	0.	0.
744	-0.383	-2.5e-002	0.	0.
745	-0.381	-2.5e-002	0.	0.
746	-0.379	-2.5e-002	0.	0.
747	-0.377	-2.5e-002	0.	0.
748	-0.375	-2.5e-002	0.	0.
749	-0.373	-2.5e-002	0.	0.
750	-0.371	-2.5e-002	0.	0.
751	-0.369	-2.5e-002	0.	0.
752	-0.367	-2.5e-002	0.	0.
753	-0.365	-2.5e-002	0.	0.
754	-0.363	-2.5e-002	0.	0.
755	-0.361	-2.5e-002	0.	0.
756	-0.359	-2.5e-002	0.	0.
757	-0.357	-2.5e-002	0.	0.
758	-0.355	-2.5e-002	0.	0.
759	-0.353	-2.5e-002	0.	0.
760	-0.351	-2.5e-002	0.	0.
761	-0.349	-2.5e-002	0.	0.
762	-0.347	-2.5e-002	0.	0.
763	-0.345	-2.5e-002	0.	0.
764	-0.343	-2.5e-002	0.	0.
765	-0.341	-2.5e-002	0.	0.
766	-0.339	-2.5e-002	0.	0.
767	-0.337	-2.5e-002	0.	0.
768	-0.335	-2.5e-002	0.	0.
769	-0.333	-2.5e-002	0.	0.
770	-0.331	-2.5e-002	0.	0.
771	-0.329	-2.5e-002	0.	0.
772	-0.327	-2.5e-002	0.	0.
773	-0.325	-2.5e-002	0.	0.
774	-0.323	-2.5e-002	0.	0.
775	-0.321	-2.5e-002	0.	0.
776	-0.319	-2.5e-002	0.	0.
777	-0.317	-2.5e-002	0.	0.
778	-0.315	-2.5e-002	0.	0.
779	-0.313	-2.5e-002	0.	0.
780	-0.311	-2.5e-002	0.	0.
781	-0.309	-2.5e-002	0.	0.
782	-0.307	-2.5e-002	0.	0.
783	-0.305	-2.5e-002	0.	0.
784	-0.303	-2.5e-002	0.	0.
785	-0.301	-2.5e-002	0.	0.
786	-0.299	-2.5e-002	0.	0.
787	-0.297	-2.5e-002	0.	0.
788	-0.295	-2.5e-002	0.	0.
789	-0.293	-2.5e-002	0.	0.
790	-0.291	-2.5e-002	0.	0.
791	-0.289	-2.5e-002	0.	0.
792	-0.287	-2.5e-002	0.	0.
793	-0.285	-2.5e-002	0.	0.
794	-0.283	-2.5e-002	0.	0.
795	-0.281	-2.5e-002	0.	0.
796	-0.279	-2.5e-002	0.	0.
797	-0.277	-2.5e-002	0.	0.
798	-0.275	-2.5e-002	0.	0.
799	-0.273	-2.5e-002	0.	0.
800	-0.271	-2.5e-002	0.	0.
801	-0.269	-2.5e-002	0.	0.
802	-0.267	-2.5e-002	0.	0.
803	-0.265	-2.5e-002	0.	0.
804	-0.263	-2.5e-002	0.	0.
805	-0.261	-2.5e-002	0.	0.
806	-0.259	-2.5e-002	0.	0.
807	-0.257	-2.5e-002	0.	0.
808	-0.255	-2.5e-002	0.	0.
809	-0.253	-2.5e-002	0.	0.
810	-0.251	-2.5e-002	0.	0.
811	-0.249	-2.5e-002	0.	0.
812	-0.247	-2.5e-002	0.	0.
813	-0.245	-2.5e-002	0.	0.
814	-0.243	-2.5e-002	0.	0.
815	-0.241	-2.5e-002	0.	0.
816	-0.239	-2.5e-002	0.	0.
817	-0.237	-2.5e-002	0.	0.
818	-0.235	-2.5e-002	0.	0.
819	-0.233	-2.5e-002	0.	0.
820	-0.231	-2.5e-002	0.	0.
821	-0.229	-2.5e-002	0.	0.
822	-0.227	-2.5e-002	0.	0.
823	-0.225	-2.5e-002	0.	0.
824	-0.223	-2.5e-002	0.	0.
825	-0.221	-2.5e-002	0.	0.
826	-0.219	-2.5e-002	0.	0.
827	-0.217	-2.5e-002	0.	0.
828	-0.215	-2.5e-002	0.	0.
829	-0.213	-2.5e-002	0.	0.
830	-0.211	-2.5e-002	0.	0.
831	-0.209	-2.5e-002	0.	0.
832	-0.207	-2.5e-002	0.	0.
833	-0.205	-2.5e-002	0.	0.
834	-0.203	-2.5e-002	0.	0.
835	-0.201	-2.5e-002	0.	0.
836	-0.199	-2.5e-002	0.	0.
837	-0.197	-2.5e-002	0.	0.
838	-0.195	-2.5e-002	0.	0.
839	-0.193	-2.5e-002	0.	0.
840	-0.191	-2.5e-002	0.	0.
841	-0.189	-2.5e-002	0.	0.
842	-0.187	-2.5e-002	0.	0.
843	-0.185	-2.5e-002	0.	0.
844	-0.183	-2.5e-002	0.	0.
845	-0.181	-2.5e-002	0.	0.
846	-0.179	-2.5e-002	0.	0.
847	-0.177	-2.5e-002	0.	0.
848	-0.175	-2.5e-002	0.	0.
849	-0.173	-2.5e-002	0.	0.
850	-0.171	-2.5e-002	0.	0.
851	-0.169	-2.5e-002	0.	0.
852	-0.167	-2.5e-002	0.	0.
853	-0.165	-2.5e-002	0.	0.
854	-0.163	-2.5e-002	0.	0.
855	-0.161	-2.5e-002	0.	0.
856	-0.159	-2.5e-002	0.	0.
857	-0.157	-2.5e-002	0.	0.
858	-0.155	-2.5e-002	0.	0.
859	-0.153	-2.5e-002	0.	0.
860	-0.151	-2.5e-002	0.	0.
861	-0.149	-2.5e-002	0.	0.
862	-0.147	-2.5e-002	0.	0.
863	-0.145	-2.5e-002	0.	0.
864	-0.143	-2.5e-002	0.	0.
865	-0.141	-2.5e-002	0.	0.
866	-0.139	-2.5e-002	0.	0.
867	-0.137	-2.5e-002	0.	0.
868	-0.135	-2.5e-002	0.	0.
869	-0.133	-2.5e-002	0.	0.
870	-0.131	-2.5e-002	0.	0.
871	-0.129	-2.5e-002	0.	0.
872	-0.127	-2.5e-002	0.	0.
873	-0.125	-2.5e-002	0.	0.
874	-0.123	-2.5e-002	0.	0.
875	-0.121	-2.5e-002	0.	0.
876	-0.119	-2.5e-002	0.	0.
877	-0.117	-2.5e-002	0.	0.
878	-0.115	-2.5e-002	0.	0.
879	-0.113	-2.5e-002	0.	0.
880	-0.111	-2.5e-002	0.	0.
881	-0.109	-2.5e-002	0.	0.
882	-0.107	-2.5e-002	0.	0.
883	-0.105	-2.5e-002	0.	0.
884	-0.103	-2.5e-002	0.	0.
885	-0.101	-2.5e-002	0.	0.
886	-9.9e-002	-2.5e-002	0.	0.
887	-9.7e-002	-2.5e-002	0.	0.
888	-9.5e-002	-2.5e-002	0.	0.
889	-9.3e-002	-2.5e-002	0.	0.
890	-9.1e-002	-2.5e-002	0.	0.
891	-8.9e-002	-2.5e-002	0.	0.
892	-8.7e-002	-2.5e-002	0.	0.
893	-8.5e-002	-2.5e-002	0.	0.
894	-8.3e-002	-2.5e-002	0.	0.
895	-8.1e-002	-2.5e-002	0.	0.
896	-7.9e-002	-2.5e-002	0.	0.
897	-7.7e-002	-2.5e-002	0.	0.
898	-7.5e-002	-2.5e-002	0.	0.
899	-7.3e-002	-2.5e-002	0.	0.
900	-7.1e-002	-2.5e-002	0.	0.
901	-6.9e-002	-2.5e-002	0.	0.
902	-6.7e-002	-2.5e-002	0.	0.
903	-6.5e-002	-2.5e-002	0.	0.
904	-6.3e-002	-2.5e-002	0.	0.
905	-6.1e-002	-2.5e-002	0.	0.
906	-5.9e-002	-2.5e-002	0.	0.
907	-5.7e-002	-2.5e-002	0.	0.
908	-5.5e-002	-2.5e-002	0.	0.
909	-5.3e-002	-2.5e-002	0.	0.
910	-5.1e-002	-2.5e-002	0.	0.
911	-4.9e-002	-2.5e-002	0.	0.
912	-4.7e-002	-2.5e-002	0.	0.
913	-4.5e-002	-2.5e-002	0.	0.
914	-4.3e-002	-2.5e-002	0.	0.
915	-4.1e-002	-2.5e-002	0.	0.
916	-3.9e-002	-2.5e-002	0.	0.
917	-3.7e-002	-2.5e-002	0.	0.
918	-3.5e-002	-2.5e-002	0.	0.
919	-3.3e-002	-2.5e-002	0.	0.
920	-3.1e-002	-2.5e-002	0.	0.
921	-2.9e-002	-2.5e-002	0.	0.
922	-2.7e-002	-2.5e-002	0.	0.
923	-2.5e-002	-2.5e-002	0.	0.
924	-2.3e-002	-2.5e-002	0.	0.
925	-2.1e-002	-2.5e-002	0.	0.
926	-1.9e-002	-2.5e-002	0.	0.
927	-1.7e-002	-2.5e-002	0.	0.
928	-1.5e-002	-2.5e-002	0.	0.
929	-1.3e-002	-2.5e-002	0.	0.
930	-1.1e-002	-2.5e-002	0.	0.
931	-9.e-003	-2.5e-002	0.	0.
932	-7.e-003	-2.5e-002	0.	0.
933	-5.e-003	-2.5e-002	0.	0.
934	-3.e-003	-2.5e-002	0.	0.
935	-1.e-003	-2.5e-002	0.	0.
936	1.e-003	-2.5e-002	0.	0.
937	3.e-003	-2.5e-002	0.	0.
938	5.e-003	-2.5e-002	0.	0.
939	7.e-003	-2.5e-002	0.	0.
940	9.e-003	-2.5e-002	0.	0.
941	1.1e-002	-2.5e-002	0.	0.
942	1.3e-002	-2.5e-002	0.	0.
943	1.5e-002	-2.5e-002	0.	0.
944	1.7e-002	-2.5e-002	0.	0.
945	1.9e-002	-2.5e-002	0.	0.
946	2.1e-002	-2.5e-002	0.	0.
947	2.3e-002	-2.5e-002	0.	0.
948	2.5e-002	-2.5e-002	0.	0.
949	2.7e-002	-2.5e-002	0.	0.
950	2.9e-002	-2.5e-002	0.	0.
951	3.1e-002	-2.5e-002	0.	0.
952	3.3e-002	-2.5e-002	0.	0.
953	3.5e-002	-2.5e-002	0.	0.
954	3.7e-002	-2.5e-002	0.	0.
955	3.9e-002	-2.5e-002	0.	0.
956	4.1e-002	-2.5e-002	0.	0.
957	4.3e-002	-2.5e-002	0.	0.
958	4.5e-002	-2.5e-002	0.	0.
959	4.7e-002	-2.5e-002	0.	0.
960	4.9e-002	-2.5e-002	0.	0.
961	5.1e-002	-2.5e-002	0.	0.
962	5.3e-002	-2.5e-002	0.	0.
963	5.5e-002	-2.5e-002	0.	0.
964	5.7e-002	-2.5e-002	0.	0.
965	5.9e-002	-2.5e-002	0.	0.
966	6.1e-002	-2.5e-002	0.	0.
967	6.3e-002	-2.5e-002	0.	0.
968	6.5e-002	-2.5e-002	0.	0.
969	6.7e-002	-2.5e-002	0.	0.
970	6.9e-002	-2.5e-002	0.	0.
971	7.1e-002	-2.5e-002	0.	0.
972	7.3e-002	-2.5e-002	0.	0.
973	7.5e-002	-2.5e-002	0.	0.
974	7.7e-002	-2.5e-002	0.	0.
975	7.9e-002	-2.5e-002	0.	0.
976	8.1e-002	-2.5e-002	0.	0.
977	8.3e-002	-2.5e-002	0.	0.
978	8.5e-002	-2.5e-002	0.	0.
979	8.7e-002	-2.5e-002	0.	0.
980	8.9e-002	-2.5e-002	0.	0.
981	9.1e-002	-2.5e-002	0.	0.
982	9.3e-002	-2.5e-002	0.	0.
983	9.5e-002	-2.5e-002	0.	0.
984	9.7e-002	-2.5e-002	0.	0.
985	9.9e-002	-2.5e-002	0.	0.
986	0.101	-2.5e-002	0.	0.
987	0.103	-2.5e-002	0.	0.
988	0.105	-2.5e-002	0.	0.
989	0.107	-2.5e-002	0.	0.
990	0.109	-2.5e-002	0.	0.
991	0.111	-2.5e-002	0.	0.
992	0.113	-2.5e-002	0.	0.
993	0.115	-2.5e-002	0.	0.
994	0.117	-2.5e-002	0.	0.
995	0.119	-2.5e-002	0.	0.
996	0.121	-2.5e-002	0.	0.
997	0.123	-2.5e-002	0.	0.
998	0.125	-2.5e-002	0.	0.
999	0.127	-2.5e-002	0.	0.
1000	0.129	-2.5e-002	0.	0.
1001	0.131	-2.5e-002	0.	0.
1002	0.133	-2.5e-002	0.	0.
1003	0.135	-2.5e-002	0.	0.
1004	0.137	-2.5e-002	0.	0.
1005	0.139	-2.5e-002	0.	0.
1006	0.141	-2.5e-002	0.	0.
1007	0.143	-2.5e-002	0.	0.
1008	0.145	-2.5e-002	0.	0.
1009	0.147	-2.5e-002	0.	0.
1010	0.149	-2.5e-002	0.	0.
1011	0.151	-2.5e-002	0.	0.
1012	0.153	-2.5e-002	0.	0.
1013	0.155	-2.5e-002	0.	0.
1014	0.157	-2.5e-002	0.	0.
1015	0.159	-2.5e-002	0.	0.
1016	0.161	-2.5e-002	0.	0.
1017	0.163	-2.5e-002	0.	0.
1018	0.165	-2.5e-002	0.	0.
1019	0.167	-2.5e-002	0.	0.
1020	0.169	-2.5e-002	0.	0.
1021	0.171	-2.5e-002	0.	0.
1022	0.173	-2.5e-002	0.	0.
1023	0.175	-2.5e-002	0.	0.
1024	0.177	-2.5e-002	0.	0.
1025	0.179	-2.5e-002	0.	0.
1026	0.181	-2.5e-002	0.	0.
1027	0.183	-2.5e-002	0.	0.
1028	0.185	-2.5e-002	0.	0.
1029	0.187	-2.5e-002	0.	0.
1030	0.189	-2.5e-002	0.	0.
1031	0.191	-2.5e-002	0.	0.
1032	0.193	-2.5e-002	0.	0.
1033	0.195	-2.5e-002	0.	0.
1034	0.197	-2.5e-002	0.	0.
1035	0.199	-2.5e-002	0.	0.
1036	0.201	-2.5e-002	0.	0.
1037	0.203	-2.5e-002	0.	0.
1038	0.205	-2.5e-002	0.	0.
1039	0.207	-2.5e-002	0.	0.
1040	0.209	-2.5e-002	0.	0.
1041	0.211	-2.5e-002	0.	0.
1042	0.213	-2.5e-002	0.	0.
1043	0.215	-2.5e-002	0.	0.
1044	0.217	-2.5e-002	0.	0.
1045	0.219	-2.5e-002	0.	0.
1046	0.221	-2.5e-002	0.	0.
1047	0.223	-2.5e-002	0.	0.
1048	0.225	-2.5e-002	0.	0.
1049	0.227	-2.5e-002	0.	0.
1050	0.229	-2.5e-002	0.	0.
1051	0.231	-2.5e-002	0.	0.
1052	0.233	-2.5e-002	0.	0.
1053	0.235	-2.5e-002	0.	0.
1054	0.237	-2.5e-002	0.	0.
1055	0.239	-2.5e-002	0.	0.
1056	0.241	-2.5e-002	0.	0.
1057	0.243	-2.5e-002	0.	0.
1058	0.245	-2.5e-002	0.	0.
1059	0.247	-2.5e-002	0.	0.
1060	0.249	-2.5e-002	0.	0.
1061	0.251	-2.5e-002	0.	0.
1062	0.253	-2.5e-002	0.	0.
1063	0.255	-2.5e-002	0.	0.
1064	0.257	-2.5e-002	0.	0.
1065	0.259	-2.5e-002	0.	0.
1066	0.261	-2.5e-002	0.	0.
1067	0.263	-2.5e-002	0.	0.
1068	0.265	-2.5e-002	0.	0.
1069	0.267	-2.5e-002	0.	0.
1070	0.269	-2.5e-002	0.	0.
1071	0.271	-2.5e-002	0.	0.
1072	0.273	-2.5e-002	0.	0.
1073	0.275	-2.5e-002	0.	0.
1074	0.277	-2.5e-002	0.	0.
1075	0.279	-2.5e-002	0.	0.
1076	0.281	-2.5e-002	0.	0.
1077	0.283	-2.5e-002	0.	0.
1078	0.285	-2.5e-002	0.	0.
1079	0.287	-2.5e-002	0.	0.
1080	0.289	-2.5e-002	0.	0.
1081	0.291	-2.5e-002	0.	0.
1082	0.293	-2.5e-002	0.	0.
1083	0.295	-2.5e-002	0.	0.
1084	0.297	-2.5e-002	0.	0.
1085	0.299	-2.5e-002	0.	0.
1086	0.301	-2.5e-002	0.	0.
1087	0.303	-2.5e-002	0.	0.
1088	0.305	-2.5e-002	0.	0.
1089	0.307	-2.5e-002	0.	0.
1090	0.309	-2.5e-002	0.	0.
1091	0.311	-2.5e-002	0.	0.
1092	0.313	-2.5e-002	0.	0.
1093	0.315	-2.5e-002	0.	0.
1094	0.317	-2.5e-002	0.	0.
1095	0.319	-2.5e-002	0.	0.
1096	0.321	-2.5e-002	0.	0.
1097	0.323	-2.5e-002	0.	0.
1098	0.325	-2.5e-002	0.	0.
1099	0.327	-2.5e-002	0.	0.
1100	0.329	-2.5e-002	0.	0.
1101	0.331	-2.5e-002	0.	0.
1102	0.333	-2.5e-002	0.	0.
1103	0.335	-2.5e-002	0.	0.
1104	0.337	-2.5e-002	0.	0.
1105	0.339	-2.5e-002	0.	0.
1106	0.341	-2.5e-002	0.	0.
1107	0.343	-2.5e-002	0.	0.
1108	0.345	-2.5e-002	0.	0.
1109	0.347	-2.5e-002	0.	0.
1110	0.349	-2.5e-002	0.	0.
1111	0.351	-2.5e-002	0.	0.
1112	0.353	-2.5e-002	0.	0.
1113	0.355	-2.5e-002	0.	0.
1114	0.357	-2.5e-002	0.	0.
1115	0.359	-2.5e-002	0.	0.
1116	0.361	-2.5e-002	0.	0.
1117	0.363	-2.5e-002	0.	0.
1118	0.365	-2.5e-002	0.	0.
1119	0.367	-2.5e-002	0.	0.
1120	0.369	-2.5e-002	0.	0.
1121	0.371	-2.5e-002	0.	0.
1122	0.373	-2.5e-002	0.	0.
1123	0.375	-2.5e-002	0.	0.
1124	0.377	-2.5e-002	0.	0.
1125	0.379	-2.5e-002	0.	0.
1126	0.381	-2.5e-002	0.	0.
1127	0.383	-2.5e-002	0.	0.
1128	0.385	-2.5e-002	0.	0.
1129	0.387	-2.5e-002	0.	0.
1130	0.389	-2.5e-002	0.	0.
1131	0.391	-2.5e-002	0.	0.
1132	0.393	-2.5e-002	0.	0.
1133	0.395	-2.5e-002	0.	0.
1134	0.397	-2.5e-002	0.	0.
1135	0.399	-2.5e-002	0.	0.
1136	0.401	-2.5e-002	0.	0.
1137	0.403	-2.5e-002	0.	0.
1138	0.405	-2.5e-002	0.	0.
1139	0.407	-2.5e-002	0.	0.
1140	0.409	-2.5e-002	0.	0.
1141	0.411	-2.5e-002	0.	0.
1142	0.413	-2.5e-002	0.	0.
1143	0.415	-2.5e-002	0.	0.
1144	0.417	-2.5e-002	0.	0.
1145	0.419	-2.5e-002	0.	0.
1146	0.421	-2.5e-002	0.	0.
1147	0.423	-2.5e-002	0.	0.
1155	-0.425	2.5e-002	0.	0.
1193	-0.425	2.3e-002	0.	0.
1194	-0.425	2.1e-002	0.	0.
1195	-0.425	1.9e-002	0.	0.
1196	-0.425	1.7e-002	0.	0.
1197	-0.425	1.5e-002	0.	0.
1198	-0.425	1.3e-002	0.	0.
1199	-0.425	1.1e-002	0.	0.
1200	-0.425	9.e-003	0.	0.
1201	-0.425	7.e-003	0.	0.
1202	-0.425	5.e-003	0.	0.
1203	-0.425	3.e-003	0.	0.
1204	-0.425	1.e-003	0.	0.
1205	-0.425	-1.e-003	0.	0.
1206	-0.425	-3.e-003	0.	0.
1207	-0.425	-5.e-003	0.	0.
1208	-0.425	-7.e-003	0.	0.
1209	-0.425	-9.e-003	0.	0.
1210	-0.425	-1.1e-002	0.	0.
1211	-0.425	-1.3e-002	0.	0.
1212	-0.425	-1.5e-002	0.	0.
1213	-0.425	-1.7e-002	0.	0.
1214	-0.425	-1.9e-002	0.	0.
1215	-0.425	-2.1e-002	0.	0.
1216	-0.425	-2.3e-002	0.	0.
1217	0.423	2.5e-002	0.	0.
1218	0.421	2.5e-002	0.	0.
1219	0.419	2.5e-002	0.	0.
1220	0.417	2.5e-002	0.	0.
1221	0.415	2.5e-002	0.	0.
1222	0.413	2.5e-002	0.	0.
1223	0.411	2.5e-002	0.	0.
1224	0.409	2.5e-002	0.	0.
1225	0.407	2.5e-002	0.	0.
1226	0.405	2.5e-002	0.	0.
1227	0.403	2.5e-002	0.	0.
1228	0.401	2.5e-002	0.	0.
1229	0.399	2.5e-002	0.	0.
1230	0.397	2.5e-002	0.	0.
1231	0.395	2.5e-002	0.	0.
1232	0.393	2.5e-002	0.	0.
1233	0.391	2.5e-002	0.	0.
1234	0.389	2.5e-002	0.	0.
1235	0.387	2.5e-002	0.	0.
1236	0.385	2.5e-002	0.	0.
1237	0.383	2.5e-002	0.	0.
1238	0.381	2.5e-002	0.	0.
1239	0.379	2.5e-002	0.	0.
1240	0.377	2.5e-002	0.	0.
1241	0.375	2.5e-002	0.	0.
1242	0.373	2.5e-002	0.	0.
1243	0.371	2.5e-002	0.	0.
1244	0.369	2.5e-002	0.	0.
1245	0.367	2.5e-002	0.	0.
1246	0.365	2.5e-002	0.	0.
1247	0.363	2.5e-002	0.	0.
1248	0.361	2.5e-002	0.	0.
1249	0.359	2.5e-002	0.	0.
1250	0.357	2.5e-002	0.	0.
1251	0.355	2.5e-002	0.	0.
1252	0.353	2.5e-002	0.	0.
1253	0.351	2.5e-002	0.	0.
1254	0.349	2.5e-002	0.	0.
1255	0.347	2.5e-002	0.	0.
1256	0.345	2.5e-002	0.	0.
1257	0.343	2.5e-002	0.	0.
1258	0.341	2.5e-002	0.	0.
1259	0.339	2.5e-002	0.	0.
1260	0.337	2.5e-002	0.	0.
1261	0.335	2.5e-002	0.	0.
1262	0.333	2.5e-002	0.	0.
1263	0.331	2.5e-002	0.	0.
1264	0.329	2.5e-002	0.	0.
1265	0.327	2.5e-002	0.	0.
1266	0.325	2.5e-002	0.	0.
1267	0.323	2.5e-002	0.	0.
1268	0.321	2.5e-002	0.	0.
1269	0.319	2.5e-002	0.	0.
1270	0.317	2.5e-002	0.	0.
1271	0.315	2.5e-002	0.	0.
1272	0.313	2.5e-002	0.	0.
1273	0.311	2.5e-002	0.	0.
1274	0.309	2.5e-002	0.	0.
1275	0.307	2.5e-002	0.	0.
1276	0.305	2.5e-002	0.	0.
1277	0.303	2.5e-002	0.	0.
1278	0.301	2.5e-002	0.	0.
1279	0.299	2.5e-002	0.	0.
1280	0.297	2.5e-002	0.	0.
1281	0.295	2.5e-002	0.	0.
1282	0.293	2.5e-002	0.	0.
1283	0.291	2.5e-002	0.	0.
1284	0.289	2.5e-002	0.	0.
1285	0.287	2.5e-002	0.	0.
1286	0.285	2.5e-002	0.	0.
1287	0.283	2.5e-002	0.	0.
1288	0.281	2.5e-002	0.	0.
1289	0.279	2.5e-002	0.	0.
1290	0.277	2.5e-002	0.	0.
1291	0.275	2.5e-002	0.	0.
1292	0.273	2.5e-002	0.	0.
1293	0.271	2.5e-002	0.	0.
1294	0.269	2.5e-002	0.	0.
1295	0.267	2.5e-002	0.	0.
1296	0.265	2.5e-002	0.	0.
1297	0.263	2.5e-002	0.	0.
1298	0.261	2.5e-002	0.	0.
1299	0.259	2.5e-002	0.	0.
1300	0.257	2.5e-002	0.	0.
1301	0.255	2.5e-002	0.	0.
1302	0.253	2.5e-002	0.	0.
1303	0.251	2.5e-002	0.	0.
1304	0.249	2.5e-002	0.	0.
1305	0.247	2.5e-002	0.	0.
1306	0.245	2.5e-002	0.	0.
1307	0.243	2.5e-002	0.	0.
1308	0.241	2.5e-002	0.	0.
1309	0.239	2.5e-002	0.	0.
1310	0.237	2.5e-002	0.	0.
1311	0.235	2.5e-002	0.	0.
1312	0.233	2.5e-002	0.	0.
1313	0.231	2.5e-002	0.	0.
1314	0.229	2.5e-002	0.	0.
1315	0.227	2.5e-002	0.	0.
1316	0.225	2.5e-002	0.	0.
1317	0.223	2.5e-002	0.	0.
1318	0.221	2.5e-002	0.	0.
1319	0.219	2.5e-002	0.	0.
1320	0.217	2.5e-002	0.	0.
1321	0.215	2.5e-002	0.	0.
1322	0.213	2.5e-002	0.	0.
1323	0.211	2.5e-002	0.	0.
1324	0.209	2.5e-002	0.	0.
1325	0.207	2.5e-002	0.	0.
1326	0.205	2.5e-002	0.	0.
1327	0.203	2.5e-002	0.	0.
1328	0.201	2.5e-002	0.	0.
1329	0.199	2.5e-002	0.	0.
1330	0.197	2.5e-002	0.	0.
1331	0.195	2.5e-002	0.	0.
1332	0.193	2.5e-002	0.	0.
1333	0.191	2.5e-002	0.	0.
1334	0.189	2.5e-002	0.	0.
1335	0.187	2.5e-002	0.	0.
1336	0.185	2.5e-002	0.	0.
1337	0.183	2.5e-002	0.	0.
1338	0.181	2.5e-002	0.	0.
1339	0.179	2.5e-002	0.	0.
1340	0.177	2.5e-002	0.	0.
1341	0.175	2.5e-002	0.	0.
1342	0.173	2.5e-002	0.	0.
1343	0.171	2.5e-002	0.	0.
1344	0.169	2.5e-002	0.	0.
1345	0.167	2.5e-002	0.	0.
1346	0.165	2.5e-002	0.	0.
1347	0.163	2.5e-002	0.	0.
1348	0.161	2.5e-002	0.	0.
1349	0.159	2.5e-002	0.	0.
1350	0.157	2.5e-002	0.	0.
1351	0.155	2.5e-002	0.	0.
1352	0.153	2.5e-002	0.	0.
1353	0.151	2.5e-002	0.	0.
1354	0.149	2.5e-002	0.	0.
1355	0.147	2.5e-002	0.	0.
1356	0.145	2.5e-002	0.	0.
1357	0.143	2.5e-002	0.	0.
1358	0.141	2.5e-002	0.	0.
1359	0.139	2.5e-002	0.	0.
1360	0.137	2.5e-002	0.	0.
1361	0.135	2.5e-002	0.	0.
1362	0.133	2.5e-002	0.	0.
1363	0.131	2.5e-002	0.	0.
1364	0.129	2.5e-002	0.	0.
1365	0.127	2.5e-002	0.	0.
1366	0.125	2.5e-002	0.	0.
1367	0.123	2.5e-002	0.	0.
1368	0.121	2.5e-002	0.	0.
1369	0.119	2.5e-002	0.	0.
1370	0.117	2.5e-002	0.	0.
1371	0.115	2.5e-002	0.	0.
1372	0.113	2.5e-002	0.	0.
1373	0.111	2.5e-002	0.	0.
1374	0.109	2.5e-002	0.	0.
1375	0.107	2.5e-002	0.	0.
1376	0.105	2.5e-002	0.	0.
1377	0.103	2.5e-002	0.	0.
1378	0.101	2.5e-002	0.	0.
1379	9.9e-002	2.5e-002	0.	0.
1380	9.7e-002	2.5e-002	0.	0.
1381	9.5e-002	2.5e-002	0.	0.
1382	9.3e-002	2.5e-002	0.	0.
1383	9.1e-002	2.5e-002	0.	0.
1384	8.9e-002	2.5e-002	0.	0.
1385	8.7e-002	2.5e-002	0.	0.
1386	8.5e-002	2.5e-002	0.	0.
1387	8.3e-002	2.5e-002	0.	0.
1388	8.1e-002	2.5e-002	0.	0.
1389	7.9e-002	2.5e-002	0.	0.
1390	7.7e-002	2.5e-002	0.	0.
1391	7.5e-002	2.5e-002	0.	0.
1392	7.3e-002	2.5e-002	0.	0.
1393	7.1e-002	2.5e-002	0.	0.
1394	6.9e-002	2.5e-002	0.	0.
1395	6.7e-002	2.5e-002	0.	0.
1396	6.5e-002	2.5e-002	0.	0.
1397	6.3e-002	2.5e-002	0.	0.
1398	6.1e-002	2.5e-002	0.	0.
1399	5.9e-002	2.5e-002	0.	0.
1400	5.7e-002	2.5e-002	0.	0.
1401	5.5e-002	2.5e-002	0.	0.
1402	5.3e-002	2.5e-002	0.	0.
1403	5.1e-002	2.5e-002	0.	0.
1404	4.9e-002	2.5e-002	0.	0.
1405	4.7e-002	2.5e-002	0.	0.
1406	4.5e-002	2.5e-002	0.	0.
1407	4.3e-002	2.5e-002	0.	0.
1408	4.1e-002	2.5e-002	0.	0.
1409	3.9e-002	2.5e-002	0.	0.
1410	3.7e-002	2.5e-002	0.	0.
1411	3.5e-002	2.5e-002	0.	0.
1412	3.3e-002	2.5e-002	0.	0.
1413	3.1e-002	2.5e-002	0.	0.
1414	2.9e-002	2.5e-002	0.	0.
1415	2.7e-002	2.5e-002	0.	0.
1416	2.5e-002	2.5e-002	0.	0.
1417	2.3e-002	2.5e-002	0.	0.
1418	2.1e-002	2.5e-002	0.	0.
1419	1.9e-002	2.5e-002	0.	0.
1420	1.7e-002	2.5e-002	0.	0.
1421	1.5e-002	2.5e-002	0.	0.
1422	1.3e-002	2.5e-002	0.	0.
1423	1.1e-002	2.5e-002	0.	0.
1424	9.e-003	2.5e-002	0.	0.
1425	7.e-003	2.5e-002	0.	0.
1426	5.e-003	2.5e-002	0.	0.
1427	3.e-003	2.5e-002	0.	0.
1428	1.e-003	2.5e-002	0.	0.
1429	-1.e-003	2.5e-002	0.	0.
1430	-3.e-003	2.5e-002	0.	0.
1431	-5.e-003	2.5e-002	0.	0.
1432	-7.e-003	2.5e-002	0.	0.
1433	-9.e-003	2.5e-002	0.	0.
1434	-1.1e-002	2.5e-002	0.	0.
1435	-1.3e-002	2.5e-002	0.	0.
1436	-1.5e-002	2.5e-002	0.	0.
1437	-1.7e-002	2.5e-002	0.	0.
1438	-1.9e-002	2.5e-002	0.	0.
1439	-2.1e-002	2.5e-002	0.	0.
1440	-2.3e-002	2.5e-002	0.	0.
1441	-2.5e-002	2.5e-002	0.	0.
1442	-2.7e-002	2.5e-002	0.	0.
1443	-2.9e-002	2.5e-002	0.	0.
1444	-3.1e-002	2.5e-002	0.	0.
1445	-3.3e-002	2.5e-002	0.	0.
1446	-3.5e-002	2.5e-002	0.	0.
1447	-3.7e-002	2.5e-002	0.	0.
1448	-3.9e-002	2.5e-002	0.	0.
1449	-4.1e-002	2.5e-002	0.	0.
1450	-4.3e-002	2.5e-002	0.	0.
1451	-4.5e-002	2.5e-002	0.	0.
1452	-4.7e-002	2.5e-002	0.	0.
1453	-4.9e-002	2.5e-002	0.	0.
1454	-5.1e-002	2.5e-002	0.	0.
1455	-5.3e-002	2.5e-002	0.	0.
1456	-5.5e-002	2.5e-002	0.	0.
1457	-5.7e-002	2.5e-002	0.	0.
1458	-5.9e-002	2.5e-002	0.	0.
1459	-6.1e-002	2.5e-002	0.	0.
1460	-6.3e-002	2.5e-002	0.	0.
1461	-6.5e-002	2.5e-002	0.	0.
1462	-6.7e-002	2.5e-002	0.	0.
1463	-6.9e-002	2.5e-002	0.	0.
1464	-7.1e-002	2.5e-002	0.	0.
1465	-7.3e-002	2.5e-002	0.	0.
1466	-7.5e-002	2.5e-002	0.	0.
1467	-7.7e-002	2.5e-002	0.	0.
1468	-7.9e-002	2.5e-002	0.	0.
1469	-8.1e-002	2.5e-002	0.	0.
1470	-8.3e-002	2.5e-002	0.	0.
1471	-8.5e-002	2.5e-002	0.	0.
1472	-8.7e-002	2.5e-002	0.	0.
1473	-8.9e-002	2.5e-002	0.	0.
1474	-9.1e-002	2.5e-002	0.	0.
1475	-9.3e-002	2.5e-002	0.	0.
1476	-9.5e-002	2.5e-002	0.	0.
1477	-9.7e-002	2.5e-002	0.	0.
1478	-9.9e-002	2.5e-002	0.	0.
1479	-0.101	2.5e-002	0.	0.
1480	-0.103	2.5e-002	0.	0.
1481	-0.105	2.5e-002	0.	0.
1482	-0.107	2.5e-002	0.	0.
1483	-0.109	2.5e-002	0.	0.
1484	-0.111	2.5e-002	0.	0.
1485	-0.113	2.5e-002	0.	0.
1486	-0.115	2.5e-002	0.	0.
1487	-0.117	2.5e-002	0.	0.
1488	-0.119	2.5e-002	0.	0.
1489	-0.121	2.5e-002	0.	0.
1490	-0.123	2.5e-002	0.	0.
1491	-0.125	2.5e-002	0.	0.
1492	-0.127	2.5e-002	0.	0.
1493	-0.129	2.5e-002	0.	0.
1494	-0.131	2.5e-002	0.	0.
1495	-0.133	2.5e-002	0.	0.
1496	-0.135	2.5e-002	0.	0.
1497	-0.137	2.5e-002	0.	0.
1498	-0.139	2.5e-002	0.	0.
1499	-0.141	2.5e-002	0.	0.
1500	-0.143	2.5e-002	0.	0.
1501	-0.145	2.5e-002	0.	0.
1502	-0.147	2.5e-002	0.	0.
1503	-0.149	2.5e-002	0.	0.
1504	-0.151	2.5e-002	0.	0.
1505	-0.153	2.5e-002	0.	0.
1506	-0.155	2.5e-002	0.	0.
1507	-0.157	2.5e-002	0.	0.
1508	-0.159	2.5e-002	0.	0.
1509	-0.161	2.5e-002	0.	0.
1510	-0.163	2.5e-002	0.	0.
1511	-0.165	2.5e-002	0.	0.
1512	-0.167	2.5e-002	0.	0.
1513	-0.169	2.5e-002	0.	0.
1514	-0.171	2.5e-002	0.	0.
1515	-0.173	2.5e-002	0.	0.
1516	-0.175	2.5e-002	0.	0.
1517	-0.177	2.5e-002	0.	0.
1518	-0.179	2.5e-002	0.	0.
1519	-0.181	2.5e-002	0.	0.
1520	-0.183	2.5e-002	0.	0.
1521	-0.185	2.5e-002	0.	0.
1522	-0.187	2.5e-002	0.	0.
1523	-0.189	2.5e-002	0.	0.
1524	-0.191	2.5e-002	0.	0.
1525	-0.193	2.5e-002	0.	0.
1526	-0.195	2.5e-002	0.	0.
1527	-0.197	2.5e-002	0.	0.
1528	-0.199	2.5e-002	0.	0.
1529	-0.201	2.5e-002	0.	0.
1530	-0.203	2.5e-002	0.	0.
1531	-0.205	2.5e-002	0.	0.
1532	-0.207	2.5e-002	0.	0.
1533	-0.209	2.5e-002	0.	0.
1534	-0.211	2.5e-002	0.	0.
1535	-0.213	2.5e-002	0.	0.
1536	-0.215	2.5e-002	0.	0.
1537	-0.217	2.5e-002	0.	0.
1538	-0.219	2.5e-002	0.	0.
1539	-0.221	2.5e-002	0.	0.
1540	-0.223	2.5e-002	0.	0.
1541	-0.225	2.5e-002	0.	0.
1542	-0.227	2.5e-002	0.	0.
1543	-0.229	2.5e-002	0.	0.
1544	-0.231	2.5e-002	0.	0.
1545	-0.233	2.5e-002	0.	0.
1546	-0.235	2.5e-002	0.	0.
1547	-0.237	2.5e-002	0.	0.
1548	-0.239	2.5e-002	0.	0.
1549	-0.241	2.5e-002	0.	0.
1550	-0.243	2.5e-002	0.	0.
1551	-0.245	2.5e-002	0.	0.
1552	-0.247	2.5e-002	0.	0.
1553	-0.249	2.5e-002	0.	0.
1554	-0.251	2.5e-002	0.	0.
1555	-0.253	2.5e-002	0.	0.
1556	-0.255	2.5e-002	0.	0.
1557	-0.257	2.5e-002	0.	0.
1558	-0.259	2.5e-002	0.	0.
1559	-0.261	2.5e-002	0.	0.
1560	-0.263	2.5e-002	0.	0.
1561	-0.265	2.5e-002	0.	0.
1562	-0.267	2.5e-002	0.	0.
1563	-0.269	2.5e-002	0.	0.
1564	-0.271	2.5e-002	0.	0.
1565	-0.273	2.5e-002	0.	0.
1566	-0.275	2.5e-002	0.	0.
1567	-0.277	2.5e-002	0.	0.
1568	-0.279	2.5e-002	0.	0.
1569	-0.281	2.5e-002	0.	0.
1570	-0.283	2.5e-002	0.	0.
1571	-0.285	2.5e-002	0.	0.
1572	-0.287	2.5e-002	0.	0.
1573	-0.289	2.5e-002	0.	0.
1574	-0.291	2.5e-002	0.	0.
1575	-0.293	2.5e-002	0.	0.
1576	-0.295	2.5e-002	0.	0.
1577	-0.297	2.5e-002	0.	0.
1578	-0.299	2.5e-002	0.	0.
1579	-0.301	2.5e-002	0.	0.
1580	-0.303	2.5e-002	0.	0.
1581	-0.305	2.5e-002	0.	0.
1582	-0.307	2.5e-002	0.	0.
1583	-0.309	2.5e-002	0.	0.
1584	-0.311	2.5e-002	0.	0.
1585	-0.313	2.5e-002	0.	0.
1586	-0.315	2.5e-002	0.	0.
1587	-0.317	2.5e-002	0.	0.
1588	-0.319	2.5e-002	0.	0.
1589	-0.321	2.5e-002	0.	0.
1590	-0.323	2.5e-002	0.	0.
1591	-0.325	2.5e-002	0.	0.
1592	-0.327	2.5e-002	0.	0.
1593	-0.329	2.5e-002	0.	0.
1594	-0.331	2.5e-002	0.	0.
1595	-0.333	2.5e-002	0.	0.
1596	-0.335	2.5e-002	0.	0.
1597	-0.337	2.5e-002	0.	0.
1598	-0.339	2.5e-002	0.	0.
1599	-0.341	2.5e-002	0.	0.
1600	-0.343	2.5e-002	0.	0.
1601	-0.345	2.5e-002	0.	0.
1602	-0.347	2.5e-002	0.	0.
1603	-0.349	2.5e-002	0.	0.
1604	-0.351	2.5e-002	0.	0.
1605	-0.353	2.5e-002	0.	0.
1606	-0.355	2.5e-002	0.	0.
1607	-0.357	2.5e-002	0.	0.
1608	-0.359	2.5e-002	0.	0.
1609	-0.361	2.5e-002	0.	0.
1610	-0.363	2.5e-002	0.	0.
1611	-0.365	2.5e-002	0.	0.
1612	-0.367	2.5e-002	0.	0.
1613	-0.369	2.5e-002	0.	0.
1614	-0.371	2.5e-002	0.	0.
1615	-0.373	2.5e-002	0.	0.
1616	-0.375	2.5e-002	0.	0.
1617	-0.377	2.5e-002	0.	0.
1618	-0.379	2.5e-002	0.	0.
1619	-0.381	2.5e-002	0.	0.
1620	-0.383	2.5e-002	0.	0.
1621	-0.385	2.5e-002	0.	0.
1622	-0.387	2.5e-002	0.	0.
1623	-0.389	2.5e-002	0.	0.
1624	-0.391	2.5e-002	0.	0.
1625	-0.393	2.5e-002	0.	0.
1626	-0.395	2.5e-002	0.	0.
1627	-0.397	2.5e-002	0.	0.
1628	-0.399	2.5e-002	0.	0.
1629	-0.401	2.5e-002	0.	0.
1630	-0.403	2.5e-002	0.	0.
1631	-0.405	2.5e-002	0.	0.
1632	-0.407	2.5e-002	0.	0.
1633	-0.409	2.5e-002	0.	0.
1634	-0.411	2.5e-002	0.	0.
1635	-0.413	2.5e-002	0.	0.
1636	-0.415	2.5e-002	0.	0.
1637	-0.417	2.5e-002	0.	0.
1638	-0.419	2.5e-002	0.	0.
1639	-0.421	2.5e-002	0.	0.
1640	-0.423	2.5e-002	0.	0.
1641	-0.3	-2.1e-002	0.	0.
1642	-0.3	2.1e-002	0.	0.
1643	-0.3	-1.9e-002	0.	0.
1644	-0.3	-1.7e-002	0.	0.
1645	-0.3	-1.5e-002	0.	0.
1646	-0.3	-1.3e-002	0.	0.
1647	-0.3	-1.1e-002	0.	0.
1648	-0.3	-9.e-003	0.	0.
1649	-0.3	-7.e-003	0.	0.
1650	-0.3	-5.e-003	0.	0.
1651	-0.3	-3.e-003	0.	0.
1652	-0.3	-1.e-003	0.	0.
1653	-0.3	1.e-003	0.	0.
1654	-0.3	3.e-003	0.	0.
1655	-0.3	5.e-003	0.	0.
1656	-0.3	7.e-003	0.	0.
1657	-0.3	9.e-003	0.	0.
1658	-0.3	1.1e-002	0.	0.
1659	-0.3	1.3e-002	0.	0.
1660	-0.3	1.5e-002	0.	0.
1661	-0.3	1.7e-002	0.	0.
1662	-0.3	1.9e-002	0.	0.
1663	0.3	2.1e-002	0.	0.
1664	-0.298	2.1e-002	0.	0.
1665	-0.296	2.1e-002	0.	0.
1666	-0.294	2.1e-002	0.	0.
1667	-0.292	2.1e-002	0.	0.
1668	-0.29	2.1e-002	0.	0.
1669	-0.288	2.1e-002	0.	0.
1670	-0.286	2.1e-002	0.	0.
1671	-0.284	2.1e-002	0.	0.
1672	-0.282	2.1e-002	0.	0.
1673	-0.28	2.1e-002	0.	0.
1674	-0.278	2.1e-002	0.	0.
1675	-0.276	2.1e-002	0.	0.
1676	-0.274	2.1e-002	0.	0.
1677	-0.272	2.1e-002	0.	0.
1678	-0.27	2.1e-002	0.	0.
1679	-0.268	2.1e-002	0.	0.
1680	-0.266	2.1e-002	0.	0.
1681	-0.264	2.1e-002	0.	0.
1682	-0.262	2.1e-002	0.	0.
1683	-0.26	2.1e-002	0.	0.
1684	-0.258	2.1e-002	0.	0.
1685	-0.256	2.1e-002	0.	0.
1686	-0.254	2.1e-002	0.	0.
1687	-0.252	2.1e-002	0.	0.
1688	-0.25	2.1e-002	0.	0.
1689	-0.248	2.1e-002	0.	0.
1690	-0.246	2.1e-002	0.	0.
1691	-0.244	2.1e-002	0.	0.
1692	-0.242	2.1e-002	0.	0.
1693	-0.24	2.1e-002	0.	0.
1694	-0.238	2.1e-002	0.	0.
1695	-0.236	2.1e-002	0.	0.
1696	-0.234	2.1e-002	0.	0.
1697	-0.232	2.1e-002	0.	0.
1698	-0.23	2.1e-002	0.	0.
1699	-0.228	2.1e-002	0.	0.
1700	-0.226	2.1e-002	0.	0.
1701	-0.224	2.1e-002	0.	0.
1702	-0.222	2.1e-002	0.	0.
1703	-0.22	2.1e-002	0.	0.
1704	-0.218	2.1e-002	0.	0.
1705	-0.216	2.1e-002	0.	0.
1706	-0.214	2.1e-002	0.	0.
1707	-0.212	2.1e-002	0.	0.
1708	-0.21	2.1e-002	0.	0.
1709	-0.208	2.1e-002	0.	0.
1710	-0.206	2.1e-002	0.	0.
1711	-0.204	2.1e-002	0.	0.
1712	-0.202	2.1e-002	0.	0.
1713	-0.2	2.1e-002	0.	0.
1714	-0.198	2.1e-002	0.	0.
1715	-0.196	2.1e-002	0.	0.
1716	-0.194	2.1e-002	0.	0.
1717	-0.192	2.1e-002	0.	0.
1718	-0.19	2.1e-002	0.	0.
1719	-0.188	2.1e-002	0.	0.
1720	-0.186	2.1e-002	0.	0.
1721	-0.184	2.1e-002	0.	0.
1722	-0.182	2.1e-002	0.	0.
1723	-0.18	2.1e-002	0.	0.
1724	-0.178	2.1e-002	0.	0.
1725	-0.176	2.1e-002	0.	0.
1726	-0.174	2.1e-002	0.	0.
1727	-0.172	2.1e-002	0.	0.
1728	-0.17	2.1e-002	0.	0.
1729	-0.168	2.1e-002	0.	0.
1730	-0.166	2.1e-002	0.	0.
1731	-0.164	2.1e-002	0.	0.
1732	-0.162	2.1e-002	0.	0.
1733	-0.16	2.1e-002	0.	0.
1734	-0.158	2.1e-002	0.	0.
1735	-0.156	2.1e-002	0.	0.
1736	-0.154	2.1e-002	0.	0.
1737	-0.152	2.1e-002	0.	0.
1738	-0.15	2.1e-002	0.	0.
1739	-0.148	2.1e-002	0.	0.
1740	-0.146	2.1e-002	0.	0.
1741	-0.144	2.1e-002	0.	0.
1742	-0.142	2.1e-002	0.	0.
1743	-0.14	2.1e-002	0.	0.
1744	-0.138	2.1e-002	0.	0.
1745	-0.136	2.1e-002	0.	0.
1746	-0.134	2.1e-002	0.	0.
1747	-0.132	2.1e-002	0.	0.
1748	-0.13	2.1e-002	0.	0.
1749	-0.128	2.1e-002	0.	0.
1750	-0.126	2.1e-002	0.	0.
1751	-0.124	2.1e-002	0.	0.
1752	-0.122	2.1e-002	0.	0.
1753	-0.12	2.1e-002	0.	0.
1754	-0.118	2.1e-002	0.	0.
1755	-0.116	2.1e-002	0.	0.
1756	-0.114	2.1e-002	0.	0.
1757	-0.112	2.1e-002	0.	0.
1758	-0.11	2.1e-002	0.	0.
1759	-0.108	2.1e-002	0.	0.
1760	-0.106	2.1e-002	0.	0.
1761	-0.104	2.1e-002	0.	0.
1762	-0.102	2.1e-002	0.	0.
1763	-0.1	2.1e-002	0.	0.
1764	-9.8e-002	2.1e-002	0.	0.
1765	-9.6e-002	2.1e-002	0.	0.
1766	-9.4e-002	2.1e-002	0.	0.
1767	-9.2e-002	2.1e-002	0.	0.
1768	-9.e-002	2.1e-002	0.	0.
1769	-8.8e-002	2.1e-002	0.	0.
1770	-8.6e-002	2.1e-002	0.	0.
1771	-8.4e-002	2.1e-002	0.	0.
1772	-8.2e-002	2.1e-002	0.	0.
1773	-8.e-002	2.1e-002	0.	0.
1774	-7.8e-002	2.1e-002	0.	0.
1775	-7.6e-002	2.1e-002	0.	0.
1776	-7.4e-002	2.1e-002	0.	0.
1777	-7.2e-002	2.1e-002	0.	0.
1778	-7.e-002	2.1e-002	0.	0.
1779	-6.8e-002	2.1e-002	0.	0.
1780	-6.6e-002	2.1e-002	0.	0.
1781	-6.4e-002	2.1e-002	0.	0.
1782	-6.2e-002	2.1e-002	0.	0.
1783	-6.e-002	2.1e-002	0.	0.
1784	-5.8e-002	2.1e-002	0.	0.
1785	-5.6e-002	2.1e-002	0.	0.
1786	-5.4e-002	2.1e-002	0.	0.
1787	-5.2e-002	2.1e-002	0.	0.
1788	-5.e-002	2.1e-002	0.	0.
1789	-4.8e-002	2.1e-002	0.	0.
1790	-4.6e-002	2.1e-002	0.	0.
1791	-4.4e-002	2.1e-002	0.	0.
1792	-4.2e-002	2.1e-002	0.	0.
1793	-4.e-002	2.1e-002	0.	0.
1794	-3.8e-002	2.1e-002	0.	0.
1795	-3.6e-002	2.1e-002	0.	0.
1796	-3.4e-002	2.1e-002	0.	0.
1797	-3.2e-002	2.1e-002	0.	0.
1798	-3.e-002	2.1e-002	0.	0.
1799	-2.8e-002	2.1e-002	0.	0.
1800	-2.6e-002	2.1e-002	0.	0.
1801	-2.4e-002	2.1e-002	0.	0.
1802	-2.2e-002	2.1e-002	0.	0.
1803	-2.e-002	2.1e-002	0.	0.
1804	-1.8e-002	2.1e-002	0.	0.
1805	-1.6e-002	2.1e-002	0.	0.
1806	-1.4e-002	2.1e-002	0.	0.
1807	-1.2e-002	2.1e-002	0.	0.
1808	-1.e-002	2.1e-002	0.	0.
1809	-8.e-003	2.1e-002	0.	0.
1810	-6.e-003	2.1e-002	0.	0.
1811	-4.e-003	2.1e-002	0.	0.
1812	-2.e-003	2.1e-002	0.	0.
1813	2.6368e-016	2.1e-002	0.	0.
1814	2.e-003	2.1e-002	0.	0.
1815	4.e-003	2.1e-002	0.	0.
1816	6.e-003	2.1e-002	0.	0.
1817	8.e-003	2.1e-002	0.	0.
1818	1.e-002	2.1e-002	0.	0.
1819	1.2e-002	2.1e-002	0.	0.
1820	1.4e-002	2.1e-002	0.	0.
1821	1.6e-002	2.1e-002	0.	0.
1822	1.8e-002	2.1e-002	0.	0.
1823	2.e-002	2.1e-002	0.	0.
1824	2.2e-002	2.1e-002	0.	0.
1825	2.4e-002	2.1e-002	0.	0.
1826	2.6e-002	2.1e-002	0.	0.
1827	2.8e-002	2.1e-002	0.	0.
1828	3.e-002	2.1e-002	0.	0.
1829	3.2e-002	2.1e-002	0.	0.
1830	3.4e-002	2.1e-002	0.	0.
1831	3.6e-002	2.1e-002	0.	0.
1832	3.8e-002	2.1e-002	0.	0.
1833	4.e-002	2.1e-002	0.	0.
1834	4.2e-002	2.1e-002	0.	0.
1835	4.4e-002	2.1e-002	0.	0.
1836	4.6e-002	2.1e-002	0.	0.
1837	4.8e-002	2.1e-002	0.	0.
1838	5.e-002	2.1e-002	0.	0.
1839	5.2e-002	2.1e-002	0.	0.
1840	5.4e-002	2.1e-002	0.	0.
1841	5.6e-002	2.1e-002	0.	0.
1842	5.8e-002	2.1e-002	0.	0.
1843	6.e-002	2.1e-002	0.	0.
1844	6.2e-002	2.1e-002	0.	0.
1845	6.4e-002	2.1e-002	0.	0.
1846	6.6e-002	2.1e-002	0.	0.
1847	6.8e-002	2.1e-002	0.	0.
1848	7.e-002	2.1e-002	0.	0.
1849	7.2e-002	2.1e-002	0.	0.
1850	7.4e-002	2.1e-002	0.	0.
1851	7.6e-002	2.1e-002	0.	0.
1852	7.8e-002	2.1e-002	0.	0.
1853	8.e-002	2.1e-002	0.	0.
1854	8.2e-002	2.1e-002	0.	0.
1855	8.4e-002	2.1e-002	0.	0.
1856	8.6e-002	2.1e-002	0.	0.
1857	8.8e-002	2.1e-002	0.	0.
1858	9.e-002	2.1e-002	0.	0.
1859	9.2e-002	2.1e-002	0.	0.
1860	9.4e-002	2.1e-002	0.	0.
1861	9.6e-002	2.1e-002	0.	0.
1862	9.8e-002	2.1e-002	0.	0.
1863	0.1	2.1e-002	0.	0.
1864	0.102	2.1e-002	0.	0.
1865	0.104	2.1e-002	0.	0.
1866	0.106	2.1e-002	0.	0.
1867	0.108	2.1e-002	0.	0.
1868	0.11	2.1e-002	0.	0.
1869	0.112	2.1e-002	0.	0.
1870	0.114	2.1e-002	0.	0.
1871	0.116	2.1e-002	0.	0.
1872	0.118	2.1e-002	0.	0.
1873	0.12	2.1e-002	0.	0.
1874	0.122	2.1e-002	0.	0.
1875	0.124	2.1e-002	0.	0.
1876	0.126	2.1e-002	0.	0.
1877	0.128	2.1e-002	0.	0.
1878	0.13	2.1e-002	0.	0.
1879	0.132	2.1e-002	0.	0.
1880	0.134	2.1e-002	0.	0.
1881	0.136	2.1e-002	0.	0.
1882	0.138	2.1e-002	0.	0.
1883	0.14	2.1e-002	0.	0.
1884	0.142	2.1e-002	0.	0.
1885	0.144	2.1e-002	0.	0.
1886	0.146	2.1e-002	0.	0.
1887	0.148	2.1e-002	0.	0.
1888	0.15	2.1e-002	0.	0.
1889	0.152	2.1e-002	0.	0.
1890	0.154	2.1e-002	0.	0.
1891	0.156	2.1e-002	0.	0.
1892	0.158	2.1e-002	0.	0.
1893	0.16	2.1e-002	0.	0.
1894	0.162	2.1e-002	0.	0.
1895	0.164	2.1e-002	0.	0.
1896	0.166	2.1e-002	0.	0.
1897	0.168	2.1e-002	0.	0.
1898	0.17	2.1e-002	0.	0.
1899	0.172	2.1e-002	0.	0.
1900	0.174	2.1e-002	0.	0.
1901	0.176	2.1e-002	0.	0.
1902	0.178	2.1e-002	0.	0.
1903	0.18	2.1e-002	0.	0.
1904	0.182	2.1e-002	0.	0.
1905	0.184	2.1e-002	0.	0.
1906	0.186	2.1e-002	0.	0.
1907	0.188	2.1e-002	0.	0.
1908	0.19	2.1e-002	0.	0.
1909	0.192	2.1e-002	0.	0.
1910	0.194	2.1e-002	0.	0.
1911	0.196	2.1e-002	0.	0.
1912	0.198	2.1e-002	0.	0.
1913	0.2	2.1e-002	0.	0.
1914	0.202	2.1e-002	0.	0.
1915	0.204	2.1e-002	0.	0.
1916	0.206	2.1e-002	0.	0.
1917	0.208	2.1e-002	0.	0.
1918	0.21	2.1e-002	0.	0.
1919	0.212	2.1e-002	0.	0.
1920	0.214	2.1e-002	0.	0.
1921	0.216	2.1e-002	0.	0.
1922	0.218	2.1e-002	0.	0.
1923	0.22	2.1e-002	0.	0.
1924	0.222	2.1e-002	0.	0.
1925	0.224	2.1e-002	0.	0.
1926	0.226	2.1e-002	0.	0.
1927	0.228	2.1e-002	0.	0.
1928	0.23	2.1e-002	0.	0.
1929	0.232	2.1e-002	0.	0.
1930	0.234	2.1e-002	0.	0.
1931	0.236	2.1e-002	0.	0.
1932	0.238	2.1e-002	0.	0.
1933	0.24	2.1e-002	0.	0.
1934	0.242	2.1e-002	0.	0.
1935	0.244	2.1e-002	0.	0.
1936	0.246	2.1e-002	0.	0.
1937	0.248	2.1e-002	0.	0.
1938	0.25	2.1e-002	0.	0.
1939	0.252	2.1e-002	0.	0.
1940	0.254	2.1e-002	0.	0.
1941	0.256	2.1e-002	0.	0.
1942	0.258	2.1e-002	0.	0.
1943	0.26	2.1e-002	0.	0.
1944	0.262	2.1e-002	0.	0.
1945	0.264	2.1e-002	0.	0.
1946	0.266	2.1e-002	0.	0.
1947	0.268	2.1e-002	0.	0.
1948	0.27	2.1e-002	0.	0.
1949	0.272	2.1e-002	0.	0.
1950	0.274	2.1e-002	0.	0.
1951	0.276	2.1e-002	0.	0.
1952	0.278	2.1e-002	0.	0.
1953	0.28	2.1e-002	0.	0.
1954	0.282	2.1e-002	0.	0.
1955	0.284	2.1e-002	0.	0.
1956	0.286	2.1e-002	0.	0.
1957	0.288	2.1e-002	0.	0.
1958	0.29	2.1e-002	0.	0.
1959	0.292	2.1e-002	0.	0.
1960	0.294	2.1e-002	0.	0.
1961	0.296	2.1e-002	0.	0.
1962	0.298	2.1e-002	0.	0.
1963	0.3	-2.1e-002	0.	0.
1964	0.3	1.9e-002	0.	0.
1965	0.3	1.7e-002	0.	0.
1966	0.3	1.5e-002	0.	0.
1967	0.3	1.3e-002	0.	0.
1968	0.3	1.1e-002	0.	0.
1969	0.3	9.e-003	0.	0.
1970	0.3	7.e-003	0.	0.
1971	0.3	5.e-003	0.	0.
1972	0.3	3.e-003	0.	0.
1973	0.3	1.e-003	0.	0.
1974	0.3	-1.e-003	0.	0.
1975	0.3	-3.e-003	0.	0.
1976	0.3	-5.e-003	0.	0.
1977	0.3	-7.e-003	0.	0.
1978	0.3	-9.e-003	0.	0.
1979	0.3	-1.1e-002	0.	0.
1980	0.3	-1.3e-002	0.	0.
1981	0.3	-1.5e-002	0.	0.
1982	0.3	-1.7e-002	0.	0.
1983	0.3	-1.9e-002	0.	0.
1984	0.298	-2.1e-002	0.	0.
1985	0.296	-2.1e-002	0.	0.
1986	0.294	-2.1e-002	0.	0.
1987	0.292	-2.1e-002	0.	0.
1988	0.29	-2.1e-002	0.	0.
1989	0.288	-2.1e-002	0.	0.
1990	0.286	-2.1e-002	0.	0.
1991	0.284	-2.1e-002	0.	0.
1992	0.282	-2.1e-002	0.	0.
1993	0.28	-2.1e-002	0.	0.
1994	0.278	-2.1e-002	0.	0.
1995	0.276	-2.1e-002	0.	0.
1996	0.274	-2.1e-002	0.	0.
1997	0.272	-2.1e-002	0.	0.
1998	0.27	-2.1e-002	0.	0.
1999	0.268	-2.1e-002	0.	0.
2000	0.266	-2.1e-002	0.	0.
2001	0.264	-2.1e-002	0.	0.
2002	0.262	-2.1e-002	0.	0.
2003	0.26	-2.1e-002	0.	0.
2004	0.258	-2.1e-002	0.	0.
2005	0.256	-2.1e-002	0.	0.
2006	0.254	-2.1e-002	0.	0.
2007	0.252	-2.1e-002	0.	0.
2008	0.25	-2.1e-002	0.	0.
2009	0.248	-2.1e-002	0.	0.
2010	0.246	-2.1e-002	0.	0.
2011	0.244	-2.1e-002	0.	0.
2012	0.242	-2.1e-002	0.	0.
2013	0.24	-2.1e-002	0.	0.
2014	0.238	-2.1e-002	0.	0.
2015	0.236	-2.1e-002	0.	0.
2016	0.234	-2.1e-002	0.	0.
2017	0.232	-2.1e-002	0.	0.
2018	0.23	-2.1e-002	0.	0.
2019	0.228	-2.1e-002	0.	0.
2020	0.226	-2.1e-002	0.	0.
2021	0.224	-2.1e-002	0.	0.
2022	0.222	-2.1e-002	0.	0.
2023	0.22	-2.1e-002	0.	0.
2024	0.218	-2.1e-002	0.	0.
2025	0.216	-2.1e-002	0.	0.
2026	0.214	-2.1e-002	0.	0.
2027	0.212	-2.1e-002	0.	0.
2028	0.21	-2.1e-002	0.	0.
2029	0.208	-2.1e-002	0.	0.
2030	0.206	-2.1e-002	0.	0.
2031	0.204	-2.1e-002	0.	0.
2032	0.202	-2.1e-002	0.	0.
2033	0.2	-2.1e-002	0.	0.
2034	0.198	-2.1e-002	0.	0.
2035	0.196	-2.1e-002	0.	0.
2036	0.194	-2.1e-002	0.	0.
2037	0.192	-2.1e-002	0.	0.
2038	0.19	-2.1e-002	0.	0.
2039	0.188	-2.1e-002	0.	0.
2040	0.186	-2.1e-002	0.	0.
2041	0.184	-2.1e-002	0.	0.
2042	0.182	-2.1e-002	0.	0.
2043	0.18	-2.1e-002	0.	0.
2044	0.178	-2.1e-002	0.	0.
2045	0.176	-2.1e-002	0.	0.
2046	0.174	-2.1e-002	0.	0.
2047	0.172	-2.1e-002	0.	0.
2048	0.17	-2.1e-002	0.	0.
2049	0.168	-2.1e-002	0.	0.
2050	0.166	-2.1e-002	0.	0.
2051	0.164	-2.1e-002	0.	0.
2052	0.162	-2.1e-002	0.	0.
2053	0.16	-2.1e-002	0.	0.
2054	0.158	-2.1e-002	0.	0.
2055	0.156	-2.1e-002	0.	0.
2056	0.154	-2.1e-002	0.	0.
2057	0.152	-2.1e-002	0.	0.
2058	0.15	-2.1e-002	0.	0.
2059	0.148	-2.1e-002	0.	0.
2060	0.146	-2.1e-002	0.	0.
2061	0.144	-2.1e-002	0.	0.
2062	0.142	-2.1e-002	0.	0.
2063	0.14	-2.1e-002	0.	0.
2064	0.138	-2.1e-002	0.	0.
2065	0.136	-2.1e-002	0.	0.
2066	0.134	-2.1e-002	0.	0.
2067	0.132	-2.1e-002	0.	0.
2068	0.13	-2.1e-002	0.	0.
2069	0.128	-2.1e-002	0.	0.
2070	0.126	-2.1e-002	0.	0.
2071	0.124	-2.1e-002	0.	0.
2072	0.122	-2.1e-002	0.	0.
2073	0.12	-2.1e-002	0.	0.
2074	0.118	-2.1e-002	0.	0.
2075	0.116	-2.1e-002	0.	0.
2076	0.114	-2.1e-002	0.	0.
2077	0.112	-2.1e-002	0.	0.
2078	0.11	-2.1e-002	0.	0.
2079	0.108	-2.1e-002	0.	0.
2080	0.106	-2.1e-002	0.	0.
2081	0.104	-2.1e-002	0.	0.
2082	0.102	-2.1e-002	0.	0.
2083	0.1	-2.1e-002	0.	0.
2084	9.8e-002	-2.1e-002	0.	0.
2085	9.6e-002	-2.1e-002	0.	0.
2086	9.4e-002	-2.1e-002	0.	0.
2087	9.2e-002	-2.1e-002	0.	0.
2088	9.e-002	-2.1e-002	0.	0.
2089	8.8e-002	-2.1e-002	0.	0.
2090	8.6e-002	-2.1e-002	0.	0.
2091	8.4e-002	-2.1e-002	0.	0.
2092	8.2e-002	-2.1e-002	0.	0.
2093	8.e-002	-2.1e-002	0.	0.
2094	7.8e-002	-2.1e-002	0.	0.
2095	7.6e-002	-2.1e-002	0.	0.
2096	7.4e-002	-2.1e-002	0.	0.
2097	7.2e-002	-2.1e-002	0.	0.
2098	7.e-002	-2.1e-002	0.	0.
2099	6.8e-002	-2.1e-002	0.	0.
2100	6.6e-002	-2.1e-002	0.	0.
2101	6.4e-002	-2.1e-002	0.	0.
2102	6.2e-002	-2.1e-002	0.	0.
2103	6.e-002	-2.1e-002	0.	0.
2104	5.8e-002	-2.1e-002	0.	0.
2105	5.6e-002	-2.1e-002	0.	0.
2106	5.4e-002	-2.1e-002	0.	0.
2107	5.2e-002	-2.1e-002	0.	0.
2108	5.e-002	-2.1e-002	0.	0.
2109	4.8e-002	-2.1e-002	0.	0.
2110	4.6e-002	-2.1e-002	0.	0.
2111	4.4e-002	-2.1e-002	0.	0.
2112	4.2e-002	-2.1e-002	0.	0.
2113	4.e-002	-2.1e-002	0.	0.
2114	3.8e-002	-2.1e-002	0.	0.
2115	3.6e-002	-2.1e-002	0.	0.
2116	3.4e-002	-2.1e-002	0.	0.
2117	3.2e-002	-2.1e-002	0.	0.
2118	3.e-002	-2.1e-002	0.	0.
2119	2.8e-002	-2.1e-002	0.	0.
2120	2.6e-002	-2.1e-002	0.	0.
2121	2.4e-002	-2.1e-002	0.	0.
2122	2.2e-002	-2.1e-002	0.	0.
2123	2.e-002	-2.1e-002	0.	0.
2124	1.8e-002	-2.1e-002	0.	0.
2125	1.6e-002	-2.1e-002	0.	0.
2126	1.4e-002	-2.1e-002	0.	0.
2127	1.2e-002	-2.1e-002	0.	0.
2128	1.e-002	-2.1e-002	0.	0.
2129	8.e-003	-2.1e-002	0.	0.
2130	6.e-003	-2.1e-002	0.	0.
2131	4.e-003	-2.1e-002	0.	0.
2132	2.e-003	-2.1e-002	0.	0.
2133	-2.6368e-016	-2.1e-002	0.	0.
2134	-2.e-003	-2.1e-002	0.	0.
2135	-4.e-003	-2.1e-002	0.	0.
2136	-6.e-003	-2.1e-002	0.	0.
2137	-8.e-003	-2.1e-002	0.	0.
2138	-1.e-002	-2.1e-002	0.	0.
2139	-1.2e-002	-2.1e-002	0.	0.
2140	-1.4e-002	-2.1e-002	0.	0.
2141	-1.6e-002	-2.1e-002	0.	0.
2142	-1.8e-002	-2.1e-002	0.	0.
2143	-2.e-002	-2.1e-002	0.	0.
2144	-2.2e-002	-2.1e-002	0.	0.
2145	-2.4e-002	-2.1e-002	0.	0.
2146	-2.6e-002	-2.1e-002	0.	0.
2147	-2.8e-002	-2.1e-002	0.	0.
2148	-3.e-002	-2.1e-002	0.	0.
2149	-3.2e-002	-2.1e-002	0.	0.
2150	-3.4e-002	-2.1e-002	0.	0.
2151	-3.6e-002	-2.1e-002	0.	0.
2152	-3.8e-002	-2.1e-002	0.	0.
2153	-4.e-002	-2.1e-002	0.	0.
2154	-4.2e-002	-2.1e-002	0.	0.
2155	-4.4e-002	-2.1e-002	0.	0.
2156	-4.6e-002	-2.1e-002	0.	0.
2157	-4.8e-002	-2.1e-002	0.	0.
2158	-5.e-002	-2.1e-002	0.	0.
2159	-5.2e-002	-2.1e-002	0.	0.
2160	-5.4e-002	-2.1e-002	0.	0.
2161	-5.6e-002	-2.1e-002	0.	0.
2162	-5.8e-002	-2.1e-002	0.	0.
2163	-6.e-002	-2.1e-002	0.	0.
2164	-6.2e-002	-2.1e-002	0.	0.
2165	-6.4e-002	-2.1e-002	0.	0.
2166	-6.6e-002	-2.1e-002	0.	0.
2167	-6.8e-002	-2.1e-002	0.	0.
2168	-7.e-002	-2.1e-002	0.	0.
2169	-7.2e-002	-2.1e-002	0.	0.
2170	-7.4e-002	-2.1e-002	0.	0.
2171	-7.6e-002	-2.1e-002	0.	0.
2172	-7.8e-002	-2.1e-002	0.	0.
2173	-8.e-002	-2.1e-002	0.	0.
2174	-8.2e-002	-2.1e-002	0.	0.
2175	-8.4e-002	-2.1e-002	0.	0.
2176	-8.6e-002	-2.1e-002	0.	0.
2177	-8.8e-002	-2.1e-002	0.	0.
2178	-9.e-002	-2.1e-002	0.	0.
2179	-9.2e-002	-2.1e-002	0.	0.
2180	-9.4e-002	-2.1e-002	0.	0.
2181	-9.6e-002	-2.1e-002	0.	0.
2182	-9.8e-002	-2.1e-002	0.	0.
2183	-0.1	-2.1e-002	0.	0.
2184	-0.102	-2.1e-002	0.	0.
2185	-0.104	-2.1e-002	0.	0.
2186	-0.106	-2.1e-002	0.	0.
2187	-0.108	-2.1e-002	0.	0.
2188	-0.11	-2.1e-002	0.	0.
2189	-0.112	-2.1e-002	0.	0.
2190	-0.114	-2.1e-002	0.	0.
2191	-0.116	-2.1e-002	0.	0.
2192	-0.118	-2.1e-002	0.	0.
2193	-0.12	-2.1e-002	0.	0.
2194	-0.122	-2.1e-002	0.	0.
2195	-0.124	-2.1e-002	0.	0.
2196	-0.126	-2.1e-002	0.	0.
2197	-0.128	-2.1e-002	0.	0.
2198	-0.13	-2.1e-002	0.	0.
2199	-0.132	-2.1e-002	0.	0.
2200	-0.134	-2.1e-002	0.	0.
2201	-0.136	-2.1e-002	0.	0.
2202	-0.138	-2.1e-002	0.	0.
2203	-0.14	-2.1e-002	0.	0.
2204	-0.142	-2.1e-002	0.	0.
2205	-0.144	-2.1e-002	0.	0.
2206	-0.146	-2.1e-002	0.	0.
2207	-0.148	-2.1e-002	0.	0.
2208	-0.15	-2.1e-002	0.	0.
2209	-0.152	-2.1e-002	0.	0.
2210	-0.154	-2.1e-002	0.	0.
2211	-0.156	-2.1e-002	0.	0.
2212	-0.158	-2.1e-002	0.	0.
2213	-0.16	-2.1e-002	0.	0.
2214	-0.162	-2.1e-002	0.	0.
2215	-0.164	-2.1e-002	0.	0.
2216	-0.166	-2.1e-002	0.	0.
2217	-0.168	-2.1e-002	0.	0.
2218	-0.17	-2.1e-002	0.	0.
2219	-0.172	-2.1e-002	0.	0.
2220	-0.174	-2.1e-002	0.	0.
2221	-0.176	-2.1e-002	0.	0.
2222	-0.178	-2.1e-002	0.	0.
2223	-0.18	-2.1e-002	0.	0.
2224	-0.182	-2.1e-002	0.	0.
2225	-0.184	-2.1e-002	0.	0.
2226	-0.186	-2.1e-002	0.	0.
2227	-0.188	-2.1e-002	0.	0.
2228	-0.19	-2.1e-002	0.	0.
2229	-0.192	-2.1e-002	0.	0.
2230	-0.194	-2.1e-002	0.	0.
2231	-0.196	-2.1e-002	0.	0.
2232	-0.198	-2.1e-002	0.	0.
2233	-0.2	-2.1e-002	0.	0.
2234	-0.202	-2.1e-002	0.	0.
2235	-0.204	-2.1e-002	0.	0.
2236	-0.206	-2.1e-002	0.	0.
2237	-0.208	-2.1e-002	0.	0.
2238	-0.21	-2.1e-002	0.	0.
2239	-0.212	-2.1e-002	0.	0.
2240	-0.214	-2.1e-002	0.	0.
2241	-0.216	-2.1e-002	0.	0.
2242	-0.218	-2.1e-002	0.	0.
2243	-0.22	-2.1e-002	0.	0.
2244	-0.222	-2.1e-002	0.	0.
2245	-0.224	-2.1e-002	0.	0.
2246	-0.226	-2.1e-002	0.	0.
2247	-0.228	-2.1e-002	0.	0.
2248	-0.23	-2.1e-002	0.	0.
2249	-0.232	-2.1e-002	0.	0.
2250	-0.234	-2.1e-002	0.	0.
2251	-0.236	-2.1e-002	0.	0.
2252	-0.238	-2.1e-002	0.	0.
2253	-0.24	-2.1e-002	0.	0.
2254	-0.242	-2.1e-002	0.	0.
2255	-0.244	-2.1e-002	0.	0.
2256	-0.246	-2.1e-002	0.	0.
2257	-0.248	-2.1e-002	0.	0.
2258	-0.25	-2.1e-002	0.	0.
2259	-0.252	-2.1e-002	0.	0.
2260	-0.254	-2.1e-002	0.	0.
2261	-0.256	-2.1e-002	0.	0.
2262	-0.258	-2.1e-002	0.	0.
2263	-0.26	-2.1e-002	0.	0.
2264	-0.262	-2.1e-002	0.	0.
2265	-0.264	-2.1e-002	0.	0.
2266	-0.266	-2.1e-002	0.	0.
2267	-0.268	-2.1e-002	0.	0.
2268	-0.27	-2.1e-002	0.	0.
2269	-0.272	-2.1e-002	0.	0.
2270	-0.274	-2.1e-002	0.	0.
2271	-0.276	-2.1e-002	0.	0.
2272	-0.278	-2.1e-002	0.	0.
2273	-0.28	-2.1e-002	0.	0.
2274	-0.282	-2.1e-002	0.	0.
2275	-0.284	-2.1e-002	0.	0.
2276	-0.286	-2.1e-002	0.	0.
2277	-0.288	-2.1e-002	0.	0.
2278	-0.29	-2.1e-002	0.	0.
2279	-0.292	-2.1e-002	0.	0.
2280	-0.294	-2.1e-002	0.	0.
2281	-0.296	-2.1e-002	0.	0.
2282	-0.298	-2.1e-002	0.	0.
4084	-0.39972	-1.1202e-005	0.	0.
4085	-0.37423	-9.2932e-020	0.	0.
4086	-0.348	0.	0.	0.
4087	0.32571	9.6881e-005	0.	0.
4088	0.35177	-9.2932e-020	0.	0.
4089	0.378	0.	0.	0.
4090	-0.324	-5.e-004	0.	0.
4091	0.4015	-5.e-004	0.	0.
4092	0.39548	1.2256e-002	0.	0.
4093	0.31308	-4.9049e-003	0.	0.
4094	0.31327	5.4955e-003	0.	0.
4095	0.3715	1.25e-002	0.	0.
4096	0.37163	-1.2418e-002	0.	0.
4097	0.34519	1.2437e-002	0.	0.
4098	0.34533	-1.2413e-002	0.	0.
4099	-0.3415	1.25e-002	0.	0.
4100	-0.3545	1.25e-002	0.	0.
4101	-0.35444	-1.2308e-002	0.	0.
4102	-0.3805	1.25e-002	0.	0.
4103	-0.3805	-1.25e-002	0.	0.
4104	-0.33033	-1.2618e-002	0.	0.
4105	0.39555	-1.2744e-002	0.	0.
4106	-0.40556	-1.236e-002	0.	0.
4107	-0.4058	1.2545e-002	0.	0.
4108	0.40625	1.225e-002	0.	0.
4109	-0.31927	1.249e-002	0.	0.
4110	0.40625	-1.275e-002	0.	0.
4111	-0.312	-5.75e-003	0.	0.
4112	-0.36741	-1.2297e-002	0.	0.
4113	-0.3675	1.25e-002	0.	0.
4114	0.35826	-1.2512e-002	0.	0.
4115	0.3585	1.25e-002	0.	0.
4116	0.365	0.	0.	0.
4117	0.339	0.	0.	0.
4118	-0.361	0.	0.	0.
4119	-0.387	0.	0.	0.
4120	0.32949	-1.2311e-002	0.	0.
4121	0.3295	1.25e-002	0.	0.
4122	-0.41269	-5.8512e-004	0.	0.
4123	-0.393	1.25e-002	0.	0.
4124	-0.39326	-1.2328e-002	0.	0.
4125	-0.336	-2.5e-004	0.	0.
4126	-0.34248	-1.2417e-002	0.	0.
4127	0.41347	1.3937e-003	0.	0.
4128	0.38338	-1.2625e-002	0.	0.
4129	0.38338	1.2375e-002	0.	0.
4130	0.38975	-2.5e-004	0.	0.
4131	-0.3305	1.2375e-002	0.	0.
4132	-0.30974	8.2931e-003	0.	0.
4133	-0.3155	-1.5375e-002	0.	0.
4134	0.31635	1.5676e-002	0.	0.
4135	0.31627	-1.5437e-002	0.	0.
4136	-0.4185	1.0167e-002	0.	0.
4137	-0.41224	-1.3896e-002	0.	0.
4138	0.41875	-1.025e-002	0.	0.
4139	0.41875	1.4083e-002	0.	0.
4140	0.32146	8.998e-003	0.	0.
4141	0.32151	-9.1881e-003	0.	0.
4142	-0.31993	-7.7734e-003	0.	0.
4143	-0.31686	3.862e-003	0.	0.
4144	-0.31192	1.6795e-002	0.	0.
4145	0.308	-1.4125e-002	0.	0.
4146	0.308	1.4125e-002	0.	0.
4147	0.3375	1.25e-002	0.	0.
4148	0.3375	-1.25e-002	0.	0.
4149	0.41592	-1.7943e-002	0.	0.
4150	-0.41539	1.7027e-002	0.	0.
4151	0.33425	6.25e-003	0.	0.
4152	0.33425	-6.25e-003	0.	0.
4153	-0.30783	-1.4493e-002	0.	0.
4154	0.40993	-5.7041e-003	0.	0.
4155	-0.32278	-1.4138e-002	0.	0.
4156	-0.409	6.e-003	0.	0.
4157	0.35475	1.875e-002	0.	0.
4158	0.35444	-1.8727e-002	0.	0.
4159	-0.37699	-1.875e-002	0.	0.
4160	-0.37675	1.875e-002	0.	0.
4161	-0.34525	1.875e-002	0.	0.
4162	-0.31087	1.4375e-003	0.	0.
4163	0.30633	-2.1363e-003	0.	0.
4164	-0.4185	-1.0167e-002	0.	0.
4165	-0.32693	5.8682e-003	0.	0.
4166	-0.3965	-6.25e-003	0.	0.
4167	-0.39641	6.0694e-003	0.	0.
4168	0.39227	1.8672e-002	0.	0.
4169	0.3989	5.98e-003	0.	0.
4170	0.38656	6.0625e-003	0.	0.
4171	0.37985	1.8691e-002	0.	0.
4172	0.31965	3.0231e-003	0.	0.
4173	0.32602	1.8689e-002	0.	0.
4174	0.32625	-1.875e-002	0.	0.
4175	-0.38375	-6.25e-003	0.	0.
4176	-0.38362	5.7348e-003	0.	0.
4177	-0.36444	6.3513e-003	0.	0.
4178	-0.36425	-6.25e-003	0.	0.
4179	-0.35775	-6.25e-003	0.	0.
4180	-0.35775	6.25e-003	0.	0.
4181	0.34225	-6.25e-003	0.	0.
4182	0.34225	6.25e-003	0.	0.
4183	0.36825	6.25e-003	0.	0.
4184	0.36844	-6.3513e-003	0.	0.
4185	0.36175	6.25e-003	0.	0.
4186	0.36175	-6.25e-003	0.	0.
4187	0.36175	1.875e-002	0.	0.
4188	0.35525	6.25e-003	0.	0.
4189	0.36164	-1.9048e-002	0.	0.
4190	0.35554	-5.9743e-003	0.	0.
4191	-0.36397	1.8632e-002	0.	0.
4192	-0.37075	6.25e-003	0.	0.
4193	-0.36404	-1.8808e-002	0.	0.
4194	-0.37075	-6.25e-003	0.	0.
4195	-0.40225	1.875e-002	0.	0.
4196	-0.40194	-1.8802e-002	0.	0.
4197	-0.38375	-1.875e-002	0.	0.
4198	-0.38356	1.8824e-002	0.	0.
4199	-0.35125	-6.25e-003	0.	0.
4200	-0.35125	6.25e-003	0.	0.
4201	-0.33825	1.875e-002	0.	0.
4202	-0.34475	6.25e-003	0.	0.
4203	0.37454	-6.4402e-003	0.	0.
4204	0.37452	6.2426e-003	0.	0.
4205	0.39812	1.8625e-002	0.	0.
4206	-0.34575	-1.8812e-002	0.	0.
4207	-0.33925	-6.4375e-003	0.	0.
4208	0.416	7.6667e-003	0.	0.
4209	0.38681	-6.4388e-003	0.	0.
4210	0.37994	-1.8809e-002	0.	0.
4211	-0.409	-6.5e-003	0.	0.
4212	-0.33875	6.125e-003	0.	0.
4213	-0.32242	1.8899e-002	0.	0.
4214	-0.32725	-6.625e-003	0.	0.
4215	-0.33364	-1.9157e-002	0.	0.
4216	0.39838	-6.625e-003	0.	0.
4217	0.39213	-1.8875e-002	0.	0.
4218	0.40863	1.8625e-002	0.	0.
4219	0.40359	5.7441e-003	0.	0.
4220	0.39784	-1.8839e-002	0.	0.
4221	-0.41851	-1.485e-002	0.	0.
4222	0.33501	-1.8902e-002	0.	0.
4223	0.33504	1.888e-002	0.	0.
4224	-0.41212	1.1523e-002	0.	0.
4225	0.30631	6.2587e-003	0.	0.
4226	-0.37725	-6.25e-003	0.	0.
4227	-0.37725	6.25e-003	0.	0.
4228	0.3486	-6.4608e-003	0.	0.
4229	0.34846	6.2872e-003	0.	0.
4230	-0.3805	0.	0.	0.
4231	-0.39333	8.6806e-005	0.	0.
4232	-0.3545	0.	0.	0.
4233	-0.3675	-2.1363e-004	0.	0.
4234	0.34561	1.4468e-004	0.	0.
4235	0.3715	0.	0.	0.
4236	0.35847	2.6042e-004	0.	0.
4237	0.352	1.25e-002	0.	0.
4238	0.36512	1.224e-002	0.	0.
4239	0.365	-1.25e-002	0.	0.
4240	0.35157	-1.2302e-002	0.	0.
4241	-0.374	1.25e-002	0.	0.
4242	-0.36109	1.2321e-002	0.	0.
4243	-0.361	-1.25e-002	0.	0.
4244	-0.374	-1.25e-002	0.	0.
4245	-0.34777	1.2311e-002	0.	0.
4246	-0.41875	1.25e-003	0.	0.
4247	0.32775	6.25e-003	0.	0.
4248	0.32775	-6.25e-003	0.	0.
4249	-0.40725	1.875e-002	0.	0.
4250	-0.35275	1.875e-002	0.	0.
4251	0.34725	-1.875e-002	0.	0.
4252	0.34725	1.875e-002	0.	0.
4253	-0.3898	6.2128e-003	0.	0.
4254	-0.38992	-5.98e-003	0.	0.
4255	0.37049	-1.879e-002	0.	0.
4256	0.37041	1.8747e-002	0.	0.
4257	0.41623	-4.4983e-003	0.	0.
4258	0.41223	-1.1417e-002	0.	0.
4259	-0.35562	-1.8567e-002	0.	0.
4260	-0.32986	1.9021e-002	0.	0.
4261	-0.39368	-1.8836e-002	0.	0.
4262	-0.39231	1.891e-002	0.	0.
4263	0.4125	1.3167e-002	0.	0.
4264	0.40763	-1.8875e-002	0.	0.
4265	-0.40625	-2.5e-004	0.	0.
4266	-0.40275	-6.375e-003	0.	0.
4267	-0.40275	6.125e-003	0.	0.
4268	-0.37017	-1.8832e-002	0.	0.
4269	-0.3705	1.875e-002	0.	0.
4270	0.33404	-2.2696e-004	0.	0.
4271	-0.38682	-1.2209e-002	0.	0.
4272	-0.399	-1.2272e-002	0.	0.
4273	-0.39925	1.25e-002	0.	0.
4274	-0.38675	1.25e-002	0.	0.
4275	-0.30583	-7.1198e-003	0.	0.
4276	-0.31866	-1.9558e-003	0.	0.
4277	0.40994	6.7708e-003	0.	0.
4278	0.41375	1.9083e-002	0.	0.
4279	-0.41031	-1.9216e-002	0.	0.
4280	-0.33016	-4.4517e-004	0.	0.
4281	-0.342	-1.25e-004	0.	0.
4282	-0.33325	-6.5313e-003	0.	0.
4283	-0.34525	-6.3438e-003	0.	0.
4284	-0.3365	-1.2688e-002	0.	0.
4285	-0.3485	-1.2563e-002	0.	0.
4286	-0.33975	-1.8844e-002	0.	0.
4287	0.34145	1.8719e-002	0.	0.
4288	0.34125	-1.875e-002	0.	0.
4289	-0.30569	1.4906e-002	0.	0.
4290	0.30722	-7.8928e-003	0.	0.
4291	0.38616	-1.8844e-002	0.	0.
4292	0.38616	1.8656e-002	0.	0.
4293	0.32037	-3.125e-003	0.	0.
4294	0.41939	1.8972e-003	0.	0.
4295	0.40726	5.9823e-004	0.	0.
4296	0.37744	1.2438e-002	0.	0.
4297	0.38931	1.2312e-002	0.	0.
4298	0.38931	-1.2688e-002	0.	0.
4299	0.37744	-1.2563e-002	0.	0.
4300	0.39247	-6.5313e-003	0.	0.
4301	0.38066	-6.3438e-003	0.	0.
4302	0.38056	5.9502e-003	0.	0.
4303	0.39247	5.9687e-003	0.	0.
4304	-0.32804	-1.6406e-002	0.	0.
4305	0.38388	-1.25e-004	0.	0.
4306	0.39562	-3.75e-004	0.	0.
4307	-0.333	6.0313e-003	0.	0.
4308	-0.3585	1.875e-002	0.	0.
4309	-0.30539	2.6372e-003	0.	0.
4310	-0.41869	-4.2072e-003	0.	0.
4311	0.40406	-6.1875e-003	0.	0.
4312	-0.30966	-1.9456e-002	0.	0.
4313	0.30652	1.9877e-002	0.	0.
4314	0.30624	-1.9408e-002	0.	0.
4315	-0.322	-1.9531e-002	0.	0.
4316	-0.31711	1.7292e-002	0.	0.
4317	-0.33617	1.2394e-002	0.	0.
4318	-0.32483	1.2598e-002	0.	0.
4319	0.40075	-1.275e-002	0.	0.
4320	0.40075	1.225e-002	0.	0.
4321	0.313	0.	0.	0.
4322	0.32375	-1.3875e-002	0.	0.
4323	0.32375	1.3875e-002	0.	0.
4324	0.31852	-2.046e-002	0.	0.
4325	0.31827	2.0149e-002	0.	0.
4326	0.41873	1.9423e-002	0.	0.
4327	-0.41418	3.6835e-003	0.	0.
4328	-0.30591	-2.1114e-003	0.	0.
4329	-0.32206	5.e-003	0.	0.
4330	0.40311	1.8517e-002	0.	0.
4331	-0.4165	-2.0002e-002	0.	0.
4332	0.31108	-1.7148e-002	0.	0.
4333	0.31125	1.7406e-002	0.	0.
4334	-0.31463	1.063e-002	0.	0.
4335	-0.39734	1.8808e-002	0.	0.
4336	-0.38866	-1.8837e-002	0.	0.
4337	-0.31339	-1.0542e-002	0.	0.
4338	0.31469	-1.0268e-002	0.	0.
4339	0.31424	1.038e-002	0.	0.
4340	-0.41375	-8.3333e-003	0.	0.
4341	-0.30593	1.9625e-002	0.	0.
4342	-0.35053	-1.8543e-002	0.	0.
4343	0.37522	1.8719e-002	0.	0.
4344	0.37522	-1.8781e-002	0.	0.
4345	-0.42009	1.9456e-002	0.	0.
4346	-0.30473	8.748e-003	0.	0.
4347	-0.31593	-2.0261e-002	0.	0.
4348	0.42044	-1.9312e-002	0.	0.
4349	0.40288	-1.8875e-002	0.	0.
4350	-0.30457	-2.0456e-002	0.	0.
4351	-0.41944	1.4562e-002	0.	0.
4352	0.41959	-1.4781e-002	0.	0.
4353	0.4205	-4.0405e-003	0.	0.
4354	0.4205	8.3333e-003	0.	0.
4355	0.331	3.125e-003	0.	0.
4356	0.331	-3.125e-003	0.	0.
4357	0.30971	3.3316e-003	0.	0.
4358	0.31028	8.5134e-003	0.	0.
4359	0.33051	1.8967e-002	0.	0.
4360	0.3306	-1.8878e-002	0.	0.
4361	0.32373	4.3754e-003	0.	0.
4362	0.31697	-7.5082e-003	0.	0.
4363	0.31723	7.5456e-003	0.	0.
4364	-0.41862	5.7083e-003	0.	0.
4365	0.40996	-1.4928e-002	0.	0.
4366	-0.33288	1.5562e-002	0.	0.
4367	-0.40962	1.5042e-002	0.	0.
4368	-0.41338	2.1292e-002	0.	0.
4369	-0.32797	-2.0555e-002	0.	0.
4370	0.32575	-1.0062e-002	0.	0.
4371	-0.31819	8.1563e-003	0.	0.
4372	0.30413	1.2423e-002	0.	0.
4373	0.30386	-1.2728e-002	0.	0.
4374	-0.32513	-1.0344e-002	0.	0.
4375	-0.31764	-1.1423e-002	0.	0.
4376	-0.32188	-4.2188e-003	0.	0.
4377	-0.334	1.8719e-002	0.	0.
4378	-0.35995	-1.9054e-002	0.	0.
4379	0.3063	1.9721e-003	0.	0.
4380	0.36578	1.8967e-002	0.	0.
4381	0.36593	-1.8956e-002	0.	0.
4382	0.33214	1.5817e-002	0.	0.
4383	0.33237	-1.5625e-002	0.	0.
4384	0.31344	2.1316e-002	0.	0.
4385	0.31344	-2.1316e-002	0.	0.
4386	-0.31331	6.3437e-003	0.	0.
4387	-0.30387	-1.2594e-002	0.	0.
4388	-0.30977	-9.2655e-003	0.	0.
4389	-0.31174	2.1209e-002	0.	0.
4390	-0.31034	1.274e-002	0.	0.
4391	0.41183	-1.8473e-002	0.	0.
4392	-0.40784	-1.5977e-002	0.	0.
4393	-0.42078	-1.9277e-002	0.	0.
4394	-0.40625	-1.9139e-002	0.	0.
4395	-0.41438	-1.6708e-002	0.	0.
4396	-0.38763	1.8988e-002	0.	0.
4397	-0.39829	-1.8734e-002	0.	0.
4398	-0.41587	1.2825e-002	0.	0.
4399	-0.31459	-2.5e-004	0.	0.
4400	-0.35838	-1.5625e-002	0.	0.
4401	0.32088	1.6789e-002	0.	0.
4402	0.32206	2.1e-002	0.	0.
4403	0.32088	-1.6789e-002	0.	0.
4404	0.3224	-2.1027e-002	0.	0.
4405	0.36749	1.51e-002	0.	0.
4406	0.36762	-1.5625e-002	0.	0.
4407	0.31911	-1.2561e-002	0.	0.
4408	0.31908	1.2584e-002	0.	0.
4409	-0.39506	-1.5578e-002	0.	0.
4410	-0.39098	1.5484e-002	0.	0.
4411	-0.31588	-6.8437e-003	0.	0.
4412	-0.41649	6.7989e-003	0.	0.
4413	0.31656	-1.8081e-003	0.	0.
4414	0.32395	-4.9656e-003	0.	0.
4415	0.33825	6.25e-003	0.	0.
4416	0.33809	-6.1167e-003	0.	0.
4417	0.3335	-1.25e-002	0.	0.
4418	0.3415	-1.25e-002	0.	0.
4419	0.34121	1.2551e-002	0.	0.
4420	0.3335	1.25e-002	0.	0.
4421	-0.32646	1.4152e-002	0.	0.
4422	-0.41321	-6.0403e-003	0.	0.
4423	0.30475	-7.4625e-003	0.	0.
4424	-0.32818	2.0491e-002	0.	0.
4425	-0.31974	2.2649e-004	0.	0.
4426	-0.32438	9.9942e-003	0.	0.
4427	0.35042	1.4583e-002	0.	0.
4428	0.34862	-1.711e-002	0.	0.
4429	-0.34956	1.5181e-002	0.	0.
4430	0.33081	-1.0312e-002	0.	0.
4431	0.33277	8.1742e-003	0.	0.
4432	-0.31033	-1.4583e-002	0.	0.
4433	0.41481	-6.684e-003	0.	0.
4434	0.41118	-3.6048e-003	0.	0.
4435	0.40742	-1.0417e-002	0.	0.
4436	0.41486	-1.2594e-002	0.	0.
4437	0.30607	1.0848e-002	0.	0.
4438	0.31216	1.5235e-002	0.	0.
4439	0.31342	-1.2719e-002	0.	0.
4440	-0.30415	-1.5161e-002	0.	0.
4441	-0.31975	-1.8449e-002	0.	0.
4442	0.31103	-1.1208e-002	0.	0.
4443	-0.31773	2.2838e-002	0.	0.
4444	-0.31535	1.2865e-002	0.	0.
4445	-0.34383	2.0833e-002	0.	0.
4446	-0.37958	2.2917e-002	0.	0.
4447	-0.37817	-2.0833e-002	0.	0.
4448	0.34267	-1.6667e-002	0.	0.
4449	0.34271	1.7086e-002	0.	0.
4450	0.35758	-2.2917e-002	0.	0.
4451	0.356	2.0713e-002	0.	0.
4452	0.34975	1.875e-002	0.	0.
4453	0.3499	-1.8602e-002	0.	0.
4454	-0.35025	1.875e-002	0.	0.
4455	0.41392	-2.275e-002	0.	0.
4456	-0.39015	-1.697e-002	0.	0.
4457	-0.39597	1.6918e-002	0.	0.
4458	-0.41076	-1.0621e-002	0.	0.
4459	-0.31143	-1.8447e-002	0.	0.
4460	0.30582	-1.7374e-002	0.	0.
4461	0.30458	1.4702e-002	0.	0.
4462	0.33543	-1.6172e-003	0.	0.
4463	0.33692	4.1667e-003	0.	0.
4464	-0.35734	1.6776e-002	0.	0.
4465	-0.41017	3.8333e-003	0.	0.
4466	-0.40691	1.0318e-002	0.	0.
4467	0.41826	-2.0458e-002	0.	0.
4468	0.4029	-8.1146e-003	0.	0.
4469	0.40517	-4.e-003	0.	0.
4470	0.40458	2.075e-002	0.	0.
4471	0.41792	1.4901e-004	0.	0.
4472	-0.35214	-1.6967e-002	0.	0.
4473	0.3742	-1.6766e-002	0.	0.
4474	-0.41658	-3.1389e-003	0.	0.
4475	-0.41087	1.7125e-002	0.	0.
4476	0.34375	-2.2917e-002	0.	0.
4477	0.34031	-1.6529e-002	0.	0.
4478	0.34279	2.0685e-002	0.	0.
4479	0.34032	1.6564e-002	0.	0.
4480	0.33626	2.1091e-002	0.	0.
4481	0.33743	-2.3027e-002	0.	0.
4482	-0.34391	1.6435e-002	0.	0.
4483	-0.37925	1.4583e-002	0.	0.
4484	-0.37581	2.0982e-002	0.	0.
4485	-0.37425	-2.2917e-002	0.	0.
4486	-0.37824	-1.6609e-002	0.	0.
4487	0.35726	-1.4802e-002	0.	0.
4488	0.35602	1.6493e-002	0.	0.
4489	-0.41804	1.9958e-002	0.	0.
4490	-0.30781	-3.3021e-003	0.	0.
4491	-0.3102	6.0506e-003	0.	0.
4492	-0.31106	-8.0122e-004	0.	0.
4493	-0.40158	8.25e-003	0.	0.
4494	-0.40392	4.e-003	0.	0.
4495	0.31114	-4.4083e-003	0.	0.
4496	-0.42068	-2.9859e-003	0.	0.
4497	0.37398	1.6646e-002	0.	0.
4498	-0.41425	-1.2556e-002	0.	0.
4499	-0.42079	-9.3119e-003	0.	0.
4500	-0.32953	9.9055e-003	0.	0.
4501	-0.32586	3.8547e-003	0.	0.
4502	-0.42053	6.7293e-003	0.	0.
4503	-0.35702	2.0726e-002	0.	0.
4504	-0.3693	2.1131e-002	0.	0.
4505	-0.37167	1.6667e-002	0.	0.
4506	-0.36817	-2.2917e-002	0.	0.
4507	-0.37283	-1.4583e-002	0.	0.
4508	-0.39417	1.0417e-002	0.	0.
4509	-0.39767	4.1667e-003	0.	0.
4510	-0.39417	-1.0417e-002	0.	0.
4511	-0.39767	-4.1667e-003	0.	0.
4512	0.30217	-2.3958e-004	0.	0.
4513	0.30401	2.9614e-003	0.	0.
4514	-0.38924	8.4139e-003	0.	0.
4515	-0.38787	-1.0417e-002	0.	0.
4516	-0.39225	-1.8953e-003	0.	0.
4517	-0.39125	4.1667e-003	0.	0.
4518	0.40145	1.0125e-002	0.	0.
4519	0.39663	1.0131e-002	0.	0.
4520	0.39968	3.8992e-003	0.	0.
4521	0.39021	2.2876e-002	0.	0.
4522	0.3933	1.6645e-002	0.	0.
4523	0.39604	2.2875e-002	0.	0.
4524	0.39457	1.7396e-003	0.	0.
4525	0.39036	1.0198e-002	0.	0.
4526	0.38824	1.424e-002	0.	0.
4527	0.38405	2.2885e-002	0.	0.
4528	-0.33526	1.006e-002	0.	0.
4529	-0.33112	1.576e-003	0.	0.
4530	-0.32428	-1.8445e-002	0.	0.
4531	0.37806	2.2896e-002	0.	0.
4532	0.38096	1.638e-002	0.	0.
4533	0.38869	1.8542e-003	0.	0.
4534	0.3855	8.1667e-003	0.	0.
4535	0.41542	1.7417e-002	0.	0.
4536	0.3828	1.9688e-003	0.	0.
4537	0.30433	7.1667e-003	0.	0.
4538	0.31517	9.1667e-004	0.	0.
4539	0.32335	5.738e-004	0.	0.
4540	-0.40024	-1.0394e-002	0.	0.
4541	-0.40508	-2.2917e-003	0.	0.
4542	-0.34891	2.066e-002	0.	0.
4543	0.35192	-2.2917e-002	0.	0.
4544	0.35109	2.066e-002	0.	0.
4545	0.33933	8.3333e-003	0.	0.
4546	0.34042	-1.0417e-002	0.	0.
4547	-0.34001	4.0458e-003	0.	0.
4548	-0.34692	1.0417e-002	0.	0.
4549	-0.34908	1.0417e-002	0.	0.
4550	-0.37508	-1.0417e-002	0.	0.
4551	-0.37292	-1.0417e-002	0.	0.
4552	-0.35883	-8.3333e-003	0.	0.
4553	-0.36317	-1.6667e-002	0.	0.
4554	-0.36208	-1.0417e-002	0.	0.
4555	-0.35992	1.0417e-002	0.	0.
4556	-0.36318	1.6348e-002	0.	0.
4557	-0.3621	1.0216e-002	0.	0.
4558	-0.37617	8.3333e-003	0.	0.
4559	-0.37292	1.0119e-002	0.	0.
4560	0.35092	-1.0417e-002	0.	0.
4561	0.36392	-1.0417e-002	0.	0.
4562	0.36283	-1.6667e-002	0.	0.
4563	0.36605	-1.0194e-002	0.	0.
4564	0.36283	8.3333e-003	0.	0.
4565	0.3631	1.6667e-002	0.	0.
4566	0.36608	1.0417e-002	0.	0.
4567	0.35308	1.0417e-002	0.	0.
4568	0.35101	1.0243e-002	0.	0.
4569	0.35742	2.0833e-003	0.	0.
4570	0.35639	-4.3535e-003	0.	0.
4571	0.36082	-4.3837e-003	0.	0.
4572	0.35958	2.0833e-003	0.	0.
4573	0.37367	4.1667e-003	0.	0.
4574	0.37258	-2.0833e-003	0.	0.
4575	0.36947	-4.4357e-003	0.	0.
4576	0.37038	1.7579e-003	0.	0.
4577	0.34333	-4.1667e-003	0.	0.
4578	0.34448	1.847e-003	0.	0.
4579	0.34767	4.1667e-003	0.	0.
4580	0.34677	-1.9015e-003	0.	0.
4581	-0.36858	2.0833e-003	0.	0.
4582	-0.36967	-4.1667e-003	0.	0.
4583	-0.36642	-2.0833e-003	0.	0.
4584	-0.36547	4.4366e-003	0.	0.
4585	-0.35233	4.1667e-003	0.	0.
4586	-0.35342	-2.0833e-003	0.	0.
4587	-0.35667	4.1667e-003	0.	0.
4588	-0.35558	-2.0833e-003	0.	0.
4589	-0.37942	-2.0833e-003	0.	0.
4590	-0.37833	4.1667e-003	0.	0.
4591	-0.38256	3.9403e-003	0.	0.
4592	-0.38158	-2.0833e-003	0.	0.
4593	0.34785	8.3886e-003	0.	0.
4594	0.35079	2.2569e-003	0.	0.
4595	0.34746	-8.5421e-003	0.	0.
4596	0.35092	-2.0833e-003	0.	0.
4597	-0.37851	8.3829e-003	0.	0.
4598	-0.37521	2.2569e-003	0.	0.
4599	-0.37833	-8.3333e-003	0.	0.
4600	-0.37486	-2.3314e-003	0.	0.
4601	0.37258	1.0417e-002	0.	0.
4602	0.37563	4.1537e-003	0.	0.
4603	0.37669	-1.8663e-003	0.	0.
4604	0.3734	-8.493e-003	0.	0.
4605	-0.34583	4.1667e-003	0.	0.
4606	-0.34258	1.0417e-002	0.	0.
4607	-0.34047	1.4271e-002	0.	0.
4608	-0.35345	1.0619e-002	0.	0.
4609	-0.34908	-2.0833e-003	0.	0.
4610	-0.35233	-8.3333e-003	0.	0.
4611	-0.38246	1.6629e-002	0.	0.
4612	-0.38149	-1.4289e-002	0.	0.
4613	-0.38483	-2.0833e-002	0.	0.
4614	-0.40333	-1.6667e-002	0.	0.
4615	-0.40466	1.4629e-002	0.	0.
4616	-0.40097	2.0833e-002	0.	0.
4617	-0.36858	-1.0417e-002	0.	0.
4618	-0.3654	-1.6986e-002	0.	0.
4619	-0.36967	8.3333e-003	0.	0.
4620	-0.36614	1.4633e-002	0.	0.
4621	-0.36317	2.0833e-002	0.	0.
4622	0.35771	-1.0322e-002	0.	0.
4623	0.35633	8.3333e-003	0.	0.
4624	0.36283	-4.1667e-003	0.	0.
4625	0.36392	2.0833e-003	0.	0.
4626	0.36933	-8.3333e-003	0.	0.
4627	0.34146	4.1481e-003	0.	0.
4628	0.34423	1.0276e-002	0.	0.
4629	0.34333	-8.3333e-003	0.	0.
4630	-0.35883	4.1667e-003	0.	0.
4631	-0.35992	-2.0833e-003	0.	0.
4632	-0.36533	8.3333e-003	0.	0.
4633	-0.38475	3.9894e-003	0.	0.
4634	-0.38158	1.0417e-002	0.	0.
4635	-0.38267	-8.3333e-003	0.	0.
4636	-0.38594	-1.9097e-003	0.	0.
4637	0.32842	-1.4238e-002	0.	0.
4638	0.32767	1.6704e-002	0.	0.
4639	0.33533	-8.3333e-003	0.	0.
4640	0.42318	-8.0949e-003	0.	0.
4641	-0.34633	-8.4167e-003	0.	0.
4642	-0.34417	-4.2708e-003	0.	0.
4643	-0.30588	-1.1385e-002	0.	0.
4644	0.38173	-4.2708e-003	0.	0.
4645	0.37958	-8.4167e-003	0.	0.
4646	-0.38142	1.875e-002	0.	0.
4647	0.35942	-1.875e-002	0.	0.
4648	-0.30394	1.8866e-002	0.	0.
4649	0.31085	1.044e-002	0.	0.
4650	-0.31194	-2.0458e-002	0.	0.
4651	0.404	-1.6833e-002	0.	0.
4652	0.4042	1.6196e-002	0.	0.
4653	0.40988	-2.2958e-002	0.	0.
4654	0.39621	1.4375e-002	0.	0.
4655	0.39908	2.075e-002	0.	0.
4656	-0.34142	-1.0562e-002	0.	0.
4657	-0.33817	-4.375e-003	0.	0.
4658	-0.34366	-1.4512e-002	0.	0.
4659	-0.34662	-2.0871e-002	0.	0.
4660	0.41676	9.6169e-003	0.	0.
4661	0.41417	3.3889e-003	0.	0.
4662	0.42039	-3.8889e-004	0.	0.
4663	0.42083	1.3056e-002	0.	0.
4664	-0.33867	-1.6792e-002	0.	0.
4665	-0.33433	-8.5833e-003	0.	0.
4666	-0.33217	-4.4792e-003	0.	0.
4667	-0.34085	-2.1188e-002	0.	0.
4668	-0.336	2.2906e-002	0.	0.
4669	-0.333	2.0813e-002	0.	0.
4670	-0.33482	1.8383e-003	0.	0.
4671	0.38226	-1.4524e-002	0.	0.
4672	0.37895	-2.0893e-002	0.	0.
4673	0.38445	-1.0744e-002	0.	0.
4674	0.38763	-4.375e-003	0.	0.
4675	-0.40783	-8.5e-003	0.	0.
4676	-0.41133	-2.5e-003	0.	0.
4677	-0.4009	-2.4405e-003	0.	0.
4678	-0.32435	2.2868e-002	0.	0.
4679	-0.34038	1.0566e-002	0.	0.
4680	-0.32133	1.65e-002	0.	0.
4681	-0.32296	-6.2604e-003	0.	0.
4682	-0.32709	-1.4436e-002	0.	0.
4683	-0.33145	-1.4621e-002	0.	0.
4684	-0.32601	-4.4504e-003	0.	0.
4685	-0.32924	-1.064e-002	0.	0.
4686	-0.32192	-1.2021e-002	0.	0.
4687	-0.33481	-2.124e-002	0.	0.
4688	0.368	-2.2917e-002	0.	0.
4689	0.365	-2.0833e-002	0.	0.
4690	0.367	2.0833e-002	0.	0.
4691	-0.361	-2.0833e-002	0.	0.
4692	-0.3855	1.0516e-002	0.	0.
4693	-0.40125	1.6667e-002	0.	0.
4694	-0.38473	-1.6815e-002	0.	0.
4695	-0.3695	-1.6667e-002	0.	0.
4696	-0.391	2.0833e-002	0.	0.
4697	-0.39174	-2.2917e-002	0.	0.
4698	-0.39498	-2.1131e-002	0.	0.
4699	0.39352	-4.4792e-003	0.	0.
4700	0.39127	-8.5791e-003	0.	0.
4701	0.38721	-1.6792e-002	0.	0.
4702	0.3851	-2.0896e-002	0.	0.
4703	-0.30644	1.0169e-002	0.	0.
4704	0.42292	1.6028e-002	0.	0.
4705	0.399	1.65e-002	0.	0.
4706	0.40904	4.2899e-003	0.	0.
4707	0.41079	8.9028e-003	0.	0.
4708	-0.39908	-2.0833e-002	0.	0.
4709	-0.38681	2.1149e-002	0.	0.
4710	0.30867	-1.5e-003	0.	0.
4711	0.39708	-2.0917e-002	0.	0.
4712	0.39439	-1.47e-002	0.	0.
4713	0.39123	-2.0957e-002	0.	0.
4714	0.4003	-2.4199e-003	0.	0.
4715	0.39767	-8.6656e-003	0.	0.
4716	0.38523	1.6563e-002	0.	0.
4717	-0.31842	-1.3519e-002	0.	0.
4718	-0.30763	-1.8116e-002	0.	0.
4719	-0.42067	-1.4444e-002	0.	0.
4720	0.36056	1.6667e-002	0.	0.
4721	0.39636	-2.2435e-003	0.	0.
4722	0.37802	-1.4646e-002	0.	0.
4723	0.38748	-8.5208e-003	0.	0.
4724	-0.34758	-1.4646e-002	0.	0.
4725	-0.33833	-8.5208e-003	0.	0.
4726	-0.39833	1.0417e-002	0.	0.
4727	-0.35364	-2.3008e-002	0.	0.
4728	0.37117	2.0833e-002	0.	0.
4729	0.37208	-2.2917e-002	0.	0.
4730	-0.37583	1.6667e-002	0.	0.
4731	0.35383	-1.6667e-002	0.	0.
4732	-0.34008	2.2917e-002	0.	0.
4733	-0.40317	-2.0833e-002	0.	0.
4734	0.35969	2.2793e-002	0.	0.
4735	0.32808	-2.2917e-002	0.	0.
4736	0.32717	2.0833e-002	0.	0.
4737	0.42083	-1.1167e-002	0.	0.
4738	0.31092	-2.0656e-002	0.	0.
4739	0.30864	2.0437e-002	0.	0.
4740	0.40546	1.0125e-002	0.	0.
4741	0.40336	3.6532e-003	0.	0.
4742	0.40942	2.075e-002	0.	0.
4743	0.40704	1.4375e-002	0.	0.
4744	0.39007	-1.4538e-002	0.	0.
4745	0.38123	8.1733e-003	0.	0.
4746	-0.33558	-1.475e-002	0.	0.
4747	0.39736	-1.6615e-002	0.	0.
4748	0.39944	-1.6833e-002	0.	0.
4749	0.41483	2.1056e-002	0.	0.
4750	0.41992	-5.9167e-003	0.	0.
4751	-0.31484	-2.3355e-003	0.	0.
4752	-0.40365	-8.7212e-003	0.	0.
4753	-0.33188	-2.3196e-002	0.	0.
4754	0.37886	2.2188e-003	0.	0.
4755	-0.33728	1.6718e-002	0.	0.
4756	-0.42315	1.2243e-002	0.	0.
4757	0.41121	1.4986e-002	0.	0.
4758	-0.38039	-2.0833e-002	0.	0.
4759	0.33511	8.3333e-003	0.	0.
4760	0.40675	-2.0917e-002	0.	0.
4761	0.37596	1.6625e-002	0.	0.
4762	0.30439	-2.0345e-002	0.	0.
4763	0.30232	2.0788e-002	0.	0.
4764	-0.4065	2.0833e-002	0.	0.
4765	-0.41099	2.0972e-002	0.	0.
4766	0.33258	-2.304e-002	0.	0.
4767	0.3315	2.0833e-002	0.	0.
4768	0.34608	2.2917e-002	0.	0.
4769	-0.35391	2.2917e-002	0.	0.
4770	-0.42292	-2.5e-004	0.	0.
4771	0.33566	1.6721e-002	0.	0.
4772	0.33675	-1.4583e-002	0.	0.
4773	0.31585	2.7428e-003	0.	0.
4774	0.31399	-1.9409e-002	0.	0.
4775	0.31422	1.917e-002	0.	0.
4776	-0.39609	2.0972e-002	0.	0.
4777	-0.40725	-2.0972e-002	0.	0.
4778	-0.31257	2.4012e-003	0.	0.
4779	-0.32764	1.8674e-002	0.	0.
4780	-0.32416	-2.0785e-002	0.	0.
4781	0.30239	-2.4735e-003	0.	0.
4782	0.42304	4.0417e-003	0.	0.
4783	-0.3879	-2.3073e-002	0.	0.
4784	-0.36443	-1.9345e-003	0.	0.
4785	-0.36121	4.3294e-003	0.	0.
4786	0.3685	2.2412e-003	0.	0.
4787	0.36521	-4.3294e-003	0.	0.
4788	0.35859	8.1554e-003	0.	0.
4789	0.36175	-1.0417e-002	0.	0.
4790	-0.36425	-1.0417e-002	0.	0.
4791	-0.35433	-8.4322e-003	0.	0.
4792	-0.35775	1.0417e-002	0.	0.
4793	-0.348	4.1667e-003	0.	0.
4794	0.36814	1.0612e-002	0.	0.
4795	-0.37075	2.0833e-003	0.	0.
4796	0.35525	2.0833e-003	0.	0.
4797	0.32976	-6.4327e-003	0.	0.
4798	-0.34575	1.2295e-002	0.	0.
4799	-0.37617	-1.25e-002	0.	0.
4800	-0.35931	-1.2178e-002	0.	0.
4801	-0.37833	1.25e-002	0.	0.
4802	-0.37183	1.25e-002	0.	0.
4803	0.34966	-1.2317e-002	0.	0.
4804	0.36296	1.2317e-002	0.	0.
4805	0.35422	1.2326e-002	0.	0.
4806	0.36067	0.	0.	0.
4807	0.37367	0.	0.	0.
4808	0.34343	-2.363e-004	0.	0.
4809	-0.35667	0.	0.	0.
4810	-0.35017	0.	0.	0.
4811	-0.39556	3.1357e-004	0.	0.
4812	-0.38917	0.	0.	0.
4813	-0.38267	0.	0.	0.
4814	0.35308	6.25e-003	0.	0.
4815	0.35092	-6.25e-003	0.	0.
4816	-0.37292	6.5476e-003	0.	0.
4817	-0.38158	-6.25e-003	0.	0.
4818	-0.37508	-6.25e-003	0.	0.
4819	0.37262	6.0462e-003	0.	0.
4820	-0.35342	6.25e-003	0.	0.
4821	-0.36858	-6.25e-003	0.	0.
4822	0.35742	-6.25e-003	0.	0.
4823	0.36384	6.4525e-003	0.	0.
4824	-0.36208	-6.25e-003	0.	0.
4825	-0.302	-1.9978e-004	0.	0.
4826	0.34608	1.4583e-002	0.	0.
4827	0.34813	-2.2917e-002	0.	0.
4828	-0.3542	1.4583e-002	0.	0.
4829	0.32717	-4.1667e-003	0.	0.
4830	0.32658	2.0833e-003	0.	0.
4831	0.32836	8.1723e-003	0.	0.
4832	-0.41458	8.3333e-005	0.	0.
4833	0.32067	6.9167e-003	0.	0.
4834	-0.42085	2.491e-003	0.	0.
4835	0.37618	-2.2928e-002	0.	0.
4836	-0.34943	-2.3078e-002	0.	0.
4837	0.41383	-1.4479e-002	0.	0.
4838	-0.30188	-6.0835e-003	0.	0.
4839	-0.30188	1.184e-002	0.	0.
4840	-0.41394	1.3715e-002	0.	0.
4841	-0.38684	3.9201e-003	0.	0.
4842	-0.39552	3.8433e-003	0.	0.
4843	0.40241	-2.102e-002	0.	0.
4844	-0.39456	-6.467e-003	0.	0.
4845	-0.38778	-6.4654e-003	0.	0.
4846	-0.39225	6.25e-003	0.	0.
4847	0.37069	1.6921e-002	0.	0.
4848	0.37115	-1.44e-002	0.	0.
4849	-0.35617	-2.0833e-002	0.	0.
4850	-0.35492	-1.4583e-002	0.	0.
4851	0.41157	-9.4102e-003	0.	0.
4852	0.41393	-8.7159e-004	0.	0.
4853	0.36258	2.2917e-002	0.	0.
4854	0.41832	3.9325e-003	0.	0.
4855	-0.3882	-4.4151e-003	0.	0.
4856	-0.33037	1.4366e-002	0.	0.
4857	-0.3985	-1.6356e-002	0.	0.
4858	-0.38761	1.6808e-002	0.	0.
4859	-0.41167	-2.1206e-002	0.	0.
4860	0.35582	-1.933e-003	0.	0.
4861	-0.37033	-1.9699e-003	0.	0.
4862	-0.34836	6.25e-003	0.	0.
4863	-0.35486	-6.25e-003	0.	0.
4864	-0.36488	-1.4737e-002	0.	0.
4865	0.36247	-1.4583e-002	0.	0.
4866	0.36876	-2.3348e-003	0.	0.
4867	-0.36476	2.3348e-003	0.	0.
4868	-0.32993	-1.993e-002	0.	0.
4869	-0.30409	-1.0656e-002	0.	0.
4870	0.32614	-2.1743e-002	0.	0.
4871	0.41667	1.3778e-002	0.	0.
4872	0.41042	1.2861e-002	0.	0.
4873	-0.31603	2.2072e-002	0.	0.
4874	0.42296	2.0514e-002	0.	0.
4875	0.33868	-1.9097e-003	0.	0.
4876	-0.38343	2.1007e-002	0.	0.
4877	-0.36515	-2.0956e-002	0.	0.
4878	-0.36828	-1.96e-002	0.	0.
4879	0.36136	-2.1207e-002	0.	0.
4880	-0.38989	-1.064e-002	0.	0.
4881	-0.42109	2.1324e-002	0.	0.
4882	0.40693	-1.7014e-002	0.	0.
4883	-0.35736	1.4583e-002	0.	0.
4884	-0.37026	-2.2951e-002	0.	0.
4885	-0.39011	-1.4764e-002	0.	0.
4886	0.34137	-2.279e-002	0.	0.
4887	-0.41042	-4.1667e-004	0.	0.
4888	-0.40417	-1.6667e-004	0.	0.
4889	-0.40717	-2.3611e-003	0.	0.
4890	-0.39975	4.1111e-003	0.	0.
4891	-0.40808	3.8889e-003	0.	0.
4892	-0.40483	6.0833e-003	0.	0.
4893	-0.40687	-6.2783e-003	0.	0.
4894	-0.40068	-6.0238e-003	0.	0.
4895	-0.39819	-1.0156e-002	0.	0.
4896	0.33113	-1.3083e-003	0.	0.
4897	-0.38883	1.25e-002	0.	0.
4898	-0.38258	1.25e-002	0.	0.
4899	-0.40133	1.25e-002	0.	0.
4900	-0.39508	1.25e-002	0.	0.
4901	-0.40355	-1.2194e-002	0.	0.
4902	-0.38467	-1.25e-002	0.	0.
4903	-0.36842	1.875e-002	0.	0.
4904	-0.37258	-1.875e-002	0.	0.
4905	-0.30763	-9.9948e-004	0.	0.
4906	0.42144	-2.1071e-002	0.	0.
4907	-0.31998	-2.2999e-002	0.	0.
4908	-0.41692	-5.4499e-003	0.	0.
4909	0.304	1.6506e-002	0.	0.
4910	0.41488	9.5046e-003	0.	0.
4911	-0.30325	7.5417e-003	0.	0.
4912	-0.31927	-5.9375e-003	0.	0.
4913	-0.35917	1.5466e-002	0.	0.
4914	-0.36728	2.0833e-002	0.	0.
4915	0.34472	-1.6667e-002	0.	0.
4916	0.34445	-1.8601e-002	0.	0.
4917	-0.37344	2.0833e-002	0.	0.
4918	-0.30366	2.1212e-002	0.	0.
4919	-0.41617	9.1019e-003	0.	0.
4920	0.4059	6.1736e-003	0.	0.
4921	0.41196	7.0694e-003	0.	0.
4922	-0.411	9.5556e-003	0.	0.
4923	-0.38187	-1.7729e-002	0.	0.
4924	-0.34032	1.8309e-002	0.	0.
4925	-0.31779	1.5616e-002	0.	0.
4926	0.30378	-1.6486e-002	0.	0.
4927	-0.32208	9.3021e-003	0.	0.
4928	-0.30192	1.6033e-002	0.	0.
4929	0.35772	1.9692e-002	0.	0.
4930	-0.30919	-7.0799e-003	0.	0.
4931	-0.32517	1.6022e-002	0.	0.
4932	-0.41094	-1.7483e-002	0.	0.
4933	0.35212	1.5872e-002	0.	0.
4934	0.36509	4.9238e-003	0.	0.
4935	0.3714	7.576e-003	0.	0.
4936	0.35886	-9.0278e-003	0.	0.
4937	-0.36325	1.1929e-002	0.	0.
4938	-0.3685	6.8214e-003	0.	0.
4939	-0.36738	-8.912e-003	0.	0.
4940	-0.35475	9.1311e-003	0.	0.
4941	0.37244	-6.8725e-003	0.	0.
4942	-0.37203	-4.7164e-003	0.	0.
4943	-0.37635	6.0764e-004	0.	0.
4944	-0.38122	5.5556e-003	0.	0.
4945	0.35411	-4.8754e-003	0.	0.
4946	0.34646	-6.8842e-003	0.	0.
4947	0.34947	6.9444e-004	0.	0.
4948	0.36016	1.1024e-002	0.	0.
4949	-0.35594	-1.1111e-002	0.	0.
4950	-0.34787	1.5911e-002	0.	0.
4951	-0.42129	1.5486e-002	0.	0.
4952	0.33297	3.4722e-003	0.	0.
4953	-0.34383	4.125e-003	0.	0.
4954	-0.346	-4.1667e-005	0.	0.
4955	-0.34008	-4.5858e-004	0.	0.
4956	-0.334	-2.9167e-004	0.	0.
4957	-0.3281	-7.1832e-004	0.	0.
4958	-0.34275	6.2083e-003	0.	0.
4959	-0.32815	-4.2522e-003	0.	0.
4960	-0.33617	-4.4097e-003	0.	0.
4961	-0.34015	-4.0409e-003	0.	0.
4962	-0.34925	-6.2813e-003	0.	0.
4963	-0.34325	-6.375e-003	0.	0.
4964	-0.32925	-6.5938e-003	0.	0.
4965	-0.35033	-8.3611e-003	0.	0.
4966	-0.35244	-1.2361e-002	0.	0.
4967	-0.3465	-1.2583e-002	0.	0.
4968	-0.3406	-1.2427e-002	0.	0.
4969	-0.3345	-1.2708e-002	0.	0.
4970	-0.34166	-1.9096e-002	0.	0.
4971	-0.34283	-2.0889e-002	0.	0.
4972	-0.33683	-2.091e-002	0.	0.
4973	0.39204	2.2875e-002	0.	0.
4974	0.39508	-2.0917e-002	0.	0.
4975	0.3385	2.0833e-002	0.	0.
4976	0.33925	-1.875e-002	0.	0.
4977	0.39413	1.8625e-002	0.	0.
4978	-0.30851	1.6018e-002	0.	0.
4979	0.38712	2.26e-002	0.	0.
4980	0.38113	2.2612e-002	0.	0.
4981	0.30775	-2.2281e-002	0.	0.
4982	0.3074	-1.1332e-002	0.	0.
4983	0.40692	3.3344e-003	0.	0.
4984	0.38807	-2.0751e-002	0.	0.
4985	0.38219	-2.0611e-002	0.	0.
4986	0.3831	1.895e-002	0.	0.
4987	0.38902	1.8881e-002	0.	0.
4988	0.38305	-1.9039e-002	0.	0.
4989	0.32469	7.2813e-003	0.	0.
4990	-0.42202	9.2456e-003	0.	0.
4991	0.41033	2.5142e-004	0.	0.
4992	0.40444	-6.25e-005	0.	0.
4993	0.31969	-2.1106e-005	0.	0.
4994	0.32081	-6.0625e-003	0.	0.
4995	0.31218	-8.3542e-003	0.	0.
4996	0.37447	-1.2531e-002	0.	0.
4997	0.38034	-1.2455e-002	0.	0.
4998	0.38637	-1.281e-002	0.	0.
4999	0.39239	-1.2239e-002	0.	0.
5000	0.38621	1.1768e-002	0.	0.
5001	0.3924	1.2043e-002	0.	0.
5002	0.37459	1.2208e-002	0.	0.
5003	-0.30905	1.8168e-002	0.	0.
5004	0.37555	1.038e-002	0.	0.
5005	0.39333	1.0161e-002	0.	0.
5006	-0.30902	2.0622e-002	0.	0.
5007	0.39427	-8.8372e-003	0.	0.
5008	0.37663	-8.375e-003	0.	0.
5009	0.32662	1.3187e-002	0.	0.
5010	0.38973	6.2465e-003	0.	0.
5011	0.39521	5.6904e-003	0.	0.
5012	0.38373	5.6288e-003	0.	0.
5013	0.37764	6.4616e-003	0.	0.
5014	0.37743	-6.2166e-003	0.	0.
5015	0.38373	-6.156e-003	0.	0.
5016	-0.30804	-2.2032e-002	0.	0.
5017	0.39057	-4.4271e-003	0.	0.
5018	0.38468	-4.3229e-003	0.	0.
5019	0.38574	1.9115e-003	0.	0.
5020	0.39163	1.7969e-003	0.	0.
5021	0.39269	-3.125e-004	0.	0.
5022	0.39869	1.4318e-004	0.	0.
5023	0.38681	-1.875e-004	0.	0.
5024	-0.42195	-2.2516e-002	0.	0.
5025	0.41994	2.2271e-002	0.	0.
5026	-0.3075	7.5208e-003	0.	0.
5027	0.4223	-1.5891e-002	0.	0.
5028	-0.40082	-1.4638e-002	0.	0.
5029	-0.38456	1.4365e-002	0.	0.
5030	-0.32118	2.2724e-002	0.	0.
5031	-0.42071	-6.2083e-003	0.	0.
5032	0.35471	-1.1458e-002	0.	0.
5033	0.34821	1.1458e-002	0.	0.
5034	0.36871	-1.1721e-002	0.	0.
5035	-0.3873	-1.5582e-002	0.	0.
5036	-0.30286	-2.5391e-003	0.	0.
5037	-0.40354	1.0375e-002	0.	0.
5038	0.40804	-3.7083e-003	0.	0.
5039	-0.391	1.0417e-002	0.	0.
5040	0.41689	-1.4386e-002	0.	0.
5041	0.41485	-9.7135e-003	0.	0.
5042	-0.33777	2.3877e-003	0.	0.
5043	-0.33034	5.7546e-003	0.	0.
5044	-0.33588	6.0781e-003	0.	0.
5045	-0.30234	-1.8648e-002	0.	0.
5046	-0.30255	4.0486e-003	0.	0.
5047	-0.30794	2.8623e-003	0.	0.
5048	-0.37479	-1.6667e-002	0.	0.
5049	0.31691	-4.4063e-003	0.	0.
5050	0.40122	-6.4062e-003	0.	0.
5051	0.40691	-5.9687e-003	0.	0.
5052	0.30783	-4.7708e-003	0.	0.
5053	-0.39502	-3.125e-003	0.	0.
5054	0.35465	-2.2654e-002	0.	0.
5055	-0.3515	1.25e-002	0.	0.
5056	-0.38665	7.1705e-003	0.	0.
5057	-0.33064	-1.803e-002	0.	0.
5058	0.30575	2.2281e-002	0.	0.
5059	0.30725	1.6844e-002	0.	0.
5060	-0.30927	-1.1336e-002	0.	0.
5061	0.32463	-7.578e-003	0.	0.
5062	0.40013	-8.2179e-003	0.	0.
5063	0.37912	1.4251e-002	0.	0.
5064	-0.41934	-2.1177e-002	0.	0.
5065	-0.31439	1.9059e-002	0.	0.
5066	-0.33705	7.9255e-003	0.	0.
5067	0.32399	-1.6341e-003	0.	0.
5068	-0.31336	1.4839e-002	0.	0.
5069	-0.32026	2.0599e-002	0.	0.
5070	0.31071	-1.3422e-002	0.	0.
5071	0.30905	-1.7298e-002	0.	0.
5072	-0.33242	1.0163e-002	0.	0.
5073	-0.32265	1.4081e-002	0.	0.
5074	-0.4084	1.2488e-002	0.	0.
5075	0.40254	1.4375e-002	0.	0.
5076	0.40253	2.2875e-002	0.	0.
5077	0.41185	2.3005e-002	0.	0.
5078	-0.42283	-1.2722e-002	0.	0.
5079	-0.41424	-2.0358e-002	0.	0.
5080	-0.32586	2.0774e-002	0.	0.
5081	0.30426	-9.7466e-003	0.	0.
5082	-0.39853	1.6405e-002	0.	0.
5083	0.39901	1.0429e-002	0.	0.
5084	0.313	-2.75e-003	0.	0.
5085	0.31283	2.9485e-003	0.	0.
5086	0.4035	-1.275e-002	0.	0.
5087	0.398	-1.275e-002	0.	0.
5088	0.40113	5.875e-003	0.	0.
5089	0.33504	-2.2608e-002	0.	0.
5090	-0.39678	-1.1969e-002	0.	0.
5091	0.34829	2.1875e-002	0.	0.
5092	0.34215	9.5183e-003	0.	0.
5093	-0.35171	2.1875e-002	0.	0.
5094	0.41485	-1.9993e-002	0.	0.
5095	0.31581	-2.0664e-002	0.	0.
5096	0.31597	2.0863e-002	0.	0.
5097	0.31988	1.4563e-002	0.	0.
5098	0.31988	-1.4563e-002	0.	0.
5099	0.31747	1.7821e-002	0.	0.
5100	0.31714	-1.7479e-002	0.	0.
5101	0.325	1.6313e-002	0.	0.
5102	0.32371	1.8828e-002	0.	0.
5103	0.3225	1.1437e-002	0.	0.
5104	0.3225	-1.1437e-002	0.	0.
5105	0.32463	-1.6366e-002	0.	0.
5106	0.32378	-1.8776e-002	0.	0.
5107	-0.31347	-2.2729e-002	0.	0.
5108	0.33183	5.7292e-003	0.	0.
5109	-0.39923	7.482e-003	0.	0.
5110	0.41861	1.6674e-002	0.	0.
5111	0.40874	-1.2802e-002	0.	0.
5112	-0.40409	2.2974e-002	0.	0.
5113	0.33444	2.296e-002	0.	0.
5114	0.3455	-2.0833e-002	0.	0.
5115	0.39489	-1.7971e-002	0.	0.
5116	-0.41631	2.4375e-003	0.	0.
5117	-0.39371	2.0833e-002	0.	0.
5118	-0.39276	1.5679e-002	0.	0.
5119	-0.41893	1.7968e-002	0.	0.
5120	-0.34969	-1.4588e-002	0.	0.
5121	-0.3269	1.0226e-002	0.	0.
5122	0.30417	9.8646e-003	0.	0.
5123	0.3097	2.2856e-002	0.	0.
5124	0.40574	-8.3021e-003	0.	0.
5125	-0.39645	1.4651e-002	0.	0.
5126	0.36429	2.0833e-002	0.	0.
5127	0.41082	3.2969e-003	0.	0.
5128	-0.3042	1.0859e-002	0.	0.
5129	0.4209	1.7785e-002	0.	0.
5130	-0.34113	-1.574e-002	0.	0.
5131	0.32838	-9.9342e-003	0.	0.
5132	-0.30797	1.3986e-002	0.	0.
5133	0.38967	-1.7833e-002	0.	0.
5134	-0.33234	1.3205e-002	0.	0.
5135	0.34717	-1.4583e-002	0.	0.
5136	0.35366	2.0957e-002	0.	0.
5137	-0.34634	2.0957e-002	0.	0.
5138	0.38476	-1.574e-002	0.	0.
5139	0.39071	1.5464e-002	0.	0.
5140	0.39595	-5.5521e-003	0.	0.
5141	0.38201	-9.4896e-003	0.	0.
5142	-0.30587	4.0404e-004	0.	0.
5143	-0.30586	-4.7266e-003	0.	0.
5144	0.42269	-1.6944e-003	0.	0.
5145	-0.41396	-2.8194e-003	0.	0.
5146	0.37932	-3.1771e-003	0.	0.
5147	0.35393	-1.403e-002	0.	0.
5148	0.30233	-6.2919e-003	0.	0.
5149	-0.31204	-1.2573e-002	0.	0.
5150	0.38793	9.1823e-003	0.	0.
5151	-0.31947	4.5312e-003	0.	0.
5152	-0.32466	5.4687e-003	0.	0.
5153	0.36505	-1.5104e-002	0.	0.
5154	0.4005	1.8625e-002	0.	0.
5155	0.40597	1.8278e-002	0.	0.
5156	0.32708	-1.2323e-002	0.	0.
5157	0.41739	2.1663e-002	0.	0.
5158	0.36794	1.3021e-002	0.	0.
5159	0.39699	2.7448e-003	0.	0.
5160	-0.32858	2.776e-003	0.	0.
5161	0.31578	-1.1995e-002	0.	0.
5162	0.30991	5.8244e-003	0.	0.
5163	0.34469	4.6875e-003	0.	0.
5164	-0.30394	1.3217e-002	0.	0.
5165	0.41623	1.3986e-003	0.	0.
5166	-0.30754	5.0776e-003	0.	0.
5167	-0.30553	6.7577e-003	0.	0.
5168	0.33114	1.0633e-002	0.	0.
5169	0.33267	-8.3333e-003	0.	0.
5170	-0.35117	1.6667e-002	0.	0.
5171	0.35045	-1.4281e-002	0.	0.
5172	0.34867	1.6726e-002	0.	0.
5173	-0.4229	3.7055e-003	0.	0.
5174	-0.31383	-1.9188e-002	0.	0.
5175	0.42275	9.6667e-003	0.	0.
5176	-0.40702	1.4813e-002	0.	0.
5177	-0.31292	-1.4979e-002	0.	0.
5178	-0.30581	2.1902e-002	0.	0.
5179	0.35986	-1.4583e-002	0.	0.
5180	-0.32262	1.1854e-002	0.	0.
5181	-0.41763	-1.7625e-002	0.	0.
5182	0.40032	-2.3027e-002	0.	0.
5183	0.40248	-1.501e-002	0.	0.
5184	-0.41587	-2.2542e-002	0.	0.
5185	0.40874	-7.9293e-003	0.	0.
5186	0.31333	-1.6414e-002	0.	0.
5187	-0.35279	-2.1208e-002	0.	0.
5188	-0.34896	-1.6713e-002	0.	0.
5189	-0.3906	-2.1393e-002	0.	0.
5190	-0.41633	-1.3722e-002	0.	0.
5191	-0.31575	7.25e-003	0.	0.
5192	-0.31706	1.1344e-002	0.	0.
5193	-0.31219	9.5313e-003	0.	0.
5194	0.41287	-5.125e-003	0.	0.
5195	0.41679	-8.5417e-003	0.	0.
5196	0.37365	-2.0849e-002	0.	0.
5197	0.37679	-1.6714e-002	0.	0.
5198	0.34483	1.9593e-002	0.	0.
5199	-0.4153	2.2924e-002	0.	0.
5200	0.30814	9.5465e-003	0.	0.
5201	-0.33315	-1.0422e-002	0.	0.
5202	-0.32571	-1.6469e-002	0.	0.
5203	-0.32142	-1.6104e-002	0.	0.
5204	0.42219	-5.2938e-003	0.	0.
5205	0.42172	1.8264e-003	0.	0.
5206	0.31356	1.3045e-002	0.	0.
5207	0.31582	1.2166e-002	0.	0.
5208	-0.30427	-1.8016e-002	0.	0.
5209	-0.42328	1.8138e-002	0.	0.
5210	0.404	1.225e-002	0.	0.
5211	0.41396	1.5292e-002	0.	0.
5212	0.32996	1.6019e-002	0.	0.
5213	-0.41724	2.2301e-002	0.	0.
5214	0.4111	1.9169e-002	0.	0.
5215	-0.31767	-1.676e-002	0.	0.
5216	-0.32087	-2.0872e-003	0.	0.
5217	0.35812	-2.8824e-003	0.	0.
5218	0.30367	-2.2521e-002	0.	0.
5219	0.33375	-2.0833e-002	0.	0.
5220	0.38886	-6.1733e-003	0.	0.
5221	0.40226	-4.3646e-003	0.	0.
5222	0.40721	8.375e-003	0.	0.
5223	-0.38631	-1.875e-002	0.	0.
5224	-0.31675	-9.25e-003	0.	0.
5225	-0.31288	-8.1563e-003	0.	0.
5226	-0.31434	-1.2995e-002	0.	0.
5227	-0.3607	1.7957e-002	0.	0.
5228	0.39743	1.2303e-002	0.	0.
5229	0.32461	2.0917e-002	0.	0.
5230	-0.42077	-1.6993e-002	0.	0.
5231	0.31769	9.4536e-003	0.	0.
5232	0.31772	-9.4393e-003	0.	0.
5233	0.31375	7.9375e-003	0.	0.
5234	0.31789	2.2713e-002	0.	0.
5235	0.31787	-2.2733e-002	0.	0.
5236	-0.41612	-9.25e-003	0.	0.
5237	-0.41138	-7.4167e-003	0.	0.
5238	0.41904	1.1861e-002	0.	0.
5239	-0.30571	1.7291e-002	0.	0.
5240	-0.42106	1.0923e-002	0.	0.
5241	0.31835	4.7191e-003	0.	0.
5242	-0.38607	-5.2083e-003	0.	0.
5243	-0.32198	-2.1684e-002	0.	0.
5244	-0.32825	1.2408e-002	0.	0.
5245	-0.32981	2.2973e-002	0.	0.
5246	-0.41355	9.4771e-003	0.	0.
5247	0.41081	-2.0604e-002	0.	0.
5248	0.31465	-7.8021e-003	0.	0.
5249	0.40917	-1.6314e-003	0.	0.
5250	0.35335	-1.794e-003	0.	0.
5251	-0.37254	-1.8643e-003	0.	0.
5252	0.37653	2.1063e-002	0.	0.
5253	-0.32571	-2.2837e-002	0.	0.
5254	0.35328	-2.116e-002	0.	0.
5255	0.34192	-2.0833e-003	0.	0.
5256	-0.35758	-2.2917e-002	0.	0.
5257	-0.40583	1.6667e-002	0.	0.
5258	0.3568	-2.0852e-002	0.	0.
5259	0.34408	-1.4583e-002	0.	0.
5260	-0.37817	2.0833e-002	0.	0.
5261	0.34409	1.3571e-002	0.	0.
5262	-0.35513	1.9618e-002	0.	0.
5263	0.34496	1.7538e-002	0.	0.
5264	-0.31992	-2.0661e-002	0.	0.
5265	-0.42095	-1.1254e-002	0.	0.
5266	-0.32569	7.7604e-003	0.	0.
5267	-0.33829	1.1406e-002	0.	0.
5268	-0.31708	6.25e-005	0.	0.
5269	-0.40473	1.9048e-002	0.	0.
5270	-0.34781	1.9002e-002	0.	0.
5271	0.35219	1.9002e-002	0.	0.
5272	-0.3015	-2.3e-002	0.	0.
5273	-0.32013	6.5781e-003	0.	0.
5274	-0.30367	-2.2792e-002	0.	0.
5275	-0.3256	1.8078e-002	0.	0.
5276	0.42177	6.1875e-003	0.	0.
5277	0.41929	6.1528e-003	0.	0.
5278	-0.36709	-1.5857e-002	0.	0.
5279	0.40462	-1.0526e-002	0.	0.
5280	-0.41962	-1.2011e-003	0.	0.
5281	-0.41904	-7.4427e-003	0.	0.
5282	-0.31563	-2.2594e-002	0.	0.
5283	0.37267	1.8589e-002	0.	0.
5284	0.37748	1.8756e-002	0.	0.
5285	0.32819	-2.0388e-003	0.	0.
5286	-0.39983	1.875e-002	0.	0.
5287	0.32942	-2.0833e-002	0.	0.
5288	0.33618	2.1947e-003	0.	0.
5289	0.33686	-4.439e-003	0.	0.
5290	0.42157	-1.3529e-002	0.	0.
5291	-0.32929	1.6542e-002	0.	0.
5292	-0.32935	-2.2557e-002	0.	0.
5293	0.40363	-2.2958e-002	0.	0.
5294	-0.40783	8.1667e-003	0.	0.
5295	-0.41133	1.6667e-003	0.	0.
5296	0.33619	1.0417e-002	0.	0.
5297	-0.38169	-2.2917e-002	0.	0.
5298	-0.41084	-5.0629e-003	0.	0.
5299	-0.40898	-3.7991e-003	0.	0.
5300	0.41609	-2.1604e-002	0.	0.
5301	-0.30623	1.251e-002	0.	0.
5302	-0.30227	2.3201e-002	0.	0.
5303	-0.3384	1.3635e-002	0.	0.
5304	-0.36066	-1.5929e-002	0.	0.
5305	0.36537	1.5867e-002	0.	0.
5306	-0.39771	2.2917e-002	0.	0.
5307	0.40617	-2.0616e-003	0.	0.
5308	0.40185	-1.0562e-002	0.	0.
5309	-0.40925	1.7361e-003	0.	0.
5310	0.3178	4.0185e-004	0.	0.
5311	-0.41321	1.7187e-002	0.	0.
5312	-0.41868	-1.2562e-002	0.	0.
5313	-0.41767	-9.4444e-004	0.	0.
5314	0.40821	2.2875e-002	0.	0.
5315	-0.31013	2.2715e-002	0.	0.
5316	0.41738	-2.2984e-003	0.	0.
5317	-0.35495	1.7498e-002	0.	0.
5318	0.30433	-1.125e-003	0.	0.
5319	-0.31589	1.6853e-003	0.	0.
5320	0.34678	-4.1185e-003	0.	0.
5321	0.34897	-3.3868e-003	0.	0.
5322	-0.38144	8.4908e-003	0.	0.
5323	-0.38358	9.2014e-003	0.	0.
5324	0.37275	-4.1499e-003	0.	0.
5325	0.37497	-3.4314e-003	0.	0.
5326	-0.36831	4.2644e-003	0.	0.
5327	-0.36335	1.4491e-002	0.	0.
5328	-0.42077	4.5625e-003	0.	0.
5329	0.41816	-1.8469e-002	0.	0.
5330	-0.33983	2.0459e-002	0.	0.
5331	0.33777	-1.6628e-002	0.	0.
5332	0.33725	1.875e-002	0.	0.
5333	0.33975	2.2917e-002	0.	0.
5334	-0.37708	1.4583e-002	0.	0.
5335	0.33475	1.4583e-002	0.	0.
5336	0.33025	2.2917e-002	0.	0.
5337	-0.37925	-1.4583e-002	0.	0.
5338	-0.37582	-2.096e-002	0.	0.
5339	-0.37815	1.6964e-002	0.	0.
5340	-0.34275	1.4583e-002	0.	0.
5341	0.33875	1.4583e-002	0.	0.
5342	0.33875	-1.4583e-002	0.	0.
5343	0.34223	-2.0812e-002	0.	0.
5344	-0.40793	2.2968e-002	0.	0.
5345	0.35725	1.4583e-002	0.	0.
5346	0.35609	-1.6991e-002	0.	0.
5347	0.33615	-2.0826e-002	0.	0.
5348	-0.41571	2.0625e-002	0.	0.
5349	-0.30975	-4.8478e-003	0.	0.
5350	-0.31149	-3.1487e-003	0.	0.
5351	-0.31083	3.7801e-003	0.	0.
5352	-0.40508	1.875e-003	0.	0.
5353	0.42045	4.1563e-003	0.	0.
5354	0.30217	6.0833e-003	0.	0.
5355	0.30589	-1.5306e-002	0.	0.
5356	0.30242	1.4948e-002	0.	0.
5357	-0.39729	-1.425e-002	0.	0.
5358	-0.35858	-2.0833e-002	0.	0.
5359	0.41773	-1.2242e-002	0.	0.
5360	-0.37222	2.2917e-002	0.	0.
5361	0.37274	1.4573e-002	0.	0.
5362	-0.41143	5.9637e-003	0.	0.
5363	0.40335	-2.2135e-003	0.	0.
5364	-0.42283	-8.0556e-003	0.	0.
5365	-0.32508	1.6458e-003	0.	0.
5366	-0.328	7.9955e-003	0.	0.
5367	-0.37955	-1.8662e-002	0.	0.
5368	-0.37464	1.875e-002	0.	0.
5369	-0.30386	1.3194e-003	0.	0.
5370	-0.31296	1.2792e-002	0.	0.
5371	0.4071	2.075e-002	0.	0.
5372	0.39924	-2.0807e-002	0.	0.
5373	0.37377	2.1091e-002	0.	0.
5374	-0.33806	2.1696e-002	0.	0.
5375	-0.33603	2.0207e-002	0.	0.
5376	0.37585	-1.4362e-002	0.	0.
5377	0.3298	-1.7078e-002	0.	0.
5378	-0.37283	1.4583e-002	0.	0.
5379	-0.39849	-2.098e-003	0.	0.
5380	-0.39533	-8.3333e-003	0.	0.
5381	-0.39883	2.0833e-003	0.	0.
5382	-0.39557	8.3953e-003	0.	0.
5383	0.37764	-1.8939e-002	0.	0.
5384	-0.34822	-1.8942e-002	0.	0.
5385	-0.33102	7.964e-003	0.	0.
5386	0.30633	8.4479e-003	0.	0.
5387	-0.33519	1.6104e-002	0.	0.
5388	0.30939	9.2708e-004	0.	0.
5389	0.40546	-1.8609e-002	0.	0.
5390	-0.36614	2.2917e-002	0.	0.
5391	0.36169	1.4583e-002	0.	0.
5392	0.39907	-1.0635e-002	0.	0.
5393	-0.40577	-1.6022e-002	0.	0.
5394	0.36913	-2.0833e-002	0.	0.
5395	-0.39237	2.0833e-003	0.	0.
5396	-0.39158	-4.1416e-003	0.	0.
5397	0.40008	8.e-003	0.	0.
5398	0.39308	2.075e-002	0.	0.
5399	0.39517	1.65e-002	0.	0.
5400	0.39421	1.4375e-002	0.	0.
5401	0.3913	2.076e-002	0.	0.
5402	0.40046	1.625e-003	0.	0.
5403	0.3979	8.0767e-003	0.	0.
5404	0.40283	8.e-003	0.	0.
5405	0.39708	2.075e-002	0.	0.
5406	0.30956	1.2344e-002	0.	0.
5407	0.39437	8.0417e-003	0.	0.
5408	0.38809	2.076e-002	0.	0.
5409	-0.3995	-8.3889e-003	0.	0.
5410	0.3851	2.0771e-002	0.	0.
5411	0.38721	1.6542e-002	0.	0.
5412	0.39115	7.9069e-003	0.	0.
5413	0.39378	4.0306e-003	0.	0.
5414	0.39057	3.9063e-003	0.	0.
5415	0.38211	2.0781e-002	0.	0.
5416	-0.41016	-1.4376e-002	0.	0.
5417	-0.3319	4.0636e-003	0.	0.
5418	-0.334	8.1667e-003	0.	0.
5419	0.40177	2.075e-002	0.	0.
5420	0.3846	1.0454e-002	0.	0.
5421	0.38763	3.9583e-003	0.	0.
5422	0.38231	1.4479e-002	0.	0.
5423	0.37879	2.083e-002	0.	0.
5424	0.38468	4.0104e-003	0.	0.
5425	-0.38807	2.0833e-003	0.	0.
5426	-0.31777	-2.1628e-002	0.	0.
5427	0.38157	4.0681e-003	0.	0.
5428	0.32167	1.8333e-003	0.	0.
5429	-0.40392	-4.3333e-003	0.	0.
5430	-0.3267	-1.8602e-002	0.	0.
5431	0.37694	8.2885e-003	0.	0.
5432	0.33329	-2.6042e-003	0.	0.
5433	0.365	8.3333e-003	0.	0.
5434	0.3715	4.1667e-003	0.	0.
5435	0.352	8.3333e-003	0.	0.
5436	0.34235	1.8713e-003	0.	0.
5437	0.37475	2.0833e-003	0.	0.
5438	0.35525	1.0417e-002	0.	0.
5439	0.32608	2.2917e-002	0.	0.
5440	0.35833	-1.6667e-002	0.	0.
5441	0.37021	-1.0603e-002	0.	0.
5442	0.34658	-1.0417e-002	0.	0.
5443	0.36283	-8.3333e-003	0.	0.
5444	0.35192	2.2917e-002	0.	0.
5445	-0.34808	2.2917e-002	0.	0.
5446	-0.34167	8.2917e-003	0.	0.
5447	-0.34492	2.0417e-003	0.	0.
5448	-0.36317	-4.1667e-003	0.	0.
5449	-0.361	-4.1667e-003	0.	0.
5450	-0.3675	-4.1667e-003	0.	0.
5451	-0.374	-8.3333e-003	0.	0.
5452	-0.3805	-4.1667e-003	0.	0.
5453	-0.37183	4.1667e-003	0.	0.
5454	-0.374	4.1667e-003	0.	0.
5455	0.35417	4.1667e-003	0.	0.
5456	0.352	4.1667e-003	0.	0.
5457	-0.38375	2.0833e-003	0.	0.
5458	-0.34908	2.0833e-003	0.	0.
5459	-0.35125	2.0833e-003	0.	0.
5460	-0.35775	2.0833e-003	0.	0.
5461	0.36144	-2.1515e-003	0.	0.
5462	-0.37075	1.0417e-002	0.	0.
5463	-0.37725	1.0417e-002	0.	0.
5464	-0.37725	-1.0417e-002	0.	0.
5465	-0.40208	-2.2917e-002	0.	0.
5466	0.37008	2.2917e-002	0.	0.
5467	0.42108	-9.0726e-003	0.	0.
5468	0.33642	-1.0417e-002	0.	0.
5469	-0.38488	-3.8318e-003	0.	0.
5470	-0.38158	-1.0417e-002	0.	0.
5471	-0.36642	1.0417e-002	0.	0.
5472	-0.35883	-4.1667e-003	0.	0.
5473	0.34442	-1.0417e-002	0.	0.
5474	0.34008	2.0833e-003	0.	0.
5475	0.36309	4.2046e-003	0.	0.
5476	-0.36208	2.2917e-002	0.	0.
5477	-0.36533	1.6667e-002	0.	0.
5478	-0.36939	-8.3168e-003	0.	0.
5479	-0.35017	-4.1667e-003	0.	0.
5480	-0.35263	8.377e-003	0.	0.
5481	-0.34367	8.3333e-003	0.	0.
5482	0.37229	-1.0517e-002	0.	0.
5483	0.37335	8.3044e-003	0.	0.
5484	-0.37617	-4.1667e-003	0.	0.
5485	-0.38158	2.0833e-003	0.	0.
5486	-0.37942	2.0833e-003	0.	0.
5487	-0.35651	-4.4643e-003	0.	0.
5488	-0.35558	2.0833e-003	0.	0.
5489	-0.35233	-4.1667e-003	0.	0.
5490	0.34658	2.0833e-003	0.	0.
5491	0.36056	4.4283e-003	0.	0.
5492	0.35633	4.1667e-003	0.	0.
5493	0.36728	-8.1777e-003	0.	0.
5494	-0.36308	8.0404e-003	0.	0.
5495	-0.35883	8.3333e-003	0.	0.
5496	-0.36317	-8.3333e-003	0.	0.
5497	-0.36191	-1.4446e-002	0.	0.
5498	-0.36332	-1.2798e-002	0.	0.
5499	-0.35005	8.042e-003	0.	0.
5500	-0.34583	8.3333e-003	0.	0.
5501	-0.34092	1.9583e-003	0.	0.
5502	0.33933	-8.3333e-003	0.	0.
5503	0.34042	1.0417e-002	0.	0.
5504	0.35083	-2.0833e-002	0.	0.
5505	-0.35142	-1.0441e-002	0.	0.
5506	0.302	-1.3781e-002	0.	0.
5507	0.37555	-1.0453e-002	0.	0.
5508	-0.31907	1.7109e-002	0.	0.
5509	-0.42289	-1.7997e-002	0.	0.
5510	-0.34308	-2.1979e-003	0.	0.
5511	-0.34742	-1.049e-002	0.	0.
5512	-0.39877	2.0833e-002	0.	0.
5513	-0.3952	-1.3281e-002	0.	0.
5514	-0.30782	-1.0376e-002	0.	0.
5515	-0.36897	-1.4063e-002	0.	0.
5516	0.37851	-1.049e-002	0.	0.
5517	0.3828	-2.1979e-003	0.	0.
5518	-0.38033	1.6667e-002	0.	0.
5519	-0.41759	1.6156e-002	0.	0.
5520	0.40004	2.2875e-002	0.	0.
5521	0.40513	-1.4792e-002	0.	0.
5522	-0.33942	-1.0583e-002	0.	0.
5523	-0.34441	-1.6761e-002	0.	0.
5524	-0.33708	-2.3125e-003	0.	0.
5525	-0.34033	-8.5e-003	0.	0.
5526	-0.39021	-2.0833e-003	0.	0.
5527	-0.38796	2.2917e-002	0.	0.
5528	-0.39804	-2.2917e-002	0.	0.
5529	-0.41916	1.2503e-002	0.	0.
5530	0.38574	-2.2552e-003	0.	0.
5531	0.41508	5.5278e-003	0.	0.
5532	-0.3369	3.987e-003	0.	0.
5533	-0.33508	-2.3507e-003	0.	0.
5534	-0.33725	-6.4653e-003	0.	0.
5535	-0.34392	-2.2944e-002	0.	0.
5536	0.42292	1.2028e-002	0.	0.
5537	0.41242	-7.1515e-003	0.	0.
5538	0.41334	-3.1503e-003	0.	0.
5539	-0.33108	-2.4271e-003	0.	0.
5540	-0.33542	-1.0635e-002	0.	0.
5541	-0.33789	-1.4635e-002	0.	0.
5542	-0.33377	3.9587e-003	0.	0.
5543	-0.332	2.2906e-002	0.	0.
5544	0.38869	-2.3125e-003	0.	0.
5545	0.3855	-8.5e-003	0.	0.
5546	0.38125	-1.675e-002	0.	0.
5547	-0.39485	1.8972e-002	0.	0.
5548	-0.31165	-2.2997e-002	0.	0.
5549	0.416	1.1645e-002	0.	0.
5550	-0.40667	-1.05e-002	0.	0.
5551	-0.33792	-2.2955e-002	0.	0.
5552	0.30158	2.276e-002	0.	0.
5553	-0.40575	8.2083e-003	0.	0.
5554	-0.32042	1.4375e-002	0.	0.
5555	-0.33967	8.25e-003	0.	0.
5556	-0.32345	2.0877e-002	0.	0.
5557	0.39163	-2.3698e-003	0.	0.
5558	0.32372	-9.7266e-003	0.	0.
5559	0.32382	9.3693e-003	0.	0.
5560	-0.32113	-9.8114e-003	0.	0.
5561	-0.32817	-8.5854e-003	0.	0.
5562	-0.32495	-2.469e-003	0.	0.
5563	-0.33233	-1.6917e-002	0.	0.
5564	-0.32621	-1.2385e-002	0.	0.
5565	-0.32404	-8.3021e-003	0.	0.
5566	-0.36742	1.6667e-002	0.	0.
5567	-0.38367	-1.0417e-002	0.	0.
5568	-0.392	2.2917e-002	0.	0.
5569	-0.40025	1.4583e-002	0.	0.
5570	-0.36	-2.2917e-002	0.	0.
5571	-0.362	-2.2917e-002	0.	0.
5572	0.366	2.2917e-002	0.	0.
5573	0.36369	-2.2773e-002	0.	0.
5574	-0.32337	7.3854e-003	0.	0.
5575	0.30978	1.5466e-002	0.	0.
5576	-0.42283	6.1133e-003	0.	0.
5577	-0.31393	1.7076e-002	0.	0.
5578	-0.40613	-2.2986e-002	0.	0.
5579	0.40165	1.65e-002	0.	0.
5580	0.38815	-1.4596e-002	0.	0.
5581	0.3902	-1.0631e-002	0.	0.
5582	0.39457	-2.4271e-003	0.	0.
5583	0.38405	-2.2948e-002	0.	0.
5584	-0.38899	-8.3333e-003	0.	0.
5585	-0.34508	-2.1562e-003	0.	0.
5586	0.4202	-1.6837e-002	0.	0.
5587	0.41884	-2.2509e-002	0.	0.
5588	-0.342	1.9444e-002	0.	0.
5589	-0.30833	1.1505e-002	0.	0.
5590	0.39333	-1.0672e-002	0.	0.
5591	0.42083	1.5056e-002	0.	0.
5592	-0.31739	1.362e-002	0.	0.
5593	0.32761	-1.6389e-002	0.	0.
5594	0.40018	1.4421e-002	0.	0.
5595	-0.40879	2.0986e-002	0.	0.
5596	0.41165	1.1035e-002	0.	0.
5597	0.32009	-2.1833e-002	0.	0.
5598	0.31991	2.1781e-002	0.	0.
5599	-0.39321	8.3333e-003	0.	0.
5600	-0.38579	2.3143e-002	0.	0.
5601	0.31082	-4.8264e-004	0.	0.
5602	0.39404	-2.2958e-002	0.	0.
5603	0.35191	-1.7626e-002	0.	0.
5604	0.39683	-1.0715e-002	0.	0.
5605	0.39911	-4.5256e-003	0.	0.
5606	0.39004	-2.2958e-002	0.	0.
5607	0.39317	-1.6833e-002	0.	0.
5608	-0.40354	1.6667e-002	0.	0.
5609	0.3843	1.4469e-002	0.	0.
5610	-0.42288	-4.1528e-003	0.	0.
5611	0.36081	-1.25e-002	0.	0.
5612	0.42271	-1.9379e-002	0.	0.
5613	-0.34233	-8.4687e-003	0.	0.
5614	-0.30594	-1.6939e-002	0.	0.
5615	0.30221	-1.0422e-002	0.	0.
5616	0.41248	2.0979e-002	0.	0.
5617	-0.31812	2.0762e-003	0.	0.
5618	-0.39258	-2.1065e-002	0.	0.
5619	0.41843	-4.3629e-003	0.	0.
5620	0.41752	-6.3333e-003	0.	0.
5621	-0.30194	-1.3797e-002	0.	0.
5622	0.35828	1.6667e-002	0.	0.
5623	0.36902	1.4383e-002	0.	0.
5624	-0.41575	1.4983e-002	0.	0.
5625	0.35489	1.4422e-002	0.	0.
5626	-0.37708	-1.4583e-002	0.	0.
5627	-0.34509	1.4409e-002	0.	0.
5628	0.36083	2.0833e-002	0.	0.
5629	0.37208	2.2917e-002	0.	0.
5630	0.3884	-1.0604e-002	0.	0.
5631	0.35846	-2.066e-002	0.	0.
5632	0.33442	-1.0417e-002	0.	0.
5633	-0.40208	2.2917e-002	0.	0.
5634	0.34017	-2.0833e-002	0.	0.
5635	-0.38041	2.066e-002	0.	0.
5636	-0.38392	-2.2917e-002	0.	0.
5637	0.31111	2.0675e-002	0.	0.
5638	0.30871	-2.0109e-002	0.	0.
5639	-0.41233	-1.9042e-002	0.	0.
5640	-0.37165	-2.1684e-019	0.	0.
5641	0.35435	-2.1684e-019	0.	0.
5642	0.32876	2.2676e-003	0.	0.
5643	0.3021	-1.8001e-002	0.	0.
5644	-0.31575	-1.7974e-002	0.	0.
5645	0.40783	1.65e-002	0.	0.
5646	-0.30178	-1.5961e-002	0.	0.
5647	-0.41017	-2.3056e-002	0.	0.
5648	0.38006	-2.2938e-002	0.	0.
5649	0.3017	1.7832e-002	0.	0.
5650	0.37139	-2.0841e-002	0.	0.
5651	0.38247	1.0302e-002	0.	0.
5652	-0.41352	-2.2799e-002	0.	0.
5653	-0.32202	-2.8617e-004	0.	0.
5654	0.38605	-2.2948e-002	0.	0.
5655	-0.37139	-2.0887e-002	0.	0.
5656	0.41232	1.7097e-002	0.	0.
5657	0.39651	-1.4676e-002	0.	0.
5658	0.39804	-2.2958e-002	0.	0.
5659	0.31321	1.7141e-002	0.	0.
5660	0.30813	4.6875e-003	0.	0.
5661	0.33243	-4.7542e-003	0.	0.
5662	0.33263	1.5625e-003	0.	0.
5663	0.32937	4.6875e-003	0.	0.
5664	0.37852	1.6607e-002	0.	0.
5665	0.32604	-1.4318e-002	0.	0.
5666	0.30822	7.1955e-003	0.	0.
5667	-0.34692	-1.6732e-002	0.	0.
5668	0.33807	2.1688e-003	0.	0.
5669	0.36058	-1.6667e-002	0.	0.
5670	0.33274	-1.8906e-002	0.	0.
5671	0.32859	-1.8575e-002	0.	0.
5672	0.32831	1.8912e-002	0.	0.
5673	0.33275	1.896e-002	0.	0.
5674	0.33388	2.0833e-002	0.	0.
5675	0.30958	-1.5711e-002	0.	0.
5676	0.33456	-1.5104e-002	0.	0.
5677	-0.31854	1.9159e-002	0.	0.
5678	0.31071	-9.3936e-003	0.	0.
5679	-0.35817	2.2917e-002	0.	0.
5680	0.42342	2.2416e-002	0.	0.
5681	-0.36299	1.0417e-003	0.	0.
5682	0.36699	-1.0417e-003	0.	0.
5683	0.31515	6.6245e-003	0.	0.
5684	0.31933	-8.4107e-003	0.	0.
5685	0.32569	5.375e-003	0.	0.
5686	0.32185	3.745e-003	0.	0.
5687	-0.31545	-4.6458e-003	0.	0.
5688	-0.41623	-1.1486e-002	0.	0.
5689	-0.33274	-2.1125e-002	0.	0.
5690	0.32763	1.1281e-002	0.	0.
5691	-0.31554	1.5367e-002	0.	0.
5692	0.37977	4.1042e-003	0.	0.
5693	-0.30778	2.2902e-002	0.	0.
5694	0.37902	-1.6732e-002	0.	0.
5695	0.40992	1.6806e-002	0.	0.
5696	-0.41655	4.6232e-003	0.	0.
5697	-0.41869	3.4792e-003	0.	0.
5698	-0.41856	7.9375e-003	0.	0.
5699	-0.37422	2.2917e-002	0.	0.
5700	-0.30898	-1.635e-002	0.	0.
5701	0.35947	1.4583e-002	0.	0.
5702	0.33711	8.3333e-003	0.	0.
5703	-0.38261	-2.0833e-002	0.	0.
5704	0.40587	-2.2958e-002	0.	0.
5705	0.37695	1.4432e-002	0.	0.
5706	0.30217	-2.0521e-002	0.	0.
5707	0.30433	2.0042e-002	0.	0.
5708	0.35966	-2.1973e-002	0.	0.
5709	-0.35635	-1.3214e-002	0.	0.
5710	-0.38166	2.1962e-002	0.	0.
5711	-0.41427	-1.4493e-002	0.	0.
5712	-0.30222	-2.0632e-002	0.	0.
5713	-0.41215	1.5101e-002	0.	0.
5714	-0.37625	-2.2917e-002	0.	0.
5715	-0.3459	2.3175e-002	0.	0.
5716	0.3541	2.3175e-002	0.	0.
5717	0.34625	-2.2917e-002	0.	0.
5718	0.33775	2.2917e-002	0.	0.
5719	0.33225	2.2917e-002	0.	0.
5720	-0.37625	2.2917e-002	0.	0.
5721	0.34071	1.4285e-002	0.	0.
5722	0.34175	2.2917e-002	0.	0.
5723	0.34075	-1.4583e-002	0.	0.
5724	0.3248	-2.0467e-002	0.	0.
5725	-0.34867	-2.1067e-002	0.	0.
5726	0.40823	2.1518e-003	0.	0.
5727	-0.42013	2.3097e-002	0.	0.
5728	0.40884	-1.7031e-002	0.	0.
5729	0.41109	-1.3086e-002	0.	0.
5730	-0.33131	1.7125e-002	0.	0.
5731	-0.33444	1.4e-002	0.	0.
5732	0.37718	-2.0861e-002	0.	0.
5733	0.31541	2.2832e-002	0.	0.
5734	0.31541	-2.2832e-002	0.	0.
5735	-0.31458	2.3333e-002	0.	0.
5736	-0.40844	1.6896e-002	0.	0.
5737	-0.41081	1.3187e-002	0.	0.
5738	-0.40883	9.9444e-003	0.	0.
5739	-0.39571	2.2917e-002	0.	0.
5740	0.40444	-2.0917e-002	0.	0.
5741	-0.4122	1.9247e-002	0.	0.
5742	0.33419	1.0417e-002	0.	0.
5743	-0.37969	-2.2917e-002	0.	0.
5744	0.32381	2.2958e-002	0.	0.
5745	-0.40983	1.9056e-002	0.	0.
5746	-0.41004	2.3069e-002	0.	0.
5747	0.32845	1.4423e-002	0.	0.
5748	-0.41444	1.1402e-002	0.	0.
5749	-0.32635	2.3183e-002	0.	0.
5750	-0.30224	9.6085e-003	0.	0.
5751	-0.42308	-1.9995e-002	0.	0.
5752	-0.38987	-2.3164e-002	0.	0.
5753	-0.3999	2.2917e-002	0.	0.
5754	-0.38784	1.4556e-002	0.	0.
5755	0.34908	-2.0833e-002	0.	0.
5756	-0.40454	-1.4375e-002	0.	0.
5757	-0.42302	-1.4488e-002	0.	0.
5758	-0.38731	-2.0928e-002	0.	0.
5759	-0.31458	3.0878e-003	0.	0.
5760	0.30231	-8.2422e-003	0.	0.
5761	0.36403	1.4323e-002	0.	0.
5762	0.32985	6.8998e-003	0.	0.
5763	0.41918	-7.75e-003	0.	0.
5764	0.37963	7.2161e-003	0.	0.
5765	-0.30599	-2.2814e-002	0.	0.
5766	0.4181	7.9792e-003	0.	0.
5767	0.32194	-1.0365e-003	0.	0.
5768	0.312	-2.2938e-002	0.	0.
5769	0.30991	-2.2691e-002	0.	0.
5770	0.31206	2.3102e-002	0.	0.
5771	0.41392	2.3028e-002	0.	0.
5772	0.36507	-8.0415e-003	0.	0.
5773	0.34875	-1.0417e-002	0.	0.
5774	0.35417	8.3333e-003	0.	0.
5775	0.34983	8.3333e-003	0.	0.
5776	0.34825	1.4583e-002	0.	0.
5777	0.35092	6.25e-003	0.	0.
5778	0.35633	1.25e-002	0.	0.
5779	0.34739	-1.2536e-002	0.	0.
5780	0.37051	1.0723e-002	0.	0.
5781	0.36076	8.0546e-003	0.	0.
5782	0.36555	1.9456e-003	0.	0.
5783	-0.348	8.3333e-003	0.	0.
5784	-0.36533	-1.25e-002	0.	0.
5785	-0.361	-8.3333e-003	0.	0.
5786	-0.361	8.3333e-003	0.	0.
5787	0.3585	4.1667e-003	0.	0.
5788	-0.35429	-4.2163e-003	0.	0.
5789	-0.35342	2.0833e-003	0.	0.
5790	-0.37833	-4.1667e-003	0.	0.
5791	-0.37183	-8.3333e-003	0.	0.
5792	-0.36858	1.0417e-002	0.	0.
5793	-0.37942	-1.0417e-002	0.	0.
5794	-0.38267	-4.1667e-003	0.	0.
5795	-0.37942	1.0417e-002	0.	0.
5796	-0.37508	1.0417e-002	0.	0.
5797	0.34983	4.1667e-003	0.	0.
5798	-0.37617	4.1667e-003	0.	0.
5799	-0.37617	-8.3333e-003	0.	0.
5800	-0.36533	-4.1667e-003	0.	0.
5801	0.37258	2.0833e-003	0.	0.
5802	0.33158	-2.0833e-002	0.	0.
5803	-0.35175	-2.2922e-002	0.	0.
5804	-0.35992	-6.25e-003	0.	0.
5805	0.35958	-6.25e-003	0.	0.
5806	-0.36642	-6.25e-003	0.	0.
5807	-0.35558	6.25e-003	0.	0.
5808	-0.37942	-6.25e-003	0.	0.
5809	-0.37508	6.25e-003	0.	0.
5810	-0.38483	0.	0.	0.
5811	-0.39133	0.	0.	0.
5812	-0.39773	1.8002e-004	0.	0.
5813	-0.35233	0.	0.	0.
5814	-0.35883	0.	0.	0.
5815	0.34117	0.	0.	0.
5816	0.37583	0.	0.	0.
5817	0.36283	0.	0.	0.
5818	-0.36964	1.2798e-002	0.	0.
5819	-0.37617	1.25e-002	0.	0.
5820	-0.37833	-1.25e-002	0.	0.
5821	-0.34367	1.25e-002	0.	0.
5822	0.35308	2.0833e-003	0.	0.
5823	-0.37292	2.0833e-003	0.	0.
5824	-0.35001	4.4643e-003	0.	0.
5825	-0.35649	-7.7872e-003	0.	0.
5826	-0.36208	-2.0833e-003	0.	0.
5827	0.32933	2.0833e-002	0.	0.
5828	-0.38375	-2.0833e-003	0.	0.
5829	-0.3805	-8.3333e-003	0.	0.
5830	-0.35775	-2.0833e-003	0.	0.
5831	0.36175	2.0833e-003	0.	0.
5832	-0.3707	-1.0712e-002	0.	0.
5833	-0.35125	-2.0833e-003	0.	0.
5834	-0.35135	1.0708e-002	0.	0.
5835	-0.34475	1.0417e-002	0.	0.
5836	-0.37725	-2.0833e-003	0.	0.
5837	-0.3545	4.1667e-003	0.	0.
5838	0.39856	-1.4906e-002	0.	0.
5839	-0.34146	1.6319e-002	0.	0.
5840	-0.38054	-1.6319e-002	0.	0.
5841	0.40745	-1.5023e-002	0.	0.
5842	0.36821	-1.3542e-002	0.	0.
5843	0.33022	-8.4215e-003	0.	0.
5844	0.37424	-2.2922e-002	0.	0.
5845	0.40245	7.8125e-004	0.	0.
5846	-0.38591	2.0833e-003	0.	0.
5847	0.30189	1.04e-002	0.	0.
5848	0.30213	8.2578e-003	0.	0.
5849	0.41671	2.0086e-002	0.	0.
5850	-0.32356	-1.6286e-002	0.	0.
5851	-0.31977	-1.1839e-002	0.	0.
5852	-0.32059	-1.3971e-002	0.	0.
5853	-0.32494	-1.4318e-002	0.	0.
5854	-0.31337	-1.7083e-002	0.	0.
5855	-0.42106	1.3345e-002	0.	0.
5856	-0.36637	-1.9097e-002	0.	0.
5857	-0.39022	2.0833e-003	0.	0.
5858	0.32675	-8.1563e-003	0.	0.
5859	0.32475	-1.1969e-002	0.	0.
5860	0.32475	1.1969e-002	0.	0.
5861	0.41294	-1.6459e-002	0.	0.
5862	-0.304	-6.5833e-003	0.	0.
5863	-0.30191	1.999e-002	0.	0.
5864	0.32286	-6.7188e-003	0.	0.
5865	-0.31753	6.1094e-003	0.	0.
5866	-0.31864	1.0132e-002	0.	0.
5867	0.41032	-1.1225e-002	0.	0.
5868	0.306	-1.3344e-002	0.	0.
5869	0.41306	5.2292e-003	0.	0.
5870	-0.38821	-2.2428e-003	0.	0.
5871	-0.38584	1.7839e-002	0.	0.
5872	-0.34201	2.1581e-002	0.	0.
5873	-0.39208	-1.7561e-002	0.	0.
5874	-0.40015	-1.7536e-002	0.	0.
5875	0.35781	2.1703e-002	0.	0.
5876	0.37737	-3.8859e-003	0.	0.
5877	-0.3251	-6.4427e-003	0.	0.
5878	-0.32727	-1.0526e-002	0.	0.
5879	-0.32402	-4.401e-003	0.	0.
5880	-0.32835	-1.2568e-002	0.	0.
5881	-0.32294	-2.3594e-003	0.	0.
5882	-0.32406	-1.2203e-002	0.	0.
5883	-0.32619	-8.4844e-003	0.	0.
5884	-0.32928	-1.4467e-002	0.	0.
5885	0.42295	1.8392e-002	0.	0.
5886	-0.35388	-1.7719e-002	0.	0.
5887	-0.39339	4.1667e-003	0.	0.
5888	-0.38897	3.9892e-003	0.	0.
5889	0.41074	-1.7647e-003	0.	0.
5890	-0.30396	1.6866e-002	0.	0.
5891	0.40454	2.3046e-002	0.	0.
5892	-0.31999	-3.9297e-003	0.	0.
5893	0.42328	-1.2264e-002	0.	0.
5894	0.40433	1.418e-002	0.	0.
5895	0.37211	-1.742e-002	0.	0.
5896	-0.41285	-1.5675e-002	0.	0.
5897	0.3111	1.7813e-003	0.	0.
5898	0.4208	1.0806e-002	0.	0.
5899	-0.40146	1.0375e-002	0.	0.
5900	-0.37496	-1.4583e-002	0.	0.
5901	-0.36954	1.6369e-002	0.	0.
5902	-0.37496	1.4583e-002	0.	0.
5903	-0.39437	6.25e-003	0.	0.
5904	-0.39231	-6.5914e-003	0.	0.
5905	0.33904	4.1667e-003	0.	0.
5906	0.36388	-1.875e-002	0.	0.
5907	0.36811	-1.901e-002	0.	0.
5908	0.36367	1.8916e-002	0.	0.
5909	0.36808	1.9046e-002	0.	0.
5910	0.3063	-2.5132e-004	0.	0.
5911	-0.36213	-1.875e-002	0.	0.
5912	-0.35772	-1.901e-002	0.	0.
5913	-0.35512	-1.6583e-002	0.	0.
5914	0.37067	-1.6667e-002	0.	0.
5915	0.33069	-1.4247e-002	0.	0.
5916	0.33069	1.4166e-002	0.	0.
5917	0.31513	-3.3711e-003	0.	0.
5918	0.31886	-5.2344e-003	0.	0.
5919	0.41704	5.8194e-003	0.	0.
5920	0.31512	-5.8358e-003	0.	0.
5921	-0.31414	8.5313e-003	0.	0.
5922	-0.32153	3.2564e-003	0.	0.
5923	-0.31641	9.2969e-003	0.	0.
5924	-0.36464	2.4032e-004	0.	0.
5925	0.36861	-4.3368e-019	0.	0.
5926	0.33831	1.0417e-002	0.	0.
5927	-0.36727	-2.1007e-002	0.	0.
5928	-0.36614	-2.3003e-002	0.	0.
5929	-0.30791	-2.0207e-002	0.	0.
5930	0.32447	-2.2028e-002	0.	0.
5931	0.40835	1.2271e-002	0.	0.
5932	0.40913	1.4681e-002	0.	0.
5933	-0.3911	8.3333e-003	0.	0.
5934	-0.38578	-1.0077e-002	0.	0.
5935	-0.31108	-1.0894e-002	0.	0.
5936	-0.31396	2.1286e-002	0.	0.
5937	-0.30343	-4.5612e-003	0.	0.
5938	0.42093	2.0275e-002	0.	0.
5939	0.4231	-1.0174e-002	0.	0.
5940	0.35393	1.6319e-002	0.	0.
5941	-0.34607	1.6319e-002	0.	0.
5942	-0.35192	-1.4636e-002	0.	0.
5943	0.36147	-2.3019e-002	0.	0.
5944	-0.38354	2.3054e-002	0.	0.
5945	0.3629	-1.25e-002	0.	0.
5946	-0.39215	-1.0151e-002	0.	0.
5947	0.30367	2.2521e-002	0.	0.
5948	-0.35933	1.3631e-002	0.	0.
5949	-0.30194	-1.1797e-002	0.	0.
5950	-0.30581	-1.3391e-002	0.	0.
5951	-0.42194	2.3119e-002	0.	0.
5952	-0.38606	-1.4063e-002	0.	0.
5953	0.37398	-1.457e-002	0.	0.
5954	-0.35756	1.25e-002	0.	0.
5955	-0.36937	-2.1034e-002	0.	0.
5956	-0.36132	1.4577e-002	0.	0.
5957	-0.3512	1.4392e-002	0.	0.
5958	0.3595	1.8835e-002	0.	0.
5959	-0.31068	1.957e-002	0.	0.
5960	-0.37271	-1.6667e-002	0.	0.
5961	-0.31127	1.4648e-002	0.	0.
5962	-0.3124	2.309e-002	0.	0.
5963	0.41385	-1.8204e-002	0.	0.
5964	-0.38998	-1.2769e-002	0.	0.
5965	0.35602	-1.9236e-002	0.	0.
5966	-0.38892	1.0417e-002	0.	0.
5967	-0.40199	1.6624e-004	0.	0.
5968	-0.40817	-2.4711e-004	0.	0.
5969	-0.403	-2.2083e-003	0.	0.
5970	0.41371	1.1338e-002	0.	0.
5971	-0.40717	1.8056e-003	0.	0.
5972	-0.406	3.9444e-003	0.	0.
5973	-0.40188	3.8433e-003	0.	0.
5974	-0.38449	-1.4714e-002	0.	0.
5975	-0.38262	1.4583e-002	0.	0.
5976	-0.39858	-6.2917e-003	0.	0.
5977	-0.40483	-6.4167e-003	0.	0.
5978	-0.40692	6.0417e-003	0.	0.
5979	-0.40575	-8.4583e-003	0.	0.
5980	-0.39742	-8.3611e-003	0.	0.
5981	-0.40367	8.2292e-003	0.	0.
5982	-0.347	2.0625e-003	0.	0.
5983	-0.40158	-8.4028e-003	0.	0.
5984	-0.40233	1.4583e-002	0.	0.
5985	0.32817	2.2917e-002	0.	0.
5986	0.33569	2.2166e-004	0.	0.
5987	-0.4049	2.1351e-002	0.	0.
5988	-0.37467	-1.875e-002	0.	0.
5989	-0.36633	1.875e-002	0.	0.
5990	-0.38246	-1.2364e-002	0.	0.
5991	-0.40118	-1.2684e-002	0.	0.
5992	-0.39717	1.25e-002	0.	0.
5993	-0.4036	1.2346e-002	0.	0.
5994	-0.38467	1.25e-002	0.	0.
5995	-0.39092	1.25e-002	0.	0.
5996	0.35742	-8.3333e-003	0.	0.
5997	0.35092	-4.1667e-003	0.	0.
5998	0.3436	-2.1737e-003	0.	0.
5999	-0.35883	-1.0417e-002	0.	0.
6000	0.36807	8.2212e-003	0.	0.
6001	0.36531	-2.0752e-003	0.	0.
6002	0.36846	4.3377e-003	0.	0.
6003	-0.36131	2.0752e-003	0.	0.
6004	0.33017	-2.2917e-002	0.	0.
6005	-0.37375	1.6667e-002	0.	0.
6006	0.36908	2.0833e-002	0.	0.
6007	-0.39629	1.062e-002	0.	0.
6008	0.30433	5.0833e-003	0.	0.
6009	-0.40905	-1.7523e-002	0.	0.
6010	-0.40675	-1.4167e-002	0.	0.
6011	-0.42017	-2.3089e-002	0.	0.
6012	-0.41813	-2.3043e-002	0.	0.
6013	0.31148	-5.9785e-003	0.	0.
6014	0.32724	3.9896e-003	0.	0.
6015	-0.30936	5.659e-005	0.	0.
6016	-0.30953	-2.1302e-003	0.	0.
6017	0.42215	-2.3104e-002	0.	0.
6018	-0.31531	5.2187e-003	0.	0.
6019	0.31151	-1.5568e-002	0.	0.
6020	-0.39401	1.4183e-002	0.	0.
6021	0.35642	-1.0842e-019	0.	0.
6022	-0.36958	-1.0842e-019	0.	0.
6023	-0.41537	-7.0417e-003	0.	0.
6024	-0.4148	-4.6768e-003	0.	0.
6025	-0.31879	-9.6146e-003	0.	0.
6026	-0.37257	1.875e-002	0.	0.
6027	0.32158	-2.3262e-002	0.	0.
6028	0.32153	2.3e-002	0.	0.
6029	-0.36407	-2.296e-002	0.	0.
6030	0.37682	2.0677e-003	0.	0.
6031	0.34605	5.5724e-003	0.	0.
6032	-0.30422	-9.8438e-004	0.	0.
6033	-0.40417	-1.8953e-002	0.	0.
6034	-0.34722	-2.2864e-002	0.	0.
6035	0.41283	9.2037e-003	0.	0.
6036	-0.41556	-1.8396e-002	0.	0.
6037	0.30433	9.375e-004	0.	0.
6038	-0.39606	-1.875e-002	0.	0.
6039	-0.39001	1.9037e-002	0.	0.
6040	0.36706	-2.0833e-002	0.	0.
6041	-0.31785	-1.9277e-002	0.	0.
6042	-0.30035	2.3164e-002	0.	0.
6043	-0.2985	2.3e-002	0.	0.
6044	-0.2965	2.3e-002	0.	0.
6045	-0.2945	2.3e-002	0.	0.
6046	-0.2925	2.3e-002	0.	0.
6047	-0.2905	2.3e-002	0.	0.
6048	-0.2885	2.3e-002	0.	0.
6049	-0.2865	2.3e-002	0.	0.
6050	-0.2845	2.3e-002	0.	0.
6051	-0.2825	2.3e-002	0.	0.
6052	-0.2805	2.3e-002	0.	0.
6053	-0.2785	2.3e-002	0.	0.
6054	-0.2765	2.3e-002	0.	0.
6055	-0.2745	2.3e-002	0.	0.
6056	-0.2725	2.3e-002	0.	0.
6057	-0.2705	2.3e-002	0.	0.
6058	-0.2685	2.3e-002	0.	0.
6059	-0.2665	2.3e-002	0.	0.
6060	-0.2645	2.3e-002	0.	0.
6061	-0.2625	2.3e-002	0.	0.
6062	-0.2605	2.3e-002	0.	0.
6063	-0.2585	2.3e-002	0.	0.
6064	-0.2565	2.3e-002	0.	0.
6065	-0.2545	2.3e-002	0.	0.
6066	-0.2525	2.3e-002	0.	0.
6067	-0.2505	2.3e-002	0.	0.
6068	-0.2485	2.3e-002	0.	0.
6069	-0.2465	2.3e-002	0.	0.
6070	-0.2445	2.3e-002	0.	0.
6071	-0.2425	2.3e-002	0.	0.
6072	-0.2405	2.3e-002	0.	0.
6073	-0.2385	2.3e-002	0.	0.
6074	-0.2365	2.3e-002	0.	0.
6075	-0.2345	2.3e-002	0.	0.
6076	-0.2325	2.3e-002	0.	0.
6077	-0.2305	2.3e-002	0.	0.
6078	-0.2285	2.3e-002	0.	0.
6079	-0.2265	2.3e-002	0.	0.
6080	-0.2245	2.3e-002	0.	0.
6081	-0.2225	2.3e-002	0.	0.
6082	-0.2205	2.3e-002	0.	0.
6083	-0.2185	2.3e-002	0.	0.
6084	-0.2165	2.3e-002	0.	0.
6085	-0.2145	2.3e-002	0.	0.
6086	-0.2125	2.3e-002	0.	0.
6087	-0.2105	2.3e-002	0.	0.
6088	-0.2085	2.3e-002	0.	0.
6089	-0.2065	2.3e-002	0.	0.
6090	-0.2045	2.3e-002	0.	0.
6091	-0.2025	2.3e-002	0.	0.
6092	-0.2005	2.3e-002	0.	0.
6093	-0.1985	2.3e-002	0.	0.
6094	-0.1965	2.3e-002	0.	0.
6095	-0.1945	2.3e-002	0.	0.
6096	-0.1925	2.3e-002	0.	0.
6097	-0.1905	2.3e-002	0.	0.
6098	-0.1885	2.3e-002	0.	0.
6099	-0.1865	2.3e-002	0.	0.
6100	-0.1845	2.3e-002	0.	0.
6101	-0.1825	2.3e-002	0.	0.
6102	-0.1805	2.3e-002	0.	0.
6103	-0.1785	2.3e-002	0.	0.
6104	-0.1765	2.3e-002	0.	0.
6105	-0.1745	2.3e-002	0.	0.
6106	-0.1725	2.3e-002	0.	0.
6107	-0.1705	2.3e-002	0.	0.
6108	-0.1685	2.3e-002	0.	0.
6109	-0.1665	2.3e-002	0.	0.
6110	-0.1645	2.3e-002	0.	0.
6111	-0.1625	2.3e-002	0.	0.
6112	-0.1605	2.3e-002	0.	0.
6113	-0.1585	2.3e-002	0.	0.
6114	-0.1565	2.3e-002	0.	0.
6115	-0.1545	2.3e-002	0.	0.
6116	-0.1525	2.3e-002	0.	0.
6117	-0.1505	2.3e-002	0.	0.
6118	-0.1485	2.3e-002	0.	0.
6119	-0.1465	2.3e-002	0.	0.
6120	-0.1445	2.3e-002	0.	0.
6121	-0.1425	2.3e-002	0.	0.
6122	-0.1405	2.3e-002	0.	0.
6123	-0.1385	2.3e-002	0.	0.
6124	-0.1365	2.3e-002	0.	0.
6125	-0.1345	2.3e-002	0.	0.
6126	-0.1325	2.3e-002	0.	0.
6127	-0.1305	2.3e-002	0.	0.
6128	-0.1285	2.3e-002	0.	0.
6129	-0.1265	2.3e-002	0.	0.
6130	-0.1245	2.3e-002	0.	0.
6131	-0.1225	2.3e-002	0.	0.
6132	-0.1205	2.3e-002	0.	0.
6133	-0.1185	2.3e-002	0.	0.
6134	-0.1165	2.3e-002	0.	0.
6135	-0.1145	2.3e-002	0.	0.
6136	-0.1125	2.3e-002	0.	0.
6137	-0.1105	2.3e-002	0.	0.
6138	-0.1085	2.3e-002	0.	0.
6139	-0.1065	2.3e-002	0.	0.
6140	-0.1045	2.3e-002	0.	0.
6141	-0.1025	2.3e-002	0.	0.
6142	-0.1005	2.3e-002	0.	0.
6143	-9.85e-002	2.3e-002	0.	0.
6144	-9.65e-002	2.3e-002	0.	0.
6145	-9.45e-002	2.3e-002	0.	0.
6146	-9.25e-002	2.3e-002	0.	0.
6147	-9.05e-002	2.3e-002	0.	0.
6148	-8.85e-002	2.3e-002	0.	0.
6149	-8.65e-002	2.3e-002	0.	0.
6150	-8.45e-002	2.3e-002	0.	0.
6151	-8.25e-002	2.3e-002	0.	0.
6152	-8.05e-002	2.3e-002	0.	0.
6153	-7.85e-002	2.3e-002	0.	0.
6154	-7.65e-002	2.3e-002	0.	0.
6155	-7.45e-002	2.3e-002	0.	0.
6156	-7.25e-002	2.3e-002	0.	0.
6157	-7.05e-002	2.3e-002	0.	0.
6158	-6.85e-002	2.3e-002	0.	0.
6159	-6.65e-002	2.3e-002	0.	0.
6160	-6.45e-002	2.3e-002	0.	0.
6161	-6.25e-002	2.3e-002	0.	0.
6162	-6.05e-002	2.3e-002	0.	0.
6163	-5.85e-002	2.3e-002	0.	0.
6164	-5.65e-002	2.3e-002	0.	0.
6165	-5.45e-002	2.3e-002	0.	0.
6166	-5.25e-002	2.3e-002	0.	0.
6167	-5.05e-002	2.3e-002	0.	0.
6168	-4.85e-002	2.3e-002	0.	0.
6169	-4.65e-002	2.3e-002	0.	0.
6170	-4.45e-002	2.3e-002	0.	0.
6171	-4.25e-002	2.3e-002	0.	0.
6172	-4.05e-002	2.3e-002	0.	0.
6173	-3.85e-002	2.3e-002	0.	0.
6174	-3.65e-002	2.3e-002	0.	0.
6175	-3.45e-002	2.3e-002	0.	0.
6176	-3.25e-002	2.3e-002	0.	0.
6177	-3.05e-002	2.3e-002	0.	0.
6178	-2.85e-002	2.3e-002	0.	0.
6179	-2.65e-002	2.3e-002	0.	0.
6180	-2.45e-002	2.3e-002	0.	0.
6181	-2.25e-002	2.3e-002	0.	0.
6182	-2.05e-002	2.3e-002	0.	0.
6183	-1.85e-002	2.3e-002	0.	0.
6184	-1.65e-002	2.3e-002	0.	0.
6185	-1.45e-002	2.3e-002	0.	0.
6186	-1.25e-002	2.3e-002	0.	0.
6187	-1.05e-002	2.3e-002	0.	0.
6188	-8.5e-003	2.3e-002	0.	0.
6189	-6.5e-003	2.3e-002	0.	0.
6190	-4.5e-003	2.3e-002	0.	0.
6191	-2.5e-003	2.3e-002	0.	0.
6192	-5.e-004	2.3e-002	0.	0.
6193	1.5e-003	2.3e-002	0.	0.
6194	3.5e-003	2.3e-002	0.	0.
6195	5.5e-003	2.3e-002	0.	0.
6196	7.5e-003	2.3e-002	0.	0.
6197	9.5e-003	2.3e-002	0.	0.
6198	1.15e-002	2.3e-002	0.	0.
6199	1.35e-002	2.3e-002	0.	0.
6200	1.55e-002	2.3e-002	0.	0.
6201	1.75e-002	2.3e-002	0.	0.
6202	1.95e-002	2.3e-002	0.	0.
6203	2.15e-002	2.3e-002	0.	0.
6204	2.35e-002	2.3e-002	0.	0.
6205	2.55e-002	2.3e-002	0.	0.
6206	2.75e-002	2.3e-002	0.	0.
6207	2.95e-002	2.3e-002	0.	0.
6208	3.15e-002	2.3e-002	0.	0.
6209	3.35e-002	2.3e-002	0.	0.
6210	3.55e-002	2.3e-002	0.	0.
6211	3.75e-002	2.3e-002	0.	0.
6212	3.95e-002	2.3e-002	0.	0.
6213	4.15e-002	2.3e-002	0.	0.
6214	4.35e-002	2.3e-002	0.	0.
6215	4.55e-002	2.3e-002	0.	0.
6216	4.75e-002	2.3e-002	0.	0.
6217	4.95e-002	2.3e-002	0.	0.
6218	5.15e-002	2.3e-002	0.	0.
6219	5.35e-002	2.3e-002	0.	0.
6220	5.55e-002	2.3e-002	0.	0.
6221	5.75e-002	2.3e-002	0.	0.
6222	5.95e-002	2.3e-002	0.	0.
6223	6.15e-002	2.3e-002	0.	0.
6224	6.35e-002	2.3e-002	0.	0.
6225	6.55e-002	2.3e-002	0.	0.
6226	6.75e-002	2.3e-002	0.	0.
6227	6.95e-002	2.3e-002	0.	0.
6228	7.15e-002	2.3e-002	0.	0.
6229	7.35e-002	2.3e-002	0.	0.
6230	7.55e-002	2.3e-002	0.	0.
6231	7.75e-002	2.3e-002	0.	0.
6232	7.95e-002	2.3e-002	0.	0.
6233	8.15e-002	2.3e-002	0.	0.
6234	8.35e-002	2.3e-002	0.	0.
6235	8.55e-002	2.3e-002	0.	0.
6236	8.75e-002	2.3e-002	0.	0.
6237	8.95e-002	2.3e-002	0.	0.
6238	9.15e-002	2.3e-002	0.	0.
6239	9.35e-002	2.3e-002	0.	0.
6240	9.55e-002	2.3e-002	0.	0.
6241	9.75e-002	2.3e-002	0.	0.
6242	9.95e-002	2.3e-002	0.	0.
6243	0.1015	2.3e-002	0.	0.
6244	0.1035	2.3e-002	0.	0.
6245	0.1055	2.3e-002	0.	0.
6246	0.1075	2.3e-002	0.	0.
6247	0.1095	2.3e-002	0.	0.
6248	0.1115	2.3e-002	0.	0.
6249	0.1135	2.3e-002	0.	0.
6250	0.1155	2.3e-002	0.	0.
6251	0.1175	2.3e-002	0.	0.
6252	0.1195	2.3e-002	0.	0.
6253	0.1215	2.3e-002	0.	0.
6254	0.1235	2.3e-002	0.	0.
6255	0.1255	2.3e-002	0.	0.
6256	0.1275	2.3e-002	0.	0.
6257	0.1295	2.3e-002	0.	0.
6258	0.1315	2.3e-002	0.	0.
6259	0.1335	2.3e-002	0.	0.
6260	0.1355	2.3e-002	0.	0.
6261	0.1375	2.3e-002	0.	0.
6262	0.1395	2.3e-002	0.	0.
6263	0.1415	2.3e-002	0.	0.
6264	0.1435	2.3e-002	0.	0.
6265	0.1455	2.3e-002	0.	0.
6266	0.1475	2.3e-002	0.	0.
6267	0.1495	2.3e-002	0.	0.
6268	0.1515	2.3e-002	0.	0.
6269	0.1535	2.3e-002	0.	0.
6270	0.1555	2.3e-002	0.	0.
6271	0.1575	2.3e-002	0.	0.
6272	0.1595	2.3e-002	0.	0.
6273	0.1615	2.3e-002	0.	0.
6274	0.1635	2.3e-002	0.	0.
6275	0.1655	2.3e-002	0.	0.
6276	0.1675	2.3e-002	0.	0.
6277	0.1695	2.3e-002	0.	0.
6278	0.1715	2.3e-002	0.	0.
6279	0.1735	2.3e-002	0.	0.
6280	0.1755	2.3e-002	0.	0.
6281	0.1775	2.3e-002	0.	0.
6282	0.1795	2.3e-002	0.	0.
6283	0.1815	2.3e-002	0.	0.
6284	0.1835	2.3e-002	0.	0.
6285	0.1855	2.3e-002	0.	0.
6286	0.1875	2.3e-002	0.	0.
6287	0.1895	2.3e-002	0.	0.
6288	0.1915	2.3e-002	0.	0.
6289	0.1935	2.3e-002	0.	0.
6290	0.1955	2.3e-002	0.	0.
6291	0.1975	2.3e-002	0.	0.
6292	0.1995	2.3e-002	0.	0.
6293	0.2015	2.3e-002	0.	0.
6294	0.2035	2.3e-002	0.	0.
6295	0.2055	2.3e-002	0.	0.
6296	0.2075	2.3e-002	0.	0.
6297	0.2095	2.3e-002	0.	0.
6298	0.2115	2.3e-002	0.	0.
6299	0.2135	2.3e-002	0.	0.
6300	0.2155	2.3e-002	0.	0.
6301	0.2175	2.3e-002	0.	0.
6302	0.2195	2.3e-002	0.	0.
6303	0.2215	2.3e-002	0.	0.
6304	0.2235	2.3e-002	0.	0.
6305	0.2255	2.3e-002	0.	0.
6306	0.2275	2.3e-002	0.	0.
6307	0.2295	2.3e-002	0.	0.
6308	0.2315	2.3e-002	0.	0.
6309	0.2335	2.3e-002	0.	0.
6310	0.2355	2.3e-002	0.	0.
6311	0.2375	2.3e-002	0.	0.
6312	0.2395	2.3e-002	0.	0.
6313	0.2415	2.3e-002	0.	0.
6314	0.2435	2.3e-002	0.	0.
6315	0.2455	2.3e-002	0.	0.
6316	0.2475	2.3e-002	0.	0.
6317	0.2495	2.3e-002	0.	0.
6318	0.2515	2.3e-002	0.	0.
6319	0.2535	2.3e-002	0.	0.
6320	0.2555	2.3e-002	0.	0.
6321	0.2575	2.3e-002	0.	0.
6322	0.2595	2.3e-002	0.	0.
6323	0.2615	2.3e-002	0.	0.
6324	0.2635	2.3e-002	0.	0.
6325	0.2655	2.3e-002	0.	0.
6326	0.2675	2.3e-002	0.	0.
6327	0.2695	2.3e-002	0.	0.
6328	0.2715	2.3e-002	0.	0.
6329	0.2735	2.3e-002	0.	0.
6330	0.2755	2.3e-002	0.	0.
6331	0.2775	2.3e-002	0.	0.
6332	0.2795	2.3e-002	0.	0.
6333	0.2815	2.3e-002	0.	0.
6334	0.2835	2.3e-002	0.	0.
6335	0.2855	2.3e-002	0.	0.
6336	0.2875	2.3e-002	0.	0.
6337	0.2895	2.3e-002	0.	0.
6338	0.2915	2.3e-002	0.	0.
6339	0.2935	2.3e-002	0.	0.
6340	0.2955	2.3e-002	0.	0.
6341	0.2975	2.3e-002	0.	0.
6342	-0.2995	-2.3e-002	0.	0.
6343	-0.2975	-2.3e-002	0.	0.
6344	-0.2955	-2.3e-002	0.	0.
6345	-0.2935	-2.3e-002	0.	0.
6346	-0.2915	-2.3e-002	0.	0.
6347	-0.2895	-2.3e-002	0.	0.
6348	-0.2875	-2.3e-002	0.	0.
6349	-0.2855	-2.3e-002	0.	0.
6350	-0.2835	-2.3e-002	0.	0.
6351	-0.2815	-2.3e-002	0.	0.
6352	-0.2795	-2.3e-002	0.	0.
6353	-0.2775	-2.3e-002	0.	0.
6354	-0.2755	-2.3e-002	0.	0.
6355	-0.2735	-2.3e-002	0.	0.
6356	-0.2715	-2.3e-002	0.	0.
6357	-0.2695	-2.3e-002	0.	0.
6358	-0.2675	-2.3e-002	0.	0.
6359	-0.2655	-2.3e-002	0.	0.
6360	-0.2635	-2.3e-002	0.	0.
6361	-0.2615	-2.3e-002	0.	0.
6362	-0.2595	-2.3e-002	0.	0.
6363	-0.2575	-2.3e-002	0.	0.
6364	-0.2555	-2.3e-002	0.	0.
6365	-0.2535	-2.3e-002	0.	0.
6366	-0.2515	-2.3e-002	0.	0.
6367	-0.2495	-2.3e-002	0.	0.
6368	-0.2475	-2.3e-002	0.	0.
6369	-0.2455	-2.3e-002	0.	0.
6370	-0.2435	-2.3e-002	0.	0.
6371	-0.2415	-2.3e-002	0.	0.
6372	-0.2395	-2.3e-002	0.	0.
6373	-0.2375	-2.3e-002	0.	0.
6374	-0.2355	-2.3e-002	0.	0.
6375	-0.2335	-2.3e-002	0.	0.
6376	-0.2315	-2.3e-002	0.	0.
6377	-0.2295	-2.3e-002	0.	0.
6378	-0.2275	-2.3e-002	0.	0.
6379	-0.2255	-2.3e-002	0.	0.
6380	-0.2235	-2.3e-002	0.	0.
6381	-0.2215	-2.3e-002	0.	0.
6382	-0.2195	-2.3e-002	0.	0.
6383	-0.2175	-2.3e-002	0.	0.
6384	-0.2155	-2.3e-002	0.	0.
6385	-0.2135	-2.3e-002	0.	0.
6386	-0.2115	-2.3e-002	0.	0.
6387	-0.2095	-2.3e-002	0.	0.
6388	-0.2075	-2.3e-002	0.	0.
6389	-0.2055	-2.3e-002	0.	0.
6390	-0.2035	-2.3e-002	0.	0.
6391	-0.2015	-2.3e-002	0.	0.
6392	-0.1995	-2.3e-002	0.	0.
6393	-0.1975	-2.3e-002	0.	0.
6394	-0.1955	-2.3e-002	0.	0.
6395	-0.1935	-2.3e-002	0.	0.
6396	-0.1915	-2.3e-002	0.	0.
6397	-0.1895	-2.3e-002	0.	0.
6398	-0.1875	-2.3e-002	0.	0.
6399	-0.1855	-2.3e-002	0.	0.
6400	-0.1835	-2.3e-002	0.	0.
6401	-0.1815	-2.3e-002	0.	0.
6402	-0.1795	-2.3e-002	0.	0.
6403	-0.1775	-2.3e-002	0.	0.
6404	-0.1755	-2.3e-002	0.	0.
6405	-0.1735	-2.3e-002	0.	0.
6406	-0.1715	-2.3e-002	0.	0.
6407	-0.1695	-2.3e-002	0.	0.
6408	-0.1675	-2.3e-002	0.	0.
6409	-0.1655	-2.3e-002	0.	0.
6410	-0.1635	-2.3e-002	0.	0.
6411	-0.1615	-2.3e-002	0.	0.
6412	-0.1595	-2.3e-002	0.	0.
6413	-0.1575	-2.3e-002	0.	0.
6414	-0.1555	-2.3e-002	0.	0.
6415	-0.1535	-2.3e-002	0.	0.
6416	-0.1515	-2.3e-002	0.	0.
6417	-0.1495	-2.3e-002	0.	0.
6418	-0.1475	-2.3e-002	0.	0.
6419	-0.1455	-2.3e-002	0.	0.
6420	-0.1435	-2.3e-002	0.	0.
6421	-0.1415	-2.3e-002	0.	0.
6422	-0.1395	-2.3e-002	0.	0.
6423	-0.1375	-2.3e-002	0.	0.
6424	-0.1355	-2.3e-002	0.	0.
6425	-0.1335	-2.3e-002	0.	0.
6426	-0.1315	-2.3e-002	0.	0.
6427	-0.1295	-2.3e-002	0.	0.
6428	-0.1275	-2.3e-002	0.	0.
6429	-0.1255	-2.3e-002	0.	0.
6430	-0.1235	-2.3e-002	0.	0.
6431	-0.1215	-2.3e-002	0.	0.
6432	-0.1195	-2.3e-002	0.	0.
6433	-0.1175	-2.3e-002	0.	0.
6434	-0.1155	-2.3e-002	0.	0.
6435	-0.1135	-2.3e-002	0.	0.
6436	-0.1115	-2.3e-002	0.	0.
6437	-0.1095	-2.3e-002	0.	0.
6438	-0.1075	-2.3e-002	0.	0.
6439	-0.1055	-2.3e-002	0.	0.
6440	-0.1035	-2.3e-002	0.	0.
6441	-0.1015	-2.3e-002	0.	0.
6442	-9.95e-002	-2.3e-002	0.	0.
6443	-9.75e-002	-2.3e-002	0.	0.
6444	-9.55e-002	-2.3e-002	0.	0.
6445	-9.35e-002	-2.3e-002	0.	0.
6446	-9.15e-002	-2.3e-002	0.	0.
6447	-8.95e-002	-2.3e-002	0.	0.
6448	-8.75e-002	-2.3e-002	0.	0.
6449	-8.55e-002	-2.3e-002	0.	0.
6450	-8.35e-002	-2.3e-002	0.	0.
6451	-8.15e-002	-2.3e-002	0.	0.
6452	-7.95e-002	-2.3e-002	0.	0.
6453	-7.75e-002	-2.3e-002	0.	0.
6454	-7.55e-002	-2.3e-002	0.	0.
6455	-7.35e-002	-2.3e-002	0.	0.
6456	-7.15e-002	-2.3e-002	0.	0.
6457	-6.95e-002	-2.3e-002	0.	0.
6458	-6.75e-002	-2.3e-002	0.	0.
6459	-6.55e-002	-2.3e-002	0.	0.
6460	-6.35e-002	-2.3e-002	0.	0.
6461	-6.15e-002	-2.3e-002	0.	0.
6462	-5.95e-002	-2.3e-002	0.	0.
6463	-5.75e-002	-2.3e-002	0.	0.
6464	-5.55e-002	-2.3e-002	0.	0.
6465	-5.35e-002	-2.3e-002	0.	0.
6466	-5.15e-002	-2.3e-002	0.	0.
6467	-4.95e-002	-2.3e-002	0.	0.
6468	-4.75e-002	-2.3e-002	0.	0.
6469	-4.55e-002	-2.3e-002	0.	0.
6470	-4.35e-002	-2.3e-002	0.	0.
6471	-4.15e-002	-2.3e-002	0.	0.
6472	-3.95e-002	-2.3e-002	0.	0.
6473	-3.75e-002	-2.3e-002	0.	0.
6474	-3.55e-002	-2.3e-002	0.	0.
6475	-3.35e-002	-2.3e-002	0.	0.
6476	-3.15e-002	-2.3e-002	0.	0.
6477	-2.95e-002	-2.3e-002	0.	0.
6478	-2.75e-002	-2.3e-002	0.	0.
6479	-2.55e-002	-2.3e-002	0.	0.
6480	-2.35e-002	-2.3e-002	0.	0.
6481	-2.15e-002	-2.3e-002	0.	0.
6482	-1.95e-002	-2.3e-002	0.	0.
6483	-1.75e-002	-2.3e-002	0.	0.
6484	-1.55e-002	-2.3e-002	0.	0.
6485	-1.35e-002	-2.3e-002	0.	0.
6486	-1.15e-002	-2.3e-002	0.	0.
6487	-9.5e-003	-2.3e-002	0.	0.
6488	-7.5e-003	-2.3e-002	0.	0.
6489	-5.5e-003	-2.3e-002	0.	0.
6490	-3.5e-003	-2.3e-002	0.	0.
6491	-1.5e-003	-2.3e-002	0.	0.
6492	5.e-004	-2.3e-002	0.	0.
6493	2.5e-003	-2.3e-002	0.	0.
6494	4.5e-003	-2.3e-002	0.	0.
6495	6.5e-003	-2.3e-002	0.	0.
6496	8.5e-003	-2.3e-002	0.	0.
6497	1.05e-002	-2.3e-002	0.	0.
6498	1.25e-002	-2.3e-002	0.	0.
6499	1.45e-002	-2.3e-002	0.	0.
6500	1.65e-002	-2.3e-002	0.	0.
6501	1.85e-002	-2.3e-002	0.	0.
6502	2.05e-002	-2.3e-002	0.	0.
6503	2.25e-002	-2.3e-002	0.	0.
6504	2.45e-002	-2.3e-002	0.	0.
6505	2.65e-002	-2.3e-002	0.	0.
6506	2.85e-002	-2.3e-002	0.	0.
6507	3.05e-002	-2.3e-002	0.	0.
6508	3.25e-002	-2.3e-002	0.	0.
6509	3.45e-002	-2.3e-002	0.	0.
6510	3.65e-002	-2.3e-002	0.	0.
6511	3.85e-002	-2.3e-002	0.	0.
6512	4.05e-002	-2.3e-002	0.	0.
6513	4.25e-002	-2.3e-002	0.	0.
6514	4.45e-002	-2.3e-002	0.	0.
6515	4.65e-002	-2.3e-002	0.	0.
6516	4.85e-002	-2.3e-002	0.	0.
6517	5.05e-002	-2.3e-002	0.	0.
6518	5.25e-002	-2.3e-002	0.	0.
6519	5.45e-002	-2.3e-002	0.	0.
6520	5.65e-002	-2.3e-002	0.	0.
6521	5.85e-002	-2.3e-002	0.	0.
6522	6.05e-002	-2.3e-002	0.	0.
6523	6.25e-002	-2.3e-002	0.	0.
6524	6.45e-002	-2.3e-002	0.	0.
6525	6.65e-002	-2.3e-002	0.	0.
6526	6.85e-002	-2.3e-002	0.	0.
6527	7.05e-002	-2.3e-002	0.	0.
6528	7.25e-002	-2.3e-002	0.	0.
6529	7.45e-002	-2.3e-002	0.	0.
6530	7.65e-002	-2.3e-002	0.	0.
6531	7.85e-002	-2.3e-002	0.	0.
6532	8.05e-002	-2.3e-002	0.	0.
6533	8.25e-002	-2.3e-002	0.	0.
6534	8.45e-002	-2.3e-002	0.	0.
6535	8.65e-002	-2.3e-002	0.	0.
6536	8.85e-002	-2.3e-002	0.	0.
6537	9.05e-002	-2.3e-002	0.	0.
6538	9.25e-002	-2.3e-002	0.	0.
6539	9.45e-002	-2.3e-002	0.	0.
6540	9.65e-002	-2.3e-002	0.	0.
6541	9.85e-002	-2.3e-002	0.	0.
6542	0.1005	-2.3e-002	0.	0.
6543	0.1025	-2.3e-002	0.	0.
6544	0.1045	-2.3e-002	0.	0.
6545	0.1065	-2.3e-002	0.	0.
6546	0.1085	-2.3e-002	0.	0.
6547	0.1105	-2.3e-002	0.	0.
6548	0.1125	-2.3e-002	0.	0.
6549	0.1145	-2.3e-002	0.	0.
6550	0.1165	-2.3e-002	0.	0.
6551	0.1185	-2.3e-002	0.	0.
6552	0.1205	-2.3e-002	0.	0.
6553	0.1225	-2.3e-002	0.	0.
6554	0.1245	-2.3e-002	0.	0.
6555	0.1265	-2.3e-002	0.	0.
6556	0.1285	-2.3e-002	0.	0.
6557	0.1305	-2.3e-002	0.	0.
6558	0.1325	-2.3e-002	0.	0.
6559	0.1345	-2.3e-002	0.	0.
6560	0.1365	-2.3e-002	0.	0.
6561	0.1385	-2.3e-002	0.	0.
6562	0.1405	-2.3e-002	0.	0.
6563	0.1425	-2.3e-002	0.	0.
6564	0.1445	-2.3e-002	0.	0.
6565	0.1465	-2.3e-002	0.	0.
6566	0.1485	-2.3e-002	0.	0.
6567	0.1505	-2.3e-002	0.	0.
6568	0.1525	-2.3e-002	0.	0.
6569	0.1545	-2.3e-002	0.	0.
6570	0.1565	-2.3e-002	0.	0.
6571	0.1585	-2.3e-002	0.	0.
6572	0.1605	-2.3e-002	0.	0.
6573	0.1625	-2.3e-002	0.	0.
6574	0.1645	-2.3e-002	0.	0.
6575	0.1665	-2.3e-002	0.	0.
6576	0.1685	-2.3e-002	0.	0.
6577	0.1705	-2.3e-002	0.	0.
6578	0.1725	-2.3e-002	0.	0.
6579	0.1745	-2.3e-002	0.	0.
6580	0.1765	-2.3e-002	0.	0.
6581	0.1785	-2.3e-002	0.	0.
6582	0.1805	-2.3e-002	0.	0.
6583	0.1825	-2.3e-002	0.	0.
6584	0.1845	-2.3e-002	0.	0.
6585	0.1865	-2.3e-002	0.	0.
6586	0.1885	-2.3e-002	0.	0.
6587	0.1905	-2.3e-002	0.	0.
6588	0.1925	-2.3e-002	0.	0.
6589	0.1945	-2.3e-002	0.	0.
6590	0.1965	-2.3e-002	0.	0.
6591	0.1985	-2.3e-002	0.	0.
6592	0.2005	-2.3e-002	0.	0.
6593	0.2025	-2.3e-002	0.	0.
6594	0.2045	-2.3e-002	0.	0.
6595	0.2065	-2.3e-002	0.	0.
6596	0.2085	-2.3e-002	0.	0.
6597	0.2105	-2.3e-002	0.	0.
6598	0.2125	-2.3e-002	0.	0.
6599	0.2145	-2.3e-002	0.	0.
6600	0.2165	-2.3e-002	0.	0.
6601	0.2185	-2.3e-002	0.	0.
6602	0.2205	-2.3e-002	0.	0.
6603	0.2225	-2.3e-002	0.	0.
6604	0.2245	-2.3e-002	0.	0.
6605	0.2265	-2.3e-002	0.	0.
6606	0.2285	-2.3e-002	0.	0.
6607	0.2305	-2.3e-002	0.	0.
6608	0.2325	-2.3e-002	0.	0.
6609	0.2345	-2.3e-002	0.	0.
6610	0.2365	-2.3e-002	0.	0.
6611	0.2385	-2.3e-002	0.	0.
6612	0.2405	-2.3e-002	0.	0.
6613	0.2425	-2.3e-002	0.	0.
6614	0.2445	-2.3e-002	0.	0.
6615	0.2465	-2.3e-002	0.	0.
6616	0.2485	-2.3e-002	0.	0.
6617	0.2505	-2.3e-002	0.	0.
6618	0.2525	-2.3e-002	0.	0.
6619	0.2545	-2.3e-002	0.	0.
6620	0.2565	-2.3e-002	0.	0.
6621	0.2585	-2.3e-002	0.	0.
6622	0.2605	-2.3e-002	0.	0.
6623	0.2625	-2.3e-002	0.	0.
6624	0.2645	-2.3e-002	0.	0.
6625	0.2665	-2.3e-002	0.	0.
6626	0.2685	-2.3e-002	0.	0.
6627	0.2705	-2.3e-002	0.	0.
6628	0.2725	-2.3e-002	0.	0.
6629	0.2745	-2.3e-002	0.	0.
6630	0.2765	-2.3e-002	0.	0.
6631	0.2785	-2.3e-002	0.	0.
6632	0.2805	-2.3e-002	0.	0.
6633	0.2825	-2.3e-002	0.	0.
6634	0.2845	-2.3e-002	0.	0.
6635	0.2865	-2.3e-002	0.	0.
6636	0.2885	-2.3e-002	0.	0.
6637	0.2905	-2.3e-002	0.	0.
6638	0.2925	-2.3e-002	0.	0.
6639	0.2945	-2.3e-002	0.	0.
6640	0.2965	-2.3e-002	0.	0.
6641	0.2985	-2.3e-002	0.	0.
6642	0.30027	-2.3207e-002	0.	0.
6643	0.40237	-1.6928e-002	0.	0.
6644	0.3078	2.2418e-002	0.	0.
6645	-0.37139	2.0833e-002	0.	0.
6646	0.34678	-1.6667e-002	0.	0.
6647	-0.36522	2.0833e-002	0.	0.
6648	-0.41698	-1.5674e-002	0.	0.
6649	0.32177	-1.8765e-002	0.	0.
6650	0.32163	1.8775e-002	0.	0.
6651	-0.40731	-4.4195e-003	0.	0.
6652	0.41285	-2.0396e-002	0.	0.
6653	0.41763	-1.6252e-002	0.	0.
6654	0.41605	2.318e-002	0.	0.
6655	-0.33174	-1.9185e-002	0.	0.
6656	0.29954	2.288e-002	0.	0.
6657	0.30571	-2.2401e-002	0.	0.
6658	-0.41758	1.388e-002	0.	0.
6659	-0.40521	-2.0903e-002	0.	0.
6660	-0.40929	-2.1042e-002	0.	0.
6661	0.41398	7.3681e-003	0.	0.
6662	0.40792	6.4722e-003	0.	0.
6663	0.39969	-1.8868e-002	0.	0.
6664	0.37004	-2.2917e-002	0.	0.
6665	-0.38896	2.0833e-002	0.	0.
6666	-0.40112	-2.0833e-002	0.	0.
6667	0.36804	2.2917e-002	0.	0.
6668	-0.39704	-2.0833e-002	0.	0.
6669	0.32119	-1.3e-002	0.	0.
6670	0.32119	1.3e-002	0.	0.
6671	0.31856	-1.6125e-002	0.	0.
6672	0.31856	1.6125e-002	0.	0.
6673	0.31752	1.3757e-002	0.	0.
6674	0.31974	1.0659e-002	0.	0.
6675	0.31751	-1.3675e-002	0.	0.
6676	0.31994	-1.0562e-002	0.	0.
6677	0.31924	-1.8421e-002	0.	0.
6678	0.32244	-1.5438e-002	0.	0.
6679	0.32244	1.5438e-002	0.	0.
6680	0.31958	1.8334e-002	0.	0.
6681	-0.35991	-1.4127e-002	0.	0.
6682	0.31575	8.6612e-003	0.	0.
6683	0.36618	1.3777e-002	0.	0.
6684	-0.41	7.7778e-003	0.	0.
6685	0.40983	-1.8818e-002	0.	0.
6686	0.31523	1.7414e-002	0.	0.
6687	-0.30752	-5.9032e-003	0.	0.
6688	0.41486	1.3466e-002	0.	0.
6689	0.34907	-1.3021e-003	0.	0.
6690	0.40878	-2.076e-002	0.	0.
6691	-0.40936	-9.6215e-003	0.	0.
6692	-0.3357	1.794e-002	0.	0.
6693	0.41695	1.8431e-002	0.	0.
6694	-0.36411	2.2917e-002	0.	0.
6695	-0.33216	1.8969e-002	0.	0.
6696	-0.31309	4.3281e-003	0.	0.
6697	-0.41451	1.899e-002	0.	0.
6698	-0.31308	-1.3629e-003	0.	0.
6699	-0.32013	8.7292e-003	0.	0.
6700	-0.30183	1.4128e-002	0.	0.
6701	0.4119	-2.2854e-002	0.	0.
6702	0.40376	1.8438e-003	0.	0.
6703	-0.31913	-1.5366e-002	0.	0.
6704	-0.40815	-2.3021e-002	0.	0.
6705	-0.4041	-2.2951e-002	0.	0.
6706	-0.38998	2.2917e-002	0.	0.
6707	-0.40006	-2.2917e-002	0.	0.
6708	-0.39172	1.4063e-002	0.	0.
6709	-0.31636	1.9101e-002	0.	0.
6710	0.30925	1.739e-002	0.	0.
6711	0.32278	7.3033e-003	0.	0.
6712	-0.31354	-4.e-003	0.	0.
6713	-0.36551	-8.3476e-003	0.	0.
6714	-0.35669	8.4061e-003	0.	0.
6715	-0.37418	-4.5139e-003	0.	0.
6716	0.36058	-8.4516e-003	0.	0.
6717	0.34768	3.5825e-004	0.	0.
6718	0.34443	-6.3408e-003	0.	0.
6719	-0.37943	6.1583e-003	0.	0.
6720	-0.37827	1.1787e-004	0.	0.
6721	0.37045	-6.3604e-003	0.	0.
6722	-0.36645	6.3606e-003	0.	0.
6723	-0.3653	1.2395e-002	0.	0.
6724	0.32621	-1.7562e-003	0.	0.
6725	0.356	-1.3314e-002	0.	0.
6726	-0.31481	-8.7031e-003	0.	0.
6727	-0.31801	-7.5516e-003	0.	0.
6728	-0.31394	-6.2969e-003	0.	0.
6729	-0.31569	-1.1109e-002	0.	0.
6730	0.31137	4.3125e-003	0.	0.
6731	0.302	1.2781e-002	0.	0.
6732	0.41127	4.9429e-003	0.	0.
6733	-0.3237	1.7511e-002	0.	0.
6734	0.34681	1.7029e-002	0.	0.
6735	-0.30622	-9.2122e-003	0.	0.
6736	-0.35404	-1.9799e-002	0.	0.
6737	-0.42315	1.6243e-002	0.	0.
6738	0.33486	4.1283e-003	0.	0.
6739	0.32222	-3.9063e-003	0.	0.
6740	0.31853	-2.3438e-003	0.	0.
6741	0.31484	-1.0939e-003	0.	0.
6742	-0.31288	1.8299e-002	0.	0.
6743	0.35212	-1.5625e-002	0.	0.
6744	0.34658	2.0833e-002	0.	0.
6745	0.34408	1.5519e-002	0.	0.
6746	-0.34292	2.e-003	0.	0.
6747	-0.34075	6.1667e-003	0.	0.
6748	-0.326	-4.5833e-004	0.	0.
6749	-0.332	-3.3333e-004	0.	0.
6750	-0.33793	9.5587e-005	0.	0.
6751	-0.344	-8.3333e-005	0.	0.
6752	-0.34183	4.0833e-003	0.	0.
6753	-0.333	1.8021e-003	0.	0.
6754	-0.33308	-2.3889e-003	0.	0.
6755	-0.3471	-2.4182e-003	0.	0.
6756	-0.34217	-4.3056e-003	0.	0.
6757	-0.33417	-4.4444e-003	0.	0.
6758	-0.33017	-4.5139e-003	0.	0.
6759	-0.33525	-6.4983e-003	0.	0.
6760	-0.33126	-6.8547e-003	0.	0.
6761	-0.34125	-6.4062e-003	0.	0.
6762	-0.34724	-6.0109e-003	0.	0.
6763	-0.33633	-8.5521e-003	0.	0.
6764	-0.34833	-8.3889e-003	0.	0.
6765	-0.34435	-8.7388e-003	0.	0.
6766	-0.33742	-1.0609e-002	0.	0.
6767	-0.34942	-1.0465e-002	0.	0.
6768	-0.3325	-1.2729e-002	0.	0.
6769	-0.33862	-1.2481e-002	0.	0.
6770	-0.3445	-1.2279e-002	0.	0.
6771	-0.3505	-1.2542e-002	0.	0.
6772	-0.33358	-1.4771e-002	0.	0.
6773	-0.34558	-1.4667e-002	0.	0.
6774	-0.34363	-1.8997e-002	0.	0.
6775	-0.34483	-2.0882e-002	0.	0.
6776	-0.33883	-2.0903e-002	0.	0.
6777	0.40788	-2.2958e-002	0.	0.
6778	-0.334	2.2906e-002	0.	0.
6779	-0.42315	1.4243e-002	0.	0.
6780	0.34375	2.2917e-002	0.	0.
6781	0.39204	-2.2958e-002	0.	0.
6782	0.42292	1.4028e-002	0.	0.
6783	0.34133	-8.3333e-003	0.	0.
6784	0.34242	-1.0417e-002	0.	0.
6785	0.39508	2.075e-002	0.	0.
6786	0.33675	1.4583e-002	0.	0.
6787	0.33925	1.875e-002	0.	0.
6788	0.39612	1.8625e-002	0.	0.
6789	0.33705	-1.8876e-002	0.	0.
6790	0.3405	2.0833e-002	0.	0.
6791	0.39308	-2.0917e-002	0.	0.
6792	0.39404	2.2875e-002	0.	0.
6793	0.338	1.6667e-002	0.	0.
6794	0.3355	1.25e-002	0.	0.
6795	0.3395	1.25e-002	0.	0.
6796	0.3395	-1.25e-002	0.	0.
6797	0.3435	-1.25e-002	0.	0.
6798	0.3355	-1.25e-002	0.	0.
6799	0.33625	-6.25e-003	0.	0.
6800	0.3403	-5.9709e-003	0.	0.
6801	0.34025	6.25e-003	0.	0.
6802	0.33625	6.25e-003	0.	0.
6803	0.39604	-2.2958e-002	0.	0.
6804	0.366	-2.2917e-002	0.	0.
6805	0.39804	2.2875e-002	0.	0.
6806	-0.31012	1.056e-002	0.	0.
6807	-0.38827	-1.3803e-002	0.	0.
6808	0.38805	-2.2639e-002	0.	0.
6809	0.38208	-2.261e-002	0.	0.
6810	-0.3367	1.4807e-002	0.	0.
6811	0.30613	1.3101e-002	0.	0.
6812	0.35983	-1.0764e-002	0.	0.
6813	0.38318	1.6884e-002	0.	0.
6814	0.40568	8.1493e-003	0.	0.
6815	0.33071	1.0417e-003	0.	0.
6816	0.32918	-3.5156e-003	0.	0.
6817	-0.30166	5.7049e-003	0.	0.
6818	0.41629	-1.1077e-002	0.	0.
6819	0.33367	-1.7174e-002	0.	0.
6820	-0.41422	-1.0497e-002	0.	0.
6821	0.30194	-1.5762e-002	0.	0.
6822	-0.42347	8.2622e-003	0.	0.
6823	0.41616	3.4139e-003	0.	0.
6824	0.41595	-5.9181e-004	0.	0.
6825	-0.36794	-1.7882e-002	0.	0.
6826	0.3747	1.4217e-002	0.	0.
6827	0.38039	1.0646e-002	0.	0.
6828	0.38641	-1.0901e-002	0.	0.
6829	0.38628	1.4106e-002	0.	0.
6830	0.39221	-1.4431e-002	0.	0.
6831	0.38026	-1.4371e-002	0.	0.
6832	-0.39679	-2.8411e-003	0.	0.
6833	0.33537	-3.448e-003	0.	0.
6834	-0.41854	-1.9621e-002	0.	0.
6835	0.37774	4.4725e-003	0.	0.
6836	0.38353	7.8785e-003	0.	0.
6837	0.38945	-8.5521e-003	0.	0.
6838	0.31927	8.3021e-003	0.	0.
6839	0.35637	2.2335e-002	0.	0.
6840	-0.34347	2.2301e-002	0.	0.
6841	-0.35309	1.6978e-002	0.	0.
6842	0.3501	1.1979e-002	0.	0.
6843	0.34631	1.0937e-002	0.	0.
6844	0.35294	-1.0754e-002	0.	0.
6845	-0.30195	2.3806e-003	0.	0.
6846	-0.35337	2.0833e-002	0.	0.
6847	-0.37096	-1.5538e-002	0.	0.
6848	0.30389	-1.4524e-002	0.	0.
6849	0.32604	-5.7708e-003	0.	0.
6850	-0.39935	-1.4323e-002	0.	0.
6851	0.38088	1.85e-003	0.	0.
6852	0.39839	-1.9548e-003	0.	0.
6853	-0.36014	2.2619e-002	0.	0.
6854	-0.35621	2.2917e-002	0.	0.
6855	-0.32079	1.0776e-002	0.	0.
6856	-0.42114	1.7501e-002	0.	0.
6857	0.39586	-1.9385e-002	0.	0.
6858	-0.36639	-1.0499e-002	0.	0.
6859	-0.38032	3.8194e-003	0.	0.
6860	0.34532	-8.6806e-003	0.	0.
6861	-0.36749	8.447e-003	0.	0.
6862	-0.37298	-6.3995e-003	0.	0.
6863	0.37132	-8.6806e-003	0.	0.
6864	0.34857	2.4306e-003	0.	0.
6865	-0.37743	2.4306e-003	0.	0.
6866	-0.36424	1.0255e-002	0.	0.
6867	-0.39325	-3.3913e-003	0.	0.
6868	0.35949	-1.5625e-003	0.	0.
6869	-0.39996	9.3333e-003	0.	0.
6870	-0.42255	-6.119e-003	0.	0.
6871	-0.4229	-2.2014e-003	0.	0.
6872	0.40557	1.1094e-003	0.	0.
6873	-0.36218	1.9227e-002	0.	0.
6874	-0.31135	7.6457e-003	0.	0.
6875	0.34579	8.8505e-003	0.	0.
6876	0.36082	1.2847e-002	0.	0.
6877	0.31114	1.3524e-002	0.	0.
6878	-0.32904	-1.8292e-002	0.	0.
6879	-0.32704	1.6205e-002	0.	0.
6880	-0.40065	6.045e-003	0.	0.
6881	0.31521	-1.6826e-002	0.	0.
6882	-0.4122	-9.5511e-003	0.	0.
6883	-0.39745	7.6794e-003	0.	0.
6884	0.36988	5.2083e-003	0.	0.
6885	0.36663	7.2917e-003	0.	0.
6886	-0.35554	1.5625e-002	0.	0.
6887	-0.35617	1.1661e-002	0.	0.
6888	-0.38726	9.0706e-003	0.	0.
6889	0.35583	-9.6645e-003	0.	0.
6890	-0.36671	3.1218e-003	0.	0.
6891	0.34496	-3.125e-003	0.	0.
6892	0.37096	-3.125e-003	0.	0.
6893	0.34335	1.8724e-002	0.	0.
6894	-0.31442	-2.0976e-002	0.	0.
6895	0.41587	1.537e-002	0.	0.
6896	0.30521	-1.1594e-002	0.	0.
6897	-0.31103	-7.6181e-003	0.	0.
6898	0.39708	1.65e-002	0.	0.
6899	-0.31642	-1.3209e-002	0.	0.
6900	0.3649	-1.7333e-002	0.	0.
6901	0.30917	-1.2289e-002	0.	0.
6902	0.42003	-1.294e-002	0.	0.
6903	0.32536	3.3386e-003	0.	0.
6904	-0.39338	-1.6784e-002	0.	0.
6905	0.30639	-6.1417e-003	0.	0.
6906	0.30633	4.6565e-003	0.	0.
6907	0.40102	-1.7854e-002	0.	0.
6908	-0.41009	1.142e-002	0.	0.
6909	0.32646	7.5265e-003	0.	0.
6910	0.40533	4.4057e-003	0.	0.
6911	-0.41558	-1.5278e-003	0.	0.
6912	-0.3736	-2.0833e-002	0.	0.
6913	0.33717	-1.0417e-003	0.	0.
6914	0.32771	-1.9928e-002	0.	0.
6915	-0.38533	1.9792e-002	0.	0.
6916	-0.38291	-1.5778e-002	0.	0.
6917	0.30553	1.8101e-002	0.	0.
6918	0.36715	-1.1979e-002	0.	0.
6919	-0.30987	-2.147e-002	0.	0.
6920	0.33381	1.577e-002	0.	0.
6921	-0.34997	2.2119e-002	0.	0.
6922	0.35003	2.2119e-002	0.	0.
6923	0.42258	-3.5764e-003	0.	0.
6924	-0.41908	2.1528e-002	0.	0.
6925	-0.31104	-1.6569e-002	0.	0.
6926	0.31175	6.9063e-003	0.	0.
6927	-0.42287	2.1246e-002	0.	0.
6928	0.32859	-7.9533e-003	0.	0.
6929	0.41517	-1.6026e-002	0.	0.
6930	-0.32056	1.8823e-002	0.	0.
6931	0.315	4.2502e-003	0.	0.
6932	-0.30224	-9.7255e-003	0.	0.
6933	-0.42026	8.7309e-003	0.	0.
6934	0.42347	-1.4355e-002	0.	0.
6935	-0.41334	2.3382e-002	0.	0.
6936	0.31243	9.25e-003	0.	0.
6937	0.35332	1.3648e-002	0.	0.
6938	0.34342	8.3333e-003	0.	0.
6939	-0.34669	1.3635e-002	0.	0.
6940	0.41053	-7.5527e-003	0.	0.
6941	-0.41202	3.7292e-003	0.	0.
6942	0.42315	-2.1104e-002	0.	0.
6943	0.3103	-1.8869e-002	0.	0.
6944	0.30998	1.8758e-002	0.	0.
6945	-0.39385	2.2917e-002	0.	0.
6946	-0.38599	-2.2958e-002	0.	0.
6947	0.41819	2.3332e-002	0.	0.
6948	-0.32111	-6.099e-003	0.	0.
6949	0.42142	-7.e-003	0.	0.
6950	-0.35665	1.8525e-002	0.	0.
6951	0.31766	2.8889e-003	0.	0.
6952	-0.30195	1.7959e-002	0.	0.
6953	0.41662	-1.9597e-002	0.	0.
6954	-0.34278	-1.5997e-002	0.	0.
6955	-0.33772	-1.8554e-002	0.	0.
6956	-0.3347	-1.7101e-002	0.	0.
6957	-0.33949	-1.547e-002	0.	0.
6958	-0.32692	2.6787e-003	0.	0.
6959	0.31417	1.5156e-002	0.	0.
6960	0.41204	-1.6121e-004	0.	0.
6961	0.38905	1.5859e-002	0.	0.
6962	-0.32842	1.4458e-002	0.	0.
6963	-0.41067	-1.2607e-002	0.	0.
6964	0.33833	-2.0833e-002	0.	0.
6965	0.31083	-2.5833e-003	0.	0.
6966	0.30933	-3.6771e-003	0.	0.
6967	0.39804	1.4375e-002	0.	0.
6968	-0.35556	-2.3019e-002	0.	0.
6969	-0.42292	1.5833e-003	0.	0.
6970	0.40125	3.75e-003	0.	0.
6971	0.40345	1.0228e-002	0.	0.
6972	-0.31718	2.0715e-002	0.	0.
6973	-0.30616	-1.9207e-002	0.	0.
6974	0.38646	9.7013e-003	0.	0.
6975	0.39239	1.5058e-002	0.	0.
6976	-0.32753	-2.2697e-002	0.	0.
6977	0.37823	-2.2932e-002	0.	0.
6978	0.42238	4.9826e-005	0.	0.
6979	0.38967	8.6328e-003	0.	0.
6980	0.38309	-1.6105e-002	0.	0.
6981	0.38791	-1.8339e-002	0.	0.
6982	0.40055	-1.4792e-002	0.	0.
6983	-0.31226	5.4117e-004	0.	0.
6984	0.3313	1.2301e-002	0.	0.
6985	0.33162	-1.2335e-002	0.	0.
6986	0.32223	5.5687e-003	0.	0.
6987	0.32022	5.181e-003	0.	0.
6988	0.39526	3.2995e-003	0.	0.
6989	0.33243	-6.3741e-003	0.	0.
6990	-0.41672	6.0198e-004	0.	0.
6991	-0.41865	-2.4955e-003	0.	0.
6992	0.39873	2.1849e-003	0.	0.
6993	0.39132	-1.7579e-002	0.	0.
6994	0.38637	-1.538e-002	0.	0.
6995	0.38026	-9.9896e-003	0.	0.
6996	-0.41246	7.7734e-003	0.	0.
6997	0.38367	-9.1346e-003	0.	0.
6998	-0.30351	1.5034e-002	0.	0.
6999	0.409	8.6389e-003	0.	0.
7000	0.31426	-1.4767e-002	0.	0.
7001	-0.32368	-2.2989e-002	0.	0.
7002	0.38106	-2.6875e-003	0.	0.
7003	0.42243	7.9359e-003	0.	0.
7004	0.39421	-6.0417e-003	0.	0.
7005	0.36935	-1.5104e-002	0.	0.
7006	-0.41438	1.8166e-003	0.	0.
7007	-0.35956	6.25e-003	0.	0.
7008	0.36356	-6.25e-003	0.	0.
7009	0.35733	6.172e-003	0.	0.
7010	-0.35306	-6.25e-003	0.	0.
7011	-0.34656	6.25e-003	0.	0.
7012	-0.3685	-2.1e-003	0.	0.
7013	-0.32384	3.8594e-003	0.	0.
7014	0.39756	-5.29e-003	0.	0.
7015	-0.33099	-2.1591e-002	0.	0.
7016	0.36972	1.276e-002	0.	0.
7017	0.30406	-1.8264e-002	0.	0.
7018	-0.35346	-1.5635e-002	0.	0.
7019	-0.33029	3.3359e-003	0.	0.
7020	0.30786	1.1745e-002	0.	0.
7021	-0.31819	-2.3487e-002	0.	0.
7022	0.32357	2.5797e-003	0.	0.
7023	-0.33401	1.1848e-002	0.	0.
7024	0.34296	1.1458e-002	0.	0.
7025	-0.40322	2.0928e-002	0.	0.
7026	0.34701	-2.0833e-002	0.	0.
7027	0.33871	-4.1667e-003	0.	0.
7028	0.37253	-1.5635e-002	0.	0.
7029	0.30798	1.8477e-002	0.	0.
7030	0.41528	-2.5937e-003	0.	0.
7031	-0.33896	1.5615e-002	0.	0.
7032	0.34347	3.3854e-003	0.	0.
7033	0.41578	-2.3447e-002	0.	0.
7034	0.32964	1.0896e-002	0.	0.
7035	-0.35936	1.7036e-002	0.	0.
7036	-0.30152	8.0008e-003	0.	0.
7037	-0.32913	4.3827e-003	0.	0.
7038	-0.39101	-1.9198e-002	0.	0.
7039	0.32671	1.4987e-002	0.	0.
7040	0.39754	1.1647e-003	0.	0.
7041	0.39158	1.37e-002	0.	0.
7042	0.39643	4.335e-003	0.	0.
7043	0.38984	1.7225e-002	0.	0.
7044	-0.35078	-2.0828e-002	0.	0.
7045	0.3885	7.5967e-003	0.	0.
7046	-0.35593	1.3542e-002	0.	0.
7047	0.38738	1.0754e-002	0.	0.
7048	0.41874	9.8923e-003	0.	0.
7049	0.42039	-2.2917e-002	0.	0.
7050	-0.30387	5.3154e-003	0.	0.
7051	0.33051	9.0293e-003	0.	0.
7052	0.37542	-2.0855e-002	0.	0.
7053	0.31669	5.6875e-003	0.	0.
7054	0.32353	-2.3319e-002	0.	0.
7055	0.41354	-8.5339e-003	0.	0.
7056	-0.31166	5.5667e-003	0.	0.
7057	0.36662	-1.4023e-002	0.	0.
7058	-0.39192	-1.3916e-002	0.	0.
7059	0.35441	-3.2597e-003	0.	0.
7060	-0.37154	-3.2105e-003	0.	0.
7061	0.34106	7.8125e-003	0.	0.
7062	0.33706	-7.8125e-003	0.	0.
7063	0.33869	-1.0937e-002	0.	0.
7064	0.34902	9.8958e-003	0.	0.
7065	0.36812	-1.0168e-002	0.	0.
7066	0.36681	-1.7188e-002	0.	0.
7067	0.36715	1.7235e-002	0.	0.
7068	-0.35913	-1.7412e-002	0.	0.
7069	-0.40709	-1.7545e-002	0.	0.
7070	0.33156	-1.7188e-002	0.	0.
7071	0.33138	1.7432e-002	0.	0.
7072	0.31552	-1.8574e-002	0.	0.
7073	0.37868	-4.8208e-003	0.	0.
7074	-0.38988	1.4218e-002	0.	0.
7075	0.3799	-1.1768e-003	0.	0.
7076	-0.30758	-1.2342e-002	0.	0.
7077	0.37475	-1.4762e-003	0.	0.
7078	-0.33117	-1.0686e-002	0.	0.
7079	-0.38903	-2.1875e-002	0.	0.
7080	0.40611	1.5989e-002	0.	0.
7081	-0.34975	1.25e-002	0.	0.
7082	0.36298	-2.0728e-002	0.	0.
7083	-0.36301	-2.0861e-002	0.	0.
7084	0.35017	-2.2917e-002	0.	0.
7085	0.40101	-1.9762e-002	0.	0.
7086	0.41091	-1.6719e-002	0.	0.
7087	0.38114	-1.1171e-002	0.	0.
7088	-0.39122	1.7188e-002	0.	0.
7089	-0.32159	1.4019e-003	0.	0.
7090	-0.33758	9.8099e-003	0.	0.
7091	-0.34897	1.7165e-002	0.	0.
7092	0.35081	1.7361e-002	0.	0.
7093	0.42356	2.2435e-003	0.	0.
7094	0.3829	-7.7719e-003	0.	0.
7095	0.37288	-1.9284e-002	0.	0.
7096	0.40937	-9.638e-003	0.	0.
7097	-0.3564	-1.5199e-002	0.	0.
7098	0.35256	-1.9271e-002	0.	0.
7099	-0.3856	5.7292e-003	0.	0.
7100	-0.38583	1.5783e-002	0.	0.
7101	-0.39998	-1.5793e-002	0.	0.
7102	-0.4171	-7.2361e-003	0.	0.
7103	0.31259	1.9708e-002	0.	0.
7104	0.3123	-1.9751e-002	0.	0.
7105	-0.39426	-1.5625e-003	0.	0.
7106	-0.38384	1.0941e-002	0.	0.
7107	0.38388	-1.7448e-002	0.	0.
7108	-0.33781	2.3436e-002	0.	0.
7109	-0.32325	-1.0672e-002	0.	0.
7110	0.38555	-1.4198e-002	0.	0.
7111	0.36261	2.0538e-002	0.	0.
7112	-0.3984	1.4298e-002	0.	0.
7113	-0.39576	-4.6875e-003	0.	0.
7114	-0.32929	1.2005e-003	0.	0.
7115	-0.41412	1.5635e-002	0.	0.
7116	-0.40909	-1.9045e-003	0.	0.
7117	0.35031	-1.6399e-002	0.	0.
7118	0.36985	-1.3021e-002	0.	0.
7119	0.38888	-1.937e-002	0.	0.
7120	0.39514	-7.2498e-003	0.	0.
7121	0.34712	1.2982e-002	0.	0.
7122	-0.35098	2.0313e-002	0.	0.
7123	0.34902	2.0313e-002	0.	0.
7124	0.37079	1.4896e-002	0.	0.
7125	-0.37012	4.3403e-003	0.	0.
7126	-0.3524	-1.929e-002	0.	0.
7127	0.37279	-1.3678e-002	0.	0.
7128	0.40702	4.9352e-003	0.	0.
7129	-0.37797	-2.2917e-002	0.	0.
7130	0.31638	-1.0391e-002	0.	0.
7131	0.31623	1.0285e-002	0.	0.
7132	0.39075	-6.5026e-003	0.	0.
7133	0.42358	5.7692e-003	0.	0.
7134	0.30813	2.5625e-003	0.	0.
7135	0.31874	6.392e-003	0.	0.
7136	0.39386	-1.9385e-002	0.	0.
7137	0.39543	-1.6323e-002	0.	0.
7138	-0.30145	-3.9823e-003	0.	0.
7139	-0.38803	-1.7245e-002	0.	0.
7140	-0.31175	1.1365e-002	0.	0.
7141	0.30586	-4.0303e-003	0.	0.
7142	-0.343	1.8056e-002	0.	0.
7143	0.4065	2.2875e-002	0.	0.
7144	-0.37234	-2.2923e-002	0.	0.
7145	0.36421	2.321e-002	0.	0.
7146	-0.39609	-1.0151e-002	0.	0.
7147	0.39526	-3.9896e-003	0.	0.
7148	0.33239	-3.3516e-004	0.	0.
7149	0.32513	-3.5575e-003	0.	0.
7150	-0.34181	-1.4182e-002	0.	0.
7151	0.32275	1.725e-002	0.	0.
7152	0.32274	-1.72e-002	0.	0.
7153	0.38896	-1.6286e-002	0.	0.
7154	-0.34044	-1.7292e-002	0.	0.
7155	0.30125	-1.192e-002	0.	0.
7156	-0.41239	-1.1612e-002	0.	0.
7157	-0.42347	1.0262e-002	0.	0.
7158	-0.38498	7.8964e-003	0.	0.
7159	-0.3369	-1.6286e-002	0.	0.
7160	-0.41752	1.2062e-002	0.	0.
7161	0.34865	-1.3747e-002	0.	0.
7162	-0.40001	-1.9334e-002	0.	0.
7163	-0.35214	2.3602e-002	0.	0.
7164	0.34786	2.3602e-002	0.	0.
7165	-0.32419	1.9283e-002	0.	0.
7166	-0.30909	-1.3132e-002	0.	0.
7167	-0.33478	2.1435e-002	0.	0.
7168	-0.30448	-3.0468e-003	0.	0.
7169	-0.33552	-1.9375e-002	0.	0.
7170	-0.39853	5.9622e-003	0.	0.
7171	0.41203	-1.4854e-002	0.	0.
7172	-0.38094	1.4583e-002	0.	0.
7173	0.3587	-4.5259e-003	0.	0.
7174	-0.41317	5.1221e-003	0.	0.
7175	-0.42194	1.9498e-002	0.	0.
7176	-0.41286	-4.1043e-003	0.	0.
7177	-0.41186	-2.3218e-002	0.	0.
7178	0.3125	-1.827e-002	0.	0.
7179	0.42065	-2.28e-003	0.	0.
7180	-0.42145	-1.3742e-003	0.	0.
7181	-0.42108	3.6542e-004	0.	0.
7182	-0.30974	-2.349e-002	0.	0.
7183	0.31376	2.3253e-002	0.	0.
7184	0.31376	-2.3255e-002	0.	0.
7185	-0.32148	7.7337e-003	0.	0.
7186	-0.33344	1.7141e-002	0.	0.
7187	-0.32115	1.2715e-002	0.	0.
7188	0.31973	2.3462e-002	0.	0.
7189	0.31972	-2.3492e-002	0.	0.
7190	-0.32	2.2086e-003	0.	0.
7191	-0.35513	2.1402e-002	0.	0.
7192	-0.33105	2.0951e-002	0.	0.
7193	0.35775	-1.875e-002	0.	0.
7194	-0.37792	2.2917e-002	0.	0.
7195	0.33942	-2.2917e-002	0.	0.
7196	-0.37975	1.875e-002	0.	0.
7197	0.34242	-1.4583e-002	0.	0.
7198	0.33259	-1.0681e-002	0.	0.
7199	-0.31673	-2.5139e-003	0.	0.
7200	-0.30805	9.4245e-003	0.	0.
7201	-0.32791	2.3788e-002	0.	0.
7202	0.30969	-5.8346e-003	0.	0.
7203	0.37888	8.9723e-003	0.	0.
7204	0.30229	-4.4063e-003	0.	0.
7205	0.34461	2.1375e-002	0.	0.
7206	0.33277	1.4183e-002	0.	0.
7207	0.33267	-1.3958e-002	0.	0.
7208	-0.4194	-1.8066e-002	0.	0.
7209	-0.32178	-7.6198e-003	0.	0.
7210	-0.42347	-2.1635e-002	0.	0.
7211	-0.42335	-2.3478e-002	0.	0.
7212	0.41224	-1.8798e-003	0.	0.
7213	-0.3078	7.1094e-004	0.	0.
7214	0.37232	1.6656e-002	0.	0.
7215	0.33046	-4.6875e-003	0.	0.
7216	-0.40869	-1.301e-002	0.	0.
7217	0.31628	1.9079e-002	0.	0.
7218	-0.40946	-8.1511e-003	0.	0.
7219	0.31538	1.385e-002	0.	0.
7220	-0.32189	-2.3472e-002	0.	0.
7221	-0.30429	2.3297e-002	0.	0.
7222	-0.41672	1.8487e-002	0.	0.
7223	-0.34802	1.4063e-002	0.	0.
7224	0.3521	1.4265e-002	0.	0.
7225	0.35752	2.3438e-002	0.	0.
7226	-0.34248	2.3438e-002	0.	0.
7227	0.42225	-1.7652e-002	0.	0.
7228	-0.37205	-1.2462e-002	0.	0.
7229	0.31729	-1.9136e-002	0.	0.
7230	0.36898	-1.7229e-002	0.	0.
7231	-0.35697	-1.72e-002	0.	0.
7232	0.36915	1.7629e-002	0.	0.
7233	0.39152	1.6985e-002	0.	0.
7234	0.37603	-5.2201e-003	0.	0.
7235	0.38997	1.3945e-002	0.	0.
7236	0.3905	-1.9122e-002	0.	0.
7237	0.30583	-9.0156e-003	0.	0.
7238	0.38549	-1.7205e-002	0.	0.
7239	0.38393	-1.4443e-002	0.	0.
7240	0.38875	1.048e-002	0.	0.
7241	0.35261	-3.5575e-003	0.	0.
7242	0.36705	1.0528e-003	0.	0.
7243	-0.36624	1.0417e-003	0.	0.
7244	0.37024	-1.0417e-003	0.	0.
7245	-0.36673	-1.3882e-002	0.	0.
7246	0.35748	-1.1562e-003	0.	0.
7247	-0.42286	-1.6359e-002	0.	0.
7248	0.38711	7.8828e-003	0.	0.
7249	-0.32619	-2.0847e-002	0.	0.
7250	-0.30636	-2.0903e-002	0.	0.
7251	-0.30971	-1.7801e-002	0.	0.
7252	0.38273	-1.0979e-002	0.	0.
7253	0.30748	-1.6341e-002	0.	0.
7254	0.3036	1.8026e-002	0.	0.
7255	0.38127	-8.0302e-003	0.	0.
7256	0.413	-1.2956e-002	0.	0.
7257	0.39791	4.1635e-003	0.	0.
7258	0.3063	1.5007e-002	0.	0.
7259	0.39618	1.4466e-003	0.	0.
7260	-0.40135	-1.607e-002	0.	0.
7261	-0.40259	-1.4451e-002	0.	0.
7262	-0.31719	-1.4726e-002	0.	0.
7263	0.3091	-1.0428e-002	0.	0.
7264	0.32032	2.0035e-002	0.	0.
7265	0.32053	-2.0194e-002	0.	0.
7266	-0.35938	2.0833e-003	0.	0.
7267	0.36338	-2.0833e-003	0.	0.
7268	0.35688	1.0417e-002	0.	0.
7269	-0.36046	-1.0417e-002	0.	0.
7270	0.36446	1.0417e-002	0.	0.
7271	0.34929	-8.3333e-003	0.	0.
7272	0.35254	-8.3333e-003	0.	0.
7273	-0.37129	8.3333e-003	0.	0.
7274	-0.37454	8.3333e-003	0.	0.
7275	-0.37121	1.4583e-002	0.	0.
7276	0.40244	1.1953e-002	0.	0.
7277	0.38012	-4.5039e-003	0.	0.
7278	-0.30608	-1.5183e-002	0.	0.
7279	0.31293	-1.0792e-002	0.	0.
7280	-0.3013	-2.0159e-003	0.	0.
7281	0.39676	-7.0314e-003	0.	0.
7282	0.37829	-1.9995e-003	0.	0.
7283	-0.418	-8.6003e-003	0.	0.
7284	-0.39986	1.0977e-002	0.	0.
7285	-0.31168	-9.3169e-003	0.	0.
7286	-0.41445	7.5551e-003	0.	0.
7287	-0.32768	4.2199e-003	0.	0.
7288	-0.39722	2.0833e-003	0.	0.
7289	0.32985	-2.2097e-003	0.	0.
7290	-0.41906	-1.6682e-002	0.	0.
7291	-0.38693	-3.3036e-003	0.	0.
7292	0.41755	1.249e-002	0.	0.
7293	-0.38493	2.1681e-002	0.	0.
7294	-0.39399	2.0833e-003	0.	0.
7295	0.34564	3.3854e-003	0.	0.
7296	0.35681	1.8056e-002	0.	0.
7297	-0.31558	2.052e-002	0.	0.
7298	0.31768	1.1484e-002	0.	0.
7299	0.31774	-1.1437e-002	0.	0.
7300	0.34574	-1.5284e-002	0.	0.
7301	0.40528	2.7113e-003	0.	0.
7302	-0.35913	1.1857e-002	0.	0.
7303	-0.3764	-1.6667e-002	0.	0.
7304	-0.36923	-1.2029e-002	0.	0.
7305	-0.30445	-8.7856e-003	0.	0.
7306	-0.38914	1.7613e-002	0.	0.
7307	-0.39717	-1.7498e-002	0.	0.
7308	-0.35767	-1.1727e-002	0.	0.
7309	0.35253	-5.6632e-003	0.	0.
7310	0.36969	6.9444e-003	0.	0.
7311	0.36681	5.5556e-003	0.	0.
7312	0.30208	-2.276e-002	0.	0.
7313	-0.36356	4.3886e-003	0.	0.
7314	0.36756	-4.3886e-003	0.	0.
7315	-0.39484	-1.7413e-002	0.	0.
7316	0.4021	2.3261e-003	0.	0.
7317	0.34891	1.3205e-002	0.	0.
7318	0.36681	1.1901e-002	0.	0.
7319	0.33726	6.3991e-004	0.	0.
7320	-0.3711	-1.7265e-002	0.	0.
7321	-0.38593	1.3941e-002	0.	0.
7322	0.33244	1.1265e-002	0.	0.
7323	-0.35279	1.3759e-002	0.	0.
7324	-0.30144	-7.864e-003	0.	0.
7325	-0.39374	-8.3333e-003	0.	0.
7326	-0.38734	1.0982e-002	0.	0.
7327	0.41449	-4.5259e-003	0.	0.
7328	0.41134	-5.7158e-003	0.	0.
7329	-0.38312	-1.3961e-002	0.	0.
7330	-0.36044	1.9533e-002	0.	0.
7331	-0.38843	-1.1971e-002	0.	0.
7332	0.31681	1.4774e-003	0.	0.
7333	-0.3874	-8.3333e-003	0.	0.
7334	0.30773	-3.1591e-003	0.	0.
7335	0.34022	-2.8748e-003	0.	0.
7336	0.3557	-7.5961e-003	0.	0.
7337	0.36661	8.9271e-003	0.	0.
7338	0.36974	3.5423e-003	0.	0.
7339	-0.38154	2.3521e-002	0.	0.
7340	0.35954	-2.352e-002	0.	0.
7341	0.3542	-9.7834e-003	0.	0.
7342	-0.39851	8.7817e-003	0.	0.
7343	0.30128	1.5841e-002	0.	0.
7344	-0.42283	-9.6389e-003	0.	0.
7345	-0.39258	1.0417e-002	0.	0.
7346	-0.368	1.4583e-002	0.	0.
7347	-0.39057	-8.3333e-003	0.	0.
7348	-0.37113	-1.3871e-002	0.	0.
7349	0.41008	1.0806e-002	0.	0.
7350	0.31226	1.1641e-002	0.	0.
7351	0.36167	1.1235e-002	0.	0.
7352	0.33223	9.9302e-003	0.	0.
7353	-0.38424	-8.3333e-003	0.	0.
7354	0.41394	-1.1305e-002	0.	0.
7355	0.3487	-1.5384e-002	0.	0.
7356	0.41709	-2.3016e-002	0.	0.
7357	-0.38018	9.134e-003	0.	0.
7358	-0.36454	1.5335e-002	0.	0.
7359	0.30794	-6.4672e-003	0.	0.
7360	-0.38587	-7.0542e-003	0.	0.
7361	0.32756	-2.1152e-002	0.	0.
7362	0.33704	-2.6042e-003	0.	0.
7363	0.40194	-2.3768e-002	0.	0.
7364	-0.35432	7.5294e-003	0.	0.
7365	0.37162	9.1716e-003	0.	0.
7366	-0.38141	-1.9398e-002	0.	0.
7367	0.35221	-1.3831e-002	0.	0.
7368	-0.40352	1.9375e-003	0.	0.
7369	-0.40235	-4.2813e-003	0.	0.
7370	-0.4004	2.0417e-003	0.	0.
7371	0.34252	1.3902e-002	0.	0.
7372	-0.35263	1.556e-002	0.	0.
7373	0.35538	-1.5192e-002	0.	0.
7374	-0.40548	-4.3715e-003	0.	0.
7375	-0.41476	5.7336e-003	0.	0.
7376	-0.39923	-4.1979e-003	0.	0.
7377	0.32942	-9.1146e-004	0.	0.
7378	-0.4051	-1.0479e-002	0.	0.
7379	-0.4051	1.0354e-002	0.	0.
7380	-0.40198	-1.0458e-002	0.	0.
7381	0.39908	1.2756e-002	0.	0.
7382	-0.30143	2.1824e-002	0.	0.
7383	-0.31881	1.4226e-002	0.	0.
7384	0.31072	-7.5888e-003	0.	0.
7385	-0.30676	1.9606e-003	0.	0.
7386	-0.35444	-2.1574e-002	0.	0.
7387	-0.38944	1.5978e-002	0.	0.
7388	-0.39682	-1.6137e-002	0.	0.
7389	-0.31924	1.5559e-002	0.	0.
7390	0.34309	4.8869e-003	0.	0.
7391	0.34412	6.1608e-003	0.	0.
7392	-0.42362	1.9776e-002	0.	0.
7393	0.32644	-2.0337e-002	0.	0.
7394	0.41733	1.5346e-002	0.	0.
7395	0.40699	1.0351e-002	0.	0.
7396	-0.33012	-1.6335e-002	0.	0.
7397	-0.3669	4.5702e-003	0.	0.
7398	0.37093	-4.5715e-003	0.	0.
7399	-0.42192	7.7184e-003	0.	0.
7400	-0.31373	1.0312e-003	0.	0.
7401	0.33547	-4.9298e-003	0.	0.
7402	-0.31745	-5.8906e-003	0.	0.
7403	-0.41387	-1.8445e-002	0.	0.
7404	-0.35296	-1.0429e-002	0.	0.
7405	0.30217	4.5417e-003	0.	0.
7406	-0.35342	-1.381e-002	0.	0.
7407	0.42158	2.2265e-002	0.	0.
7408	0.31853	1.5573e-003	0.	0.
7409	-0.31612	2.3635e-002	0.	0.
7410	0.31334	-9.3646e-003	0.	0.
7411	-0.39366	1.7246e-002	0.	0.
7412	0.41097	2.137e-002	0.	0.
7413	-0.41612	-1.6826e-002	0.	0.
7414	0.41155	1.7337e-003	0.	0.
7415	-0.37069	2.2917e-002	0.	0.
7416	-0.41258	-1.7217e-002	0.	0.
7417	-0.3951	-1.1629e-002	0.	0.
7418	0.33572	-1.7095e-002	0.	0.
7419	-0.39179	-1.5871e-002	0.	0.
7420	-0.39652	-2.2917e-002	0.	0.
7421	0.4176	2.1583e-003	0.	0.
7422	0.41499	6.6518e-004	0.	0.
7423	0.3044	-2.6406e-003	0.	0.
7424	0.41242	3.302e-003	0.	0.
7425	-0.36765	2.2917e-002	0.	0.
7426	-0.33909	1.7224e-002	0.	0.
7427	-0.30549	4.7259e-003	0.	0.
7428	-0.41763	-2.1304e-002	0.	0.
7429	-0.40962	-1.6042e-002	0.	0.
7430	-0.41113	-1.595e-002	0.	0.
7431	0.41915	-2.9263e-003	0.	0.
7432	0.36662	3.3424e-003	0.	0.
7433	0.35984	9.4058e-003	0.	0.
7434	-0.35583	-9.421e-003	0.	0.
7435	0.36957	9.1654e-003	0.	0.
7436	-0.35732	-9.7584e-003	0.	0.
7437	0.36136	9.7363e-003	0.	0.
7438	0.40598	-6.0956e-004	0.	0.
7439	-0.41297	2.3924e-003	0.	0.
7440	0.33435	1.8722e-003	0.	0.
7441	-0.41968	1.6335e-002	0.	0.
7442	-0.33919	1.972e-003	0.	0.
7443	-0.32658	-2.5122e-003	0.	0.
7444	-0.33858	-2.283e-003	0.	0.
7445	-0.34567	-4.2422e-003	0.	0.
7446	-0.32958	-2.4549e-003	0.	0.
7447	-0.34158	-2.2257e-003	0.	0.
7448	-0.32983	-8.6432e-003	0.	0.
7449	-0.34867	-4.1901e-003	0.	0.
7450	-0.34292	-1.0542e-002	0.	0.
7451	-0.33273	-8.3451e-003	0.	0.
7452	-0.34592	-1.0505e-002	0.	0.
7453	-0.32646	1.2113e-002	0.	0.
7454	-0.33342	-2.2958e-002	0.	0.
7455	-0.33942	-2.2951e-002	0.	0.
7456	-0.34242	-2.2946e-002	0.	0.
7457	-0.34542	-2.2941e-002	0.	0.
7458	-0.3935	-2.2917e-002	0.	0.
7459	-0.40595	2.2971e-002	0.	0.
7460	0.30217	1.5e-003	0.	0.
7461	0.33616	2.3195e-002	0.	0.
7462	0.36011	-2.0328e-002	0.	0.
7463	0.34385	-2.0582e-002	0.	0.
7464	-0.42054	-1.2899e-002	0.	0.
7465	-0.33642	-2.2957e-002	0.	0.
7466	-0.38209	2.0305e-002	0.	0.
7467	0.41001	2.2946e-002	0.	0.
7468	-0.30961	1.4746e-002	0.	0.
7469	-0.30734	1.7635e-002	0.	0.
7470	-0.30995	1.6336e-002	0.	0.
7471	-0.30705	1.5937e-002	0.	0.
7472	0.30702	3.5568e-003	0.	0.
7473	0.38555	2.2883e-002	0.	0.
7474	0.38854	2.2878e-002	0.	0.
7475	0.37956	2.2893e-002	0.	0.
7476	0.38255	2.2888e-002	0.	0.
7477	0.41862	-1.348e-002	0.	0.
7478	0.30439	-5.4672e-003	0.	0.
7479	0.30664	2.3667e-002	0.	0.
7480	0.30744	-9.6719e-003	0.	0.
7481	0.30812	-2.3705e-002	0.	0.
7482	0.30724	-2.1014e-002	0.	0.
7483	0.4068	1.9163e-003	0.	0.
7484	-0.36102	1.6516e-002	0.	0.
7485	0.42367	-2.4368e-004	0.	0.
7486	0.37371	2.3166e-002	0.	0.
7487	0.37643	2.3153e-002	0.	0.
7488	0.38062	2.0786e-002	0.	0.
7489	0.38361	2.0776e-002	0.	0.
7490	0.3866	2.0766e-002	0.	0.
7491	0.38959	2.0755e-002	0.	0.
7492	0.38361	-2.0891e-002	0.	0.
7493	0.38062	-2.088e-002	0.	0.
7494	0.38959	-2.0911e-002	0.	0.
7495	0.3866	-2.0901e-002	0.	0.
7496	0.32503	1.6871e-003	0.	0.
7497	0.30108	1.412e-002	0.	0.
7498	0.38457	-1.9026e-002	0.	0.
7499	0.38154	-1.898e-002	0.	0.
7500	0.3906	1.8845e-002	0.	0.
7501	0.38754	1.8866e-002	0.	0.
7502	0.38466	1.8664e-002	0.	0.
7503	0.38168	1.868e-002	0.	0.
7504	-0.38881	-1.5884e-002	0.	0.
7505	0.35312	1.5041e-002	0.	0.
7506	0.32951	-1.5511e-002	0.	0.
7507	-0.41873	-5.9444e-003	0.	0.
7508	0.30776	-1.8311e-002	0.	0.
7509	0.32391	5.958e-003	0.	0.
7510	0.32546	8.6833e-003	0.	0.
7511	0.40537	1.3482e-002	0.	0.
7512	0.35653	-1.1491e-002	0.	0.
7513	0.42349	-6.3865e-003	0.	0.
7514	0.32059	-4.5937e-003	0.	0.
7515	0.32103	-7.5312e-003	0.	0.
7516	0.31997	1.3169e-003	0.	0.
7517	0.32016	-1.6563e-003	0.	0.
7518	0.40287	-5.1675e-004	0.	0.
7519	0.40875	4.5006e-004	0.	0.
7520	0.312	-9.8067e-003	0.	0.
7521	0.31284	-6.7638e-003	0.	0.
7522	0.38088	1.4221e-002	0.	0.
7523	0.37909	1.2218e-002	0.	0.
7524	0.38189	1.2391e-002	0.	0.
7525	0.37298	1.2484e-002	0.	0.
7526	0.37595	1.2453e-002	0.	0.
7527	0.3909	1.2097e-002	0.	0.
7528	0.39391	1.2051e-002	0.	0.
7529	0.38494	1.2625e-002	0.	0.
7530	0.38783	1.2328e-002	0.	0.
7531	0.3908	-1.2703e-002	0.	0.
7532	0.39377	-1.2734e-002	0.	0.
7533	0.38486	-1.2641e-002	0.	0.
7534	0.38783	-1.2672e-002	0.	0.
7535	0.37892	-1.2578e-002	0.	0.
7536	0.38172	-1.2708e-002	0.	0.
7537	0.37301	-1.2263e-002	0.	0.
7538	0.37602	-1.2277e-002	0.	0.
7539	-0.39379	-1.4097e-002	0.	0.
7540	0.34585	1.6108e-002	0.	0.
7541	-0.30772	1.9407e-002	0.	0.
7542	-0.31054	1.7846e-002	0.	0.
7543	-0.38432	1.6954e-002	0.	0.
7544	0.39481	-1.069e-002	0.	0.
7545	0.39185	-1.0654e-002	0.	0.
7546	0.37703	-1.0471e-002	0.	0.
7547	0.37407	-1.0435e-002	0.	0.
7548	0.39185	1.018e-002	0.	0.
7549	0.39481	1.0143e-002	0.	0.
7550	0.37722	1.0571e-002	0.	0.
7551	0.37407	1.0398e-002	0.	0.
7552	0.31672	4.063e-003	0.	0.
7553	0.37515	8.3125e-003	0.	0.
7554	0.3929	8.0625e-003	0.	0.
7555	0.39585	8.0208e-003	0.	0.
7556	0.37515	-8.3542e-003	0.	0.
7557	0.3781	-8.3958e-003	0.	0.
7558	0.39588	-8.8057e-003	0.	0.
7559	0.3929	-8.6042e-003	0.	0.
7560	-0.32114	-1.7829e-002	0.	0.
7561	0.30357	-1.1212e-002	0.	0.
7562	-0.34719	1.7479e-002	0.	0.
7563	0.35281	1.7473e-002	0.	0.
7564	0.38224	-6.1696e-003	0.	0.
7565	0.38524	-6.202e-003	0.	0.
7566	0.37613	-6.5072e-003	0.	0.
7567	0.37918	-6.3203e-003	0.	0.
7568	0.379	6.0068e-003	0.	0.
7569	0.37623	6.2266e-003	0.	0.
7570	0.38509	6.0859e-003	0.	0.
7571	0.3823	5.9559e-003	0.	0.
7572	0.39383	6.1938e-003	0.	0.
7573	0.39703	6.0444e-003	0.	0.
7574	0.38804	6.0391e-003	0.	0.
7575	0.39111	5.7451e-003	0.	0.
7576	0.34849	-4.8402e-003	0.	0.
7577	-0.30787	-2.3685e-002	0.	0.
7578	-0.31547	1.7579e-002	0.	0.
7579	0.4048	-2.1883e-003	0.	0.
7580	0.3832	4.0365e-003	0.	0.
7581	0.38615	3.9844e-003	0.	0.
7582	0.3891	3.9323e-003	0.	0.
7583	0.39205	3.8802e-003	0.	0.
7584	0.38615	-4.349e-003	0.	0.
7585	0.3832	-4.2969e-003	0.	0.
7586	0.38918	-3.9258e-003	0.	0.
7587	0.39205	-4.4531e-003	0.	0.
7588	0.37972	5.6588e-004	0.	0.
7589	-0.33045	-2.3469e-002	0.	0.
7590	-0.30819	-8.7134e-003	0.	0.
7591	0.3931	-2.3984e-003	0.	0.
7592	0.39016	-2.3411e-003	0.	0.
7593	0.38722	-2.2839e-003	0.	0.
7594	0.38427	-2.2266e-003	0.	0.
7595	0.3931	1.7682e-003	0.	0.
7596	0.39016	1.8255e-003	0.	0.
7597	0.38427	1.9401e-003	0.	0.
7598	0.38722	1.8828e-003	0.	0.
7599	0.4237	8.243e-003	0.	0.
7600	-0.31261	1.9732e-002	0.	0.
7601	0.31645	-1.8888e-004	0.	0.
7602	0.38534	-1.5625e-004	0.	0.
7603	0.38828	-2.1875e-004	0.	0.
7604	0.38241	-9.375e-005	0.	0.
7605	0.39709	-4.0625e-004	0.	0.
7606	0.40003	-4.6875e-004	0.	0.
7607	0.39122	-2.8125e-004	0.	0.
7608	0.39416	-3.4375e-004	0.	0.
7609	-0.33836	4.0143e-003	0.	0.
7610	-0.31854	-4.1602e-003	0.	0.
7611	-0.30663	3.5635e-003	0.	0.
7612	0.31538	-1.3731e-002	0.	0.
7613	0.34599	-5.5104e-003	0.	0.
7614	-0.38095	7.065e-003	0.	0.
7615	-0.3638	1.3239e-002	0.	0.
7616	0.34743	9.9017e-003	0.	0.
7617	0.34713	1.5806e-002	0.	0.
7618	-0.40527	-1.7587e-002	0.	0.
7619	0.34678	7.1908e-003	0.	0.
7620	-0.36101	-1.7562e-002	0.	0.
7621	0.36484	1.7499e-002	0.	0.
7622	0.32942	1.757e-002	0.	0.
7623	-0.39144	-1.1961e-002	0.	0.
7624	0.30568	3.5876e-003	0.	0.
7625	0.40772	-1.6302e-003	0.	0.
7626	0.40371	-4.1823e-003	0.	0.
7627	-0.42141	-2.0906e-002	0.	0.
7628	0.42032	2.3604e-002	0.	0.
7629	0.32568	-2.3375e-002	0.	0.
7630	0.31407	-1.7879e-002	0.	0.
7631	0.32867	-4.9838e-003	0.	0.
7632	-0.30881	6.5861e-003	0.	0.
7633	-0.30645	8.5241e-003	0.	0.
7634	0.42223	2.3757e-002	0.	0.
7635	-0.3731	-3.3355e-003	0.	0.
7636	-0.41841	2.3504e-002	0.	0.
7637	0.42365	-1.6445e-002	0.	0.
7638	-0.41225	1.3444e-002	0.	0.
7639	0.30906	-8.7474e-003	0.	0.
7640	-0.36256	1.3311e-002	0.	0.
7641	-0.36912	5.4324e-003	0.	0.
7642	0.37337	-5.4958e-003	0.	0.
7643	-0.3826	7.2983e-003	0.	0.
7644	0.34737	-5.5034e-003	0.	0.
7645	-0.33646	1.8698e-003	0.	0.
7646	-0.36171	2.0833e-002	0.	0.
7647	-0.35879	2.0833e-002	0.	0.
7648	-0.32326	8.938e-004	0.	0.
7649	-0.38581	-1.5604e-002	0.	0.
7650	-0.32171	2.0674e-002	0.	0.
7651	-0.32263	2.2799e-002	0.	0.
7652	-0.31966	2.2837e-002	0.	0.
7653	0.3187	-3.7891e-003	0.	0.
7654	0.31902	-6.6797e-003	0.	0.
7655	0.4019	-2.3776e-003	0.	0.
7656	-0.41181	2.3762e-002	0.	0.
7657	-0.42086	-7.674e-003	0.	0.
7658	-0.42073	-4.7569e-003	0.	0.
7659	0.30661	-2.3684e-002	0.	0.
7660	-0.35499	1.0832e-002	0.	0.
7661	0.35408	-6.7962e-003	0.	0.
7662	0.36542	6.5741e-003	0.	0.
7663	0.37107	5.9217e-003	0.	0.
7664	0.40451	7.397e-003	0.	0.
7665	-0.38761	5.4687e-003	0.	0.
7666	0.42373	-1.8017e-002	0.	0.
7667	-0.33545	3.9622e-003	0.	0.
7668	-0.3963	-1.3021e-003	0.	0.
7669	0.40957	-3.7121e-003	0.	0.
7670	0.4066	-3.8542e-003	0.	0.
7671	-0.36276	5.9744e-003	0.	0.
7672	0.36681	-6.25e-003	0.	0.
7673	0.36017	6.4932e-003	0.	0.
7674	0.336	-2.3958e-002	0.	0.
7675	0.334	-2.3958e-002	0.	0.
7676	0.4154	-1.4055e-002	0.	0.
7677	-0.30916	4.3789e-003	0.	0.
7678	0.38696	-1.3917e-002	0.	0.
7679	0.31264	1.8456e-002	0.	0.
7680	0.32229	-5.2781e-003	0.	0.
7681	0.32291	-8.1396e-003	0.	0.
7682	-0.39376	-4.9479e-003	0.	0.
7683	0.31148	1.8867e-002	0.	0.
7684	0.32208	-2.4714e-003	0.	0.
7685	-0.40865	-1.4724e-002	0.	0.
7686	0.3182	-9.3605e-004	0.	0.
7687	0.38747	-1.9637e-002	0.	0.
7688	0.39376	-7.4055e-003	0.	0.
7689	-0.42356	2.3049e-002	0.	0.
7690	0.30268	1.9165e-002	0.	0.
7691	-0.33538	7.9123e-003	0.	0.
7692	-0.33444	6.0547e-003	0.	0.
7693	-0.33736	5.8286e-003	0.	0.
7694	-0.32869	5.9609e-003	0.	0.
7695	-0.3317	6.2475e-003	0.	0.
7696	0.40095	-2.1371e-002	0.	0.
7697	-0.32742	8.9714e-004	0.	0.
7698	-0.40821	-1.924e-002	0.	0.
7699	-0.39457	1.5735e-002	0.	0.
7700	-0.32343	1.5818e-002	0.	0.
7701	-0.3187	2.1127e-002	0.	0.
7702	-0.35624	1.0081e-002	0.	0.
7703	0.41625	-1.2762e-002	0.	0.
7704	-0.31973	-1.6863e-002	0.	0.
7705	0.36912	1.6115e-002	0.	0.
7706	0.30778	6.294e-004	0.	0.
7707	0.3235	-3.3678e-003	0.	0.
7708	-0.30135	-1.7633e-002	0.	0.
7709	-0.30278	-1.7084e-002	0.	0.
7710	0.39635	-1.7918e-002	0.	0.
7711	0.33359	1.7448e-002	0.	0.
7712	-0.38969	-3.9024e-003	0.	0.
7713	-0.30934	2.1141e-003	0.	0.
7714	-0.30385	3.5127e-003	0.	0.
7715	-0.35801	-1.3681e-002	0.	0.
7716	0.35972	-3.1012e-003	0.	0.
7717	0.42357	-2.3052e-002	0.	0.
7718	-0.36221	1.7736e-002	0.	0.
7719	0.3884	1.7532e-002	0.	0.
7720	0.40084	-4.474e-003	0.	0.
7721	0.40716	-8.1927e-003	0.	0.
7722	0.40548	-6.0781e-003	0.	0.
7723	0.40833	-5.8594e-003	0.	0.
7724	0.39987	-6.2571e-003	0.	0.
7725	0.40275	-6.0477e-003	0.	0.
7726	0.31728	-5.9042e-003	0.	0.
7727	0.31702	-3.0828e-003	0.	0.
7728	0.34589	-1.8988e-002	0.	0.
7729	-0.30608	2.3659e-002	0.	0.
7730	-0.33101	1.5756e-002	0.	0.
7731	0.3026	1.6609e-002	0.	0.
7732	0.40439	8.78e-003	0.	0.
7733	0.39711	-3.763e-003	0.	0.
7734	0.33127	-5.8589e-003	0.	0.
7735	0.30816	2.3759e-002	0.	0.
7736	0.30931	-2.14e-002	0.	0.
7737	0.39302	1.339e-002	0.	0.
7738	-0.34422	2.3539e-002	0.	0.
7739	0.35578	2.354e-002	0.	0.
7740	-0.40939	-1.1354e-002	0.	0.
7741	-0.4071	-1.2272e-002	0.	0.
7742	0.32842	9.8702e-003	0.	0.
7743	0.3274	2.6042e-004	0.	0.
7744	0.40981	2.2161e-003	0.	0.
7745	0.31437	2.1716e-003	0.	0.
7746	-0.33993	-1.3943e-002	0.	0.
7747	0.38143	-1.2423e-003	0.	0.
7748	0.39083	-1.6042e-002	0.	0.
7749	-0.3325	7.8854e-003	0.	0.
7750	-0.32954	7.569e-003	0.	0.
7751	-0.3507	-1.6426e-002	0.	0.
7752	0.35523	-2.0924e-002	0.	0.
7753	0.35617	-2.2917e-002	0.	0.
7754	0.34162	-4.2012e-003	0.	0.
7755	0.38433	-7.5001e-003	0.	0.
7756	0.37984	-1.1337e-002	0.	0.
7757	0.34198	1.5561e-002	0.	0.
7758	-0.34232	-1.7539e-002	0.	0.
7759	0.38243	-1.7725e-002	0.	0.
7760	0.34955	2.3698e-002	0.	0.
7761	-0.35045	2.3698e-002	0.	0.
7762	0.42379	2.3913e-002	0.	0.
69605	0.425	2.4e-002	0.	0.
69606	0.424	2.5e-002	0.	0.
69607	0.42439	2.4456e-002	0.	0.
69658	0.425	-2.4e-002	0.	0.
69660	0.424	-2.5e-002	0.	0.
69661	0.42429	-2.4026e-002	0.	0.
69662	0.425	-2.2e-002	0.	0.
69665	0.42429	-2.3026e-002	0.	0.
69666	0.425	-2.e-002	0.	0.
69668	0.42407	-2.1052e-002	0.	0.
69669	0.42429	-2.2026e-002	0.	0.
69670	0.425	-1.8e-002	0.	0.
69673	0.42386	-1.9189e-002	0.	0.
69674	0.42407	-2.0052e-002	0.	0.
69675	0.42437	-1.8508e-002	0.	0.
69676	0.425	-1.6e-002	0.	0.
69678	0.42432	-1.6723e-002	0.	0.
69679	0.42437	-1.7508e-002	0.	0.
69680	0.425	-1.4e-002	0.	0.
69683	0.42423	-1.4677e-002	0.	0.
69684	0.42432	-1.5723e-002	0.	0.
69685	0.425	-1.2e-002	0.	0.
69687	0.42414	-1.2632e-002	0.	0.
69688	0.42423	-1.3677e-002	0.	0.
69689	0.425	-1.e-002	0.	0.
69692	0.42414	-1.1632e-002	0.	0.
69693	0.42405	-1.0587e-002	0.	0.
69695	0.425	-8.e-003	0.	0.
69698	0.42409	-8.5475e-003	0.	0.
69699	0.42405	-9.5869e-003	0.	0.
69701	0.425	-6.e-003	0.	0.
69703	0.42409	-7.5475e-003	0.	0.
69704	0.42425	-6.6932e-003	0.	0.
69705	0.425	-4.e-003	0.	0.
69708	0.42359	-5.1469e-003	0.	0.
69709	0.42379	-4.2882e-003	0.	0.
69710	0.42425	-5.6932e-003	0.	0.
69712	0.425	-2.e-003	0.	0.
69715	0.42385	-2.3472e-003	0.	0.
69716	0.42379	-3.2882e-003	0.	0.
69717	0.425	6.0715e-018	0.	0.
69719	0.42385	-1.3472e-003	0.	0.
69720	0.42434	-6.2184e-004	0.	0.
69721	0.425	2.e-003	0.	0.
69724	0.42428	1.6218e-003	0.	0.
69725	0.42434	3.7816e-004	0.	0.
69726	0.425	4.e-003	0.	0.
69728	0.42402	3.5208e-003	0.	0.
69729	0.42428	2.6218e-003	0.	0.
69730	0.425	6.e-003	0.	0.
69732	0.42402	4.5208e-003	0.	0.
69733	0.42429	5.3846e-003	0.	0.
69734	0.425	8.e-003	0.	0.
69737	0.42429	6.3846e-003	0.	0.
69738	0.42435	7.6215e-003	0.	0.
69739	0.425	1.e-002	0.	0.
69741	0.42388	9.3333e-003	0.	0.
69742	0.42435	8.6215e-003	0.	0.
69743	0.425	1.2e-002	0.	0.
69746	0.42388	1.0333e-002	0.	0.
69747	0.42396	1.1514e-002	0.	0.
69748	0.425	1.4e-002	0.	0.
69750	0.42396	1.2514e-002	0.	0.
69751	0.42396	1.3514e-002	0.	0.
69752	0.425	1.6e-002	0.	0.
69755	0.42396	1.5514e-002	0.	0.
69756	0.42396	1.4514e-002	0.	0.
69757	0.425	1.8e-002	0.	0.
69760	0.42396	1.6514e-002	0.	0.
69761	0.42397	1.7696e-002	0.	0.
69763	0.425	2.e-002	0.	0.
69765	0.42398	1.9757e-002	0.	0.
69766	0.42397	1.8696e-002	0.	0.
69768	0.425	2.2e-002	0.	0.
69770	0.42398	2.0757e-002	0.	0.
69771	0.42421	2.1708e-002	0.	0.
69773	0.42421	2.2708e-002	0.	0.
69774	0.42439	2.3456e-002	0.	0.
71277	-0.424	-2.5e-002	0.	0.
71279	-0.425	-2.4e-002	0.	0.
71280	-0.42418	-2.4239e-002	0.	0.
71281	-0.422	-2.5e-002	0.	0.
71283	-0.42318	-2.4239e-002	0.	0.
71286	-0.42	-2.5e-002	0.	0.
71287	-0.42147	-2.3758e-002	0.	0.
71288	-0.42059	-2.4044e-002	0.	0.
71289	-0.42218	-2.4239e-002	0.	0.
71292	-0.418	-2.5e-002	0.	0.
71293	-0.41959	-2.4044e-002	0.	0.
71294	-0.41856	-2.4021e-002	0.	0.
71296	-0.416	-2.5e-002	0.	0.
71297	-0.41644	-2.3771e-002	0.	0.
71298	-0.41756	-2.4021e-002	0.	0.
71301	-0.414	-2.5e-002	0.	0.
71302	-0.41544	-2.3771e-002	0.	0.
71303	-0.41426	-2.3899e-002	0.	0.
71305	-0.412	-2.5e-002	0.	0.
71306	-0.41326	-2.3899e-002	0.	0.
71307	-0.41243	-2.4109e-002	0.	0.
71310	-0.41	-2.5e-002	0.	0.
71311	-0.41058	-2.4028e-002	0.	0.
71312	-0.41143	-2.4109e-002	0.	0.
71315	-0.408	-2.5e-002	0.	0.
71316	-0.40958	-2.4028e-002	0.	0.
71317	-0.40857	-2.401e-002	0.	0.
71319	-0.406	-2.5e-002	0.	0.
71320	-0.40656	-2.3993e-002	0.	0.
71321	-0.40757	-2.401e-002	0.	0.
71324	-0.404	-2.5e-002	0.	0.
71325	-0.40556	-2.3993e-002	0.	0.
71326	-0.40455	-2.3976e-002	0.	0.
71328	-0.402	-2.5e-002	0.	0.
71329	-0.40254	-2.3958e-002	0.	0.
71330	-0.40355	-2.3976e-002	0.	0.
71334	-0.4	-2.5e-002	0.	0.
71335	-0.40154	-2.3958e-002	0.	0.
71336	-0.40053	-2.3958e-002	0.	0.
71339	-0.398	-2.5e-002	0.	0.
71340	-0.39852	-2.3958e-002	0.	0.
71341	-0.39953	-2.3958e-002	0.	0.
71345	-0.396	-2.5e-002	0.	0.
71346	-0.39752	-2.3958e-002	0.	0.
71347	-0.39676	-2.3958e-002	0.	0.
71349	-0.394	-2.5e-002	0.	0.
71350	-0.39576	-2.3958e-002	0.	0.
71351	-0.39425	-2.3958e-002	0.	0.
71353	-0.392	-2.5e-002	0.	0.
71354	-0.39237	-2.3958e-002	0.	0.
71355	-0.39325	-2.3958e-002	0.	0.
71359	-0.39	-2.5e-002	0.	0.
71360	-0.39137	-2.3958e-002	0.	0.
71361	-0.39043	-2.4082e-002	0.	0.
71363	-0.388	-2.5e-002	0.	0.
71364	-0.38845	-2.4036e-002	0.	0.
71365	-0.38943	-2.4082e-002	0.	0.
71368	-0.386	-2.5e-002	0.	0.
71369	-0.38745	-2.4036e-002	0.	0.
71370	-0.3865	-2.3979e-002	0.	0.
71372	-0.384	-2.5e-002	0.	0.
71373	-0.38446	-2.3958e-002	0.	0.
71374	-0.3855	-2.3979e-002	0.	0.
71377	-0.382	-2.5e-002	0.	0.
71378	-0.38235	-2.3958e-002	0.	0.
71379	-0.38346	-2.3958e-002	0.	0.
71381	-0.38	-2.5e-002	0.	0.
71382	-0.38135	-2.3958e-002	0.	0.
71383	-0.38035	-2.3958e-002	0.	0.
71386	-0.378	-2.5e-002	0.	0.
71387	-0.37935	-2.3958e-002	0.	0.
71388	-0.37849	-2.3958e-002	0.	0.
71390	-0.376	-2.5e-002	0.	0.
71391	-0.37663	-2.3958e-002	0.	0.
71392	-0.37749	-2.3958e-002	0.	0.
71395	-0.374	-2.5e-002	0.	0.
71396	-0.37462	-2.3958e-002	0.	0.
71397	-0.37563	-2.3958e-002	0.	0.
71400	-0.372	-2.5e-002	0.	0.
71401	-0.37363	-2.3958e-002	0.	0.
71402	-0.37267	-2.3962e-002	0.	0.
71404	-0.37	-2.5e-002	0.	0.
71405	-0.37063	-2.3976e-002	0.	0.
71406	-0.37167	-2.3962e-002	0.	0.
71409	-0.368	-2.5e-002	0.	0.
71410	-0.36858	-2.3958e-002	0.	0.
71411	-0.36963	-2.3976e-002	0.	0.
71414	-0.366	-2.5e-002	0.	0.
71415	-0.36758	-2.3958e-002	0.	0.
71416	-0.36657	-2.4002e-002	0.	0.
71418	-0.364	-2.5e-002	0.	0.
71419	-0.36557	-2.4002e-002	0.	0.
71420	-0.36453	-2.398e-002	0.	0.
71423	-0.362	-2.5e-002	0.	0.
71424	-0.3625	-2.3958e-002	0.	0.
71425	-0.36353	-2.398e-002	0.	0.
71427	-0.36	-2.5e-002	0.	0.
71428	-0.3605	-2.3958e-002	0.	0.
71429	-0.3615	-2.3958e-002	0.	0.
71432	-0.358	-2.5e-002	0.	0.
71433	-0.35829	-2.3958e-002	0.	0.
71434	-0.3595	-2.3958e-002	0.	0.
71437	-0.356	-2.5e-002	0.	0.
71438	-0.35729	-2.3958e-002	0.	0.
71439	-0.35628	-2.401e-002	0.	0.
71441	-0.354	-2.5e-002	0.	0.
71442	-0.35432	-2.4004e-002	0.	0.
71443	-0.35528	-2.401e-002	0.	0.
71446	-0.352	-2.5e-002	0.	0.
71447	-0.35332	-2.4004e-002	0.	0.
71448	-0.35238	-2.3961e-002	0.	0.
71451	-0.35	-2.5e-002	0.	0.
71452	-0.35021	-2.4039e-002	0.	0.
71453	-0.35138	-2.3961e-002	0.	0.
71455	-0.348	-2.5e-002	0.	0.
71456	-0.34921	-2.4039e-002	0.	0.
71457	-0.34811	-2.3932e-002	0.	0.
71460	-0.346	-2.5e-002	0.	0.
71461	-0.34711	-2.3932e-002	0.	0.
71462	-0.34621	-2.397e-002	0.	0.
71464	-0.344	-2.5e-002	0.	0.
71465	-0.34446	-2.3972e-002	0.	0.
71466	-0.34521	-2.397e-002	0.	0.
71469	-0.342	-2.5e-002	0.	0.
71470	-0.34346	-2.3972e-002	0.	0.
71471	-0.34271	-2.3973e-002	0.	0.
71475	-0.34	-2.5e-002	0.	0.
71476	-0.34021	-2.3976e-002	0.	0.
71477	-0.34171	-2.3973e-002	0.	0.
71479	-0.338	-2.5e-002	0.	0.
71480	-0.33846	-2.3977e-002	0.	0.
71481	-0.33921	-2.3976e-002	0.	0.
71484	-0.336	-2.5e-002	0.	0.
71485	-0.33746	-2.3977e-002	0.	0.
71486	-0.33671	-2.3978e-002	0.	0.
71489	-0.334	-2.5e-002	0.	0.
71490	-0.33421	-2.3979e-002	0.	0.
71491	-0.33571	-2.3978e-002	0.	0.
71493	-0.332	-2.5e-002	0.	0.
71494	-0.33244	-2.4098e-002	0.	0.
71495	-0.33321	-2.3979e-002	0.	0.
71499	-0.33	-2.5e-002	0.	0.
71500	-0.33144	-2.4098e-002	0.	0.
71501	-0.33072	-2.4234e-002	0.	0.
71503	-0.328	-2.5e-002	0.	0.
71504	-0.32918	-2.3779e-002	0.	0.
71505	-0.32827	-2.3849e-002	0.	0.
71506	-0.32972	-2.4234e-002	0.	0.
71510	-0.326	-2.5e-002	0.	0.
71511	-0.32635	-2.3918e-002	0.	0.
71512	-0.32727	-2.3849e-002	0.	0.
71515	-0.324	-2.5e-002	0.	0.
71516	-0.32535	-2.3918e-002	0.	0.
71517	-0.32434	-2.3994e-002	0.	0.
71519	-0.322	-2.5e-002	0.	0.
71520	-0.32334	-2.3994e-002	0.	0.
71521	-0.32245	-2.4236e-002	0.	0.
71524	-0.32	-2.5e-002	0.	0.
71525	-0.32049	-2.3999e-002	0.	0.
71526	-0.32145	-2.4236e-002	0.	0.
71529	-0.318	-2.5e-002	0.	0.
71530	-0.31949	-2.3999e-002	0.	0.
71531	-0.31859	-2.4244e-002	0.	0.
71533	-0.316	-2.5e-002	0.	0.
71534	-0.31631	-2.3797e-002	0.	0.
71535	-0.31759	-2.4244e-002	0.	0.
71539	-0.314	-2.5e-002	0.	0.
71540	-0.31424	-2.3865e-002	0.	0.
71541	-0.31531	-2.3797e-002	0.	0.
71543	-0.312	-2.5e-002	0.	0.
71544	-0.31324	-2.3865e-002	0.	0.
71545	-0.31233	-2.3999e-002	0.	0.
71549	-0.31	-2.5e-002	0.	0.
71550	-0.31133	-2.3999e-002	0.	0.
71551	-0.31037	-2.4245e-002	0.	0.
71555	-0.308	-2.5e-002	0.	0.
71556	-0.30937	-2.4245e-002	0.	0.
71557	-0.30844	-2.4342e-002	0.	0.
71559	-0.306	-2.5e-002	0.	0.
71560	-0.3065	-2.3907e-002	0.	0.
71561	-0.30744	-2.4342e-002	0.	0.
71564	-0.304	-2.5e-002	0.	0.
71565	-0.30433	-2.3896e-002	0.	0.
71566	-0.3055	-2.3907e-002	0.	0.
71569	-0.302	-2.5e-002	0.	0.
71570	-0.30225	-2.4e-002	0.	0.
71571	-0.30333	-2.3896e-002	0.	0.
71573	-0.3	-2.5e-002	0.	0.
71574	-0.30125	-2.4e-002	0.	0.
71575	-0.30025	-2.4e-002	0.	0.
71578	-0.298	-2.5e-002	0.	0.
71579	-0.29925	-2.4e-002	0.	0.
71580	-0.29825	-2.4e-002	0.	0.
71582	-0.296	-2.5e-002	0.	0.
71583	-0.29725	-2.4e-002	0.	0.
71584	-0.29625	-2.4e-002	0.	0.
71587	-0.294	-2.5e-002	0.	0.
71588	-0.29525	-2.4e-002	0.	0.
71589	-0.29425	-2.4e-002	0.	0.
71592	-0.292	-2.5e-002	0.	0.
71593	-0.29325	-2.4e-002	0.	0.
71594	-0.29225	-2.4e-002	0.	0.
71596	-0.29	-2.5e-002	0.	0.
71597	-0.29125	-2.4e-002	0.	0.
71598	-0.29025	-2.4e-002	0.	0.
71601	-0.288	-2.5e-002	0.	0.
71602	-0.28925	-2.4e-002	0.	0.
71603	-0.28825	-2.4e-002	0.	0.
71606	-0.286	-2.5e-002	0.	0.
71607	-0.28725	-2.4e-002	0.	0.
71608	-0.28625	-2.4e-002	0.	0.
71610	-0.284	-2.5e-002	0.	0.
71611	-0.28525	-2.4e-002	0.	0.
71612	-0.28425	-2.4e-002	0.	0.
71615	-0.282	-2.5e-002	0.	0.
71616	-0.28325	-2.4e-002	0.	0.
71617	-0.28225	-2.4e-002	0.	0.
71619	-0.28	-2.5e-002	0.	0.
71620	-0.28125	-2.4e-002	0.	0.
71621	-0.28025	-2.4e-002	0.	0.
71624	-0.278	-2.5e-002	0.	0.
71625	-0.27925	-2.4e-002	0.	0.
71626	-0.27825	-2.4e-002	0.	0.
71629	-0.276	-2.5e-002	0.	0.
71630	-0.27725	-2.4e-002	0.	0.
71631	-0.27625	-2.4e-002	0.	0.
71633	-0.274	-2.5e-002	0.	0.
71634	-0.27525	-2.4e-002	0.	0.
71635	-0.27425	-2.4e-002	0.	0.
71638	-0.272	-2.5e-002	0.	0.
71639	-0.27325	-2.4e-002	0.	0.
71640	-0.27225	-2.4e-002	0.	0.
71643	-0.27	-2.5e-002	0.	0.
71644	-0.27125	-2.4e-002	0.	0.
71645	-0.27025	-2.4e-002	0.	0.
71647	-0.268	-2.5e-002	0.	0.
71648	-0.26925	-2.4e-002	0.	0.
71649	-0.26825	-2.4e-002	0.	0.
71652	-0.266	-2.5e-002	0.	0.
71653	-0.26725	-2.4e-002	0.	0.
71654	-0.26625	-2.4e-002	0.	0.
71656	-0.264	-2.5e-002	0.	0.
71657	-0.26525	-2.4e-002	0.	0.
71658	-0.26425	-2.4e-002	0.	0.
71661	-0.262	-2.5e-002	0.	0.
71662	-0.26325	-2.4e-002	0.	0.
71663	-0.26225	-2.4e-002	0.	0.
71666	-0.26	-2.5e-002	0.	0.
71667	-0.26125	-2.4e-002	0.	0.
71668	-0.26025	-2.4e-002	0.	0.
71670	-0.258	-2.5e-002	0.	0.
71671	-0.25925	-2.4e-002	0.	0.
71672	-0.25825	-2.4e-002	0.	0.
71675	-0.256	-2.5e-002	0.	0.
71676	-0.25725	-2.4e-002	0.	0.
71677	-0.25625	-2.4e-002	0.	0.
71680	-0.254	-2.5e-002	0.	0.
71681	-0.25525	-2.4e-002	0.	0.
71682	-0.25425	-2.4e-002	0.	0.
71684	-0.252	-2.5e-002	0.	0.
71685	-0.25325	-2.4e-002	0.	0.
71686	-0.25225	-2.4e-002	0.	0.
71689	-0.25	-2.5e-002	0.	0.
71690	-0.25125	-2.4e-002	0.	0.
71691	-0.25025	-2.4e-002	0.	0.
71693	-0.248	-2.5e-002	0.	0.
71694	-0.24925	-2.4e-002	0.	0.
71695	-0.24825	-2.4e-002	0.	0.
71699	-0.246	-2.5e-002	0.	0.
71700	-0.24725	-2.4e-002	0.	0.
71701	-0.24625	-2.4e-002	0.	0.
71704	-0.244	-2.5e-002	0.	0.
71705	-0.24525	-2.4e-002	0.	0.
71706	-0.24425	-2.4e-002	0.	0.
71708	-0.242	-2.5e-002	0.	0.
71709	-0.24325	-2.4e-002	0.	0.
71710	-0.24225	-2.4e-002	0.	0.
71713	-0.24	-2.5e-002	0.	0.
71714	-0.24125	-2.4e-002	0.	0.
71715	-0.24025	-2.4e-002	0.	0.
71718	-0.238	-2.5e-002	0.	0.
71719	-0.23925	-2.4e-002	0.	0.
71720	-0.23825	-2.4e-002	0.	0.
71722	-0.236	-2.5e-002	0.	0.
71723	-0.23725	-2.4e-002	0.	0.
71724	-0.23625	-2.4e-002	0.	0.
71727	-0.234	-2.5e-002	0.	0.
71728	-0.23525	-2.4e-002	0.	0.
71729	-0.23425	-2.4e-002	0.	0.
71731	-0.232	-2.5e-002	0.	0.
71732	-0.23325	-2.4e-002	0.	0.
71733	-0.23225	-2.4e-002	0.	0.
71736	-0.23	-2.5e-002	0.	0.
71737	-0.23125	-2.4e-002	0.	0.
71738	-0.23025	-2.4e-002	0.	0.
71741	-0.228	-2.5e-002	0.	0.
71742	-0.22925	-2.4e-002	0.	0.
71743	-0.22825	-2.4e-002	0.	0.
71745	-0.226	-2.5e-002	0.	0.
71746	-0.22725	-2.4e-002	0.	0.
71747	-0.22625	-2.4e-002	0.	0.
71750	-0.224	-2.5e-002	0.	0.
71751	-0.22525	-2.4e-002	0.	0.
71752	-0.22425	-2.4e-002	0.	0.
71755	-0.222	-2.5e-002	0.	0.
71756	-0.22325	-2.4e-002	0.	0.
71757	-0.22225	-2.4e-002	0.	0.
71759	-0.22	-2.5e-002	0.	0.
71760	-0.22125	-2.4e-002	0.	0.
71761	-0.22025	-2.4e-002	0.	0.
71764	-0.218	-2.5e-002	0.	0.
71765	-0.21925	-2.4e-002	0.	0.
71766	-0.21825	-2.4e-002	0.	0.
71768	-0.216	-2.5e-002	0.	0.
71769	-0.21725	-2.4e-002	0.	0.
71770	-0.21625	-2.4e-002	0.	0.
71773	-0.214	-2.5e-002	0.	0.
71774	-0.21525	-2.4e-002	0.	0.
71775	-0.21425	-2.4e-002	0.	0.
71778	-0.212	-2.5e-002	0.	0.
71779	-0.21325	-2.4e-002	0.	0.
71780	-0.21225	-2.4e-002	0.	0.
71782	-0.21	-2.5e-002	0.	0.
71783	-0.21125	-2.4e-002	0.	0.
71784	-0.21025	-2.4e-002	0.	0.
71787	-0.208	-2.5e-002	0.	0.
71788	-0.20925	-2.4e-002	0.	0.
71789	-0.20825	-2.4e-002	0.	0.
71792	-0.206	-2.5e-002	0.	0.
71793	-0.20725	-2.4e-002	0.	0.
71794	-0.20625	-2.4e-002	0.	0.
71796	-0.204	-2.5e-002	0.	0.
71797	-0.20525	-2.4e-002	0.	0.
71798	-0.20425	-2.4e-002	0.	0.
71801	-0.202	-2.5e-002	0.	0.
71802	-0.20325	-2.4e-002	0.	0.
71803	-0.20225	-2.4e-002	0.	0.
71805	-0.2	-2.5e-002	0.	0.
71806	-0.20125	-2.4e-002	0.	0.
71807	-0.20025	-2.4e-002	0.	0.
71810	-0.198	-2.5e-002	0.	0.
71811	-0.19925	-2.4e-002	0.	0.
71812	-0.19825	-2.4e-002	0.	0.
71815	-0.196	-2.5e-002	0.	0.
71816	-0.19725	-2.4e-002	0.	0.
71817	-0.19625	-2.4e-002	0.	0.
71819	-0.194	-2.5e-002	0.	0.
71820	-0.19525	-2.4e-002	0.	0.
71821	-0.19425	-2.4e-002	0.	0.
71824	-0.192	-2.5e-002	0.	0.
71825	-0.19325	-2.4e-002	0.	0.
71826	-0.19225	-2.4e-002	0.	0.
71829	-0.19	-2.5e-002	0.	0.
71830	-0.19125	-2.4e-002	0.	0.
71831	-0.19025	-2.4e-002	0.	0.
71833	-0.188	-2.5e-002	0.	0.
71834	-0.18925	-2.4e-002	0.	0.
71835	-0.18825	-2.4e-002	0.	0.
71838	-0.186	-2.5e-002	0.	0.
71839	-0.18725	-2.4e-002	0.	0.
71840	-0.18625	-2.4e-002	0.	0.
71842	-0.184	-2.5e-002	0.	0.
71843	-0.18525	-2.4e-002	0.	0.
71844	-0.18425	-2.4e-002	0.	0.
71847	-0.182	-2.5e-002	0.	0.
71848	-0.18325	-2.4e-002	0.	0.
71849	-0.18225	-2.4e-002	0.	0.
71853	-0.18	-2.5e-002	0.	0.
71854	-0.18125	-2.4e-002	0.	0.
71855	-0.18025	-2.4e-002	0.	0.
71857	-0.178	-2.5e-002	0.	0.
71858	-0.17925	-2.4e-002	0.	0.
71859	-0.17825	-2.4e-002	0.	0.
71862	-0.176	-2.5e-002	0.	0.
71863	-0.17725	-2.4e-002	0.	0.
71864	-0.17625	-2.4e-002	0.	0.
71867	-0.174	-2.5e-002	0.	0.
71868	-0.17525	-2.4e-002	0.	0.
71869	-0.17425	-2.4e-002	0.	0.
71871	-0.172	-2.5e-002	0.	0.
71872	-0.17325	-2.4e-002	0.	0.
71873	-0.17225	-2.4e-002	0.	0.
71876	-0.17	-2.5e-002	0.	0.
71877	-0.17125	-2.4e-002	0.	0.
71878	-0.17025	-2.4e-002	0.	0.
71880	-0.168	-2.5e-002	0.	0.
71881	-0.16925	-2.4e-002	0.	0.
71882	-0.16825	-2.4e-002	0.	0.
71885	-0.166	-2.5e-002	0.	0.
71886	-0.16725	-2.4e-002	0.	0.
71887	-0.16625	-2.4e-002	0.	0.
71890	-0.164	-2.5e-002	0.	0.
71891	-0.16525	-2.4e-002	0.	0.
71892	-0.16425	-2.4e-002	0.	0.
71894	-0.162	-2.5e-002	0.	0.
71895	-0.16325	-2.4e-002	0.	0.
71896	-0.16225	-2.4e-002	0.	0.
71899	-0.16	-2.5e-002	0.	0.
71900	-0.16125	-2.4e-002	0.	0.
71901	-0.16025	-2.4e-002	0.	0.
71904	-0.158	-2.5e-002	0.	0.
71905	-0.15925	-2.4e-002	0.	0.
71906	-0.15825	-2.4e-002	0.	0.
71908	-0.156	-2.5e-002	0.	0.
71909	-0.15725	-2.4e-002	0.	0.
71910	-0.15625	-2.4e-002	0.	0.
71913	-0.154	-2.5e-002	0.	0.
71914	-0.15525	-2.4e-002	0.	0.
71915	-0.15425	-2.4e-002	0.	0.
71917	-0.152	-2.5e-002	0.	0.
71918	-0.15325	-2.4e-002	0.	0.
71919	-0.15225	-2.4e-002	0.	0.
71922	-0.15	-2.5e-002	0.	0.
71923	-0.15125	-2.4e-002	0.	0.
71924	-0.15025	-2.4e-002	0.	0.
71927	-0.148	-2.5e-002	0.	0.
71928	-0.14925	-2.4e-002	0.	0.
71929	-0.14825	-2.4e-002	0.	0.
71931	-0.146	-2.5e-002	0.	0.
71932	-0.14725	-2.4e-002	0.	0.
71933	-0.14625	-2.4e-002	0.	0.
71936	-0.144	-2.5e-002	0.	0.
71937	-0.14525	-2.4e-002	0.	0.
71938	-0.14425	-2.4e-002	0.	0.
71940	-0.142	-2.5e-002	0.	0.
71941	-0.14325	-2.4e-002	0.	0.
71942	-0.14225	-2.4e-002	0.	0.
71945	-0.14	-2.5e-002	0.	0.
71946	-0.14125	-2.4e-002	0.	0.
71947	-0.14025	-2.4e-002	0.	0.
71949	-0.138	-2.5e-002	0.	0.
71950	-0.13925	-2.4e-002	0.	0.
71951	-0.13825	-2.4e-002	0.	0.
71954	-0.136	-2.5e-002	0.	0.
71955	-0.13725	-2.4e-002	0.	0.
71956	-0.13625	-2.4e-002	0.	0.
71959	-0.134	-2.5e-002	0.	0.
71960	-0.13525	-2.4e-002	0.	0.
71961	-0.13425	-2.4e-002	0.	0.
71963	-0.132	-2.5e-002	0.	0.
71964	-0.13325	-2.4e-002	0.	0.
71965	-0.13225	-2.4e-002	0.	0.
71968	-0.13	-2.5e-002	0.	0.
71969	-0.13125	-2.4e-002	0.	0.
71970	-0.13025	-2.4e-002	0.	0.
71974	-0.128	-2.5e-002	0.	0.
71975	-0.12925	-2.4e-002	0.	0.
71976	-0.12825	-2.4e-002	0.	0.
71978	-0.126	-2.5e-002	0.	0.
71979	-0.12725	-2.4e-002	0.	0.
71980	-0.12625	-2.4e-002	0.	0.
71983	-0.124	-2.5e-002	0.	0.
71984	-0.12525	-2.4e-002	0.	0.
71985	-0.12425	-2.4e-002	0.	0.
71987	-0.122	-2.5e-002	0.	0.
71988	-0.12325	-2.4e-002	0.	0.
71989	-0.12225	-2.4e-002	0.	0.
71992	-0.12	-2.5e-002	0.	0.
71993	-0.12125	-2.4e-002	0.	0.
71994	-0.12025	-2.4e-002	0.	0.
71997	-0.118	-2.5e-002	0.	0.
71998	-0.11925	-2.4e-002	0.	0.
71999	-0.11825	-2.4e-002	0.	0.
72001	-0.116	-2.5e-002	0.	0.
72002	-0.11725	-2.4e-002	0.	0.
72003	-0.11625	-2.4e-002	0.	0.
72006	-0.114	-2.5e-002	0.	0.
72007	-0.11525	-2.4e-002	0.	0.
72008	-0.11425	-2.4e-002	0.	0.
72012	-0.112	-2.5e-002	0.	0.
72013	-0.11325	-2.4e-002	0.	0.
72014	-0.11225	-2.4e-002	0.	0.
72016	-0.11	-2.5e-002	0.	0.
72017	-0.11125	-2.4e-002	0.	0.
72018	-0.11025	-2.4e-002	0.	0.
72021	-0.108	-2.5e-002	0.	0.
72022	-0.10925	-2.4e-002	0.	0.
72023	-0.10825	-2.4e-002	0.	0.
72025	-0.106	-2.5e-002	0.	0.
72026	-0.10725	-2.4e-002	0.	0.
72027	-0.10625	-2.4e-002	0.	0.
72030	-0.104	-2.5e-002	0.	0.
72031	-0.10525	-2.4e-002	0.	0.
72032	-0.10425	-2.4e-002	0.	0.
72035	-0.102	-2.5e-002	0.	0.
72036	-0.10325	-2.4e-002	0.	0.
72037	-0.10225	-2.4e-002	0.	0.
72039	-0.1	-2.5e-002	0.	0.
72040	-0.10125	-2.4e-002	0.	0.
72041	-0.10025	-2.4e-002	0.	0.
72044	-9.8e-002	-2.5e-002	0.	0.
72045	-9.925e-002	-2.4e-002	0.	0.
72046	-9.825e-002	-2.4e-002	0.	0.
72049	-9.6e-002	-2.5e-002	0.	0.
72050	-9.725e-002	-2.4e-002	0.	0.
72051	-9.625e-002	-2.4e-002	0.	0.
72053	-9.4e-002	-2.5e-002	0.	0.
72054	-9.525e-002	-2.4e-002	0.	0.
72055	-9.425e-002	-2.4e-002	0.	0.
72058	-9.2e-002	-2.5e-002	0.	0.
72059	-9.325e-002	-2.4e-002	0.	0.
72060	-9.225e-002	-2.4e-002	0.	0.
72063	-9.e-002	-2.5e-002	0.	0.
72064	-9.125e-002	-2.4e-002	0.	0.
72065	-9.025e-002	-2.4e-002	0.	0.
72069	-8.8e-002	-2.5e-002	0.	0.
72070	-8.925e-002	-2.4e-002	0.	0.
72071	-8.825e-002	-2.4e-002	0.	0.
72074	-8.6e-002	-2.5e-002	0.	0.
72075	-8.725e-002	-2.4e-002	0.	0.
72076	-8.625e-002	-2.4e-002	0.	0.
72078	-8.4e-002	-2.5e-002	0.	0.
72079	-8.525e-002	-2.4e-002	0.	0.
72080	-8.425e-002	-2.4e-002	0.	0.
72083	-8.2e-002	-2.5e-002	0.	0.
72084	-8.325e-002	-2.4e-002	0.	0.
72085	-8.225e-002	-2.4e-002	0.	0.
72089	-8.e-002	-2.5e-002	0.	0.
72090	-8.125e-002	-2.4e-002	0.	0.
72091	-8.025e-002	-2.4e-002	0.	0.
72093	-7.8e-002	-2.5e-002	0.	0.
72094	-7.925e-002	-2.4e-002	0.	0.
72095	-7.825e-002	-2.4e-002	0.	0.
72098	-7.6e-002	-2.5e-002	0.	0.
72099	-7.725e-002	-2.4e-002	0.	0.
72100	-7.625e-002	-2.4e-002	0.	0.
72102	-7.4e-002	-2.5e-002	0.	0.
72103	-7.525e-002	-2.4e-002	0.	0.
72104	-7.425e-002	-2.4e-002	0.	0.
72107	-7.2e-002	-2.5e-002	0.	0.
72108	-7.325e-002	-2.4e-002	0.	0.
72109	-7.225e-002	-2.4e-002	0.	0.
72111	-7.e-002	-2.5e-002	0.	0.
72112	-7.125e-002	-2.4e-002	0.	0.
72113	-7.025e-002	-2.4e-002	0.	0.
72116	-6.8e-002	-2.5e-002	0.	0.
72117	-6.925e-002	-2.4e-002	0.	0.
72118	-6.825e-002	-2.4e-002	0.	0.
72120	-6.6e-002	-2.5e-002	0.	0.
72121	-6.725e-002	-2.4e-002	0.	0.
72122	-6.625e-002	-2.4e-002	0.	0.
72125	-6.4e-002	-2.5e-002	0.	0.
72126	-6.525e-002	-2.4e-002	0.	0.
72127	-6.425e-002	-2.4e-002	0.	0.
72129	-6.2e-002	-2.5e-002	0.	0.
72130	-6.325e-002	-2.4e-002	0.	0.
72131	-6.225e-002	-2.4e-002	0.	0.
72134	-6.e-002	-2.5e-002	0.	0.
72135	-6.125e-002	-2.4e-002	0.	0.
72136	-6.025e-002	-2.4e-002	0.	0.
72139	-5.8e-002	-2.5e-002	0.	0.
72140	-5.925e-002	-2.4e-002	0.	0.
72141	-5.825e-002	-2.4e-002	0.	0.
72145	-5.6e-002	-2.5e-002	0.	0.
72146	-5.725e-002	-2.4e-002	0.	0.
72147	-5.625e-002	-2.4e-002	0.	0.
72150	-5.4e-002	-2.5e-002	0.	0.
72151	-5.525e-002	-2.4e-002	0.	0.
72152	-5.425e-002	-2.4e-002	0.	0.
72156	-5.2e-002	-2.5e-002	0.	0.
72157	-5.325e-002	-2.4e-002	0.	0.
72158	-5.225e-002	-2.4e-002	0.	0.
72161	-5.e-002	-2.5e-002	0.	0.
72162	-5.125e-002	-2.4e-002	0.	0.
72163	-5.025e-002	-2.4e-002	0.	0.
72166	-4.8e-002	-2.5e-002	0.	0.
72167	-4.925e-002	-2.4e-002	0.	0.
72168	-4.825e-002	-2.4e-002	0.	0.
72170	-4.6e-002	-2.5e-002	0.	0.
72171	-4.725e-002	-2.4e-002	0.	0.
72172	-4.625e-002	-2.4e-002	0.	0.
72176	-4.4e-002	-2.5e-002	0.	0.
72177	-4.525e-002	-2.4e-002	0.	0.
72178	-4.425e-002	-2.4e-002	0.	0.
72180	-4.2e-002	-2.5e-002	0.	0.
72181	-4.325e-002	-2.4e-002	0.	0.
72182	-4.225e-002	-2.4e-002	0.	0.
72185	-4.e-002	-2.5e-002	0.	0.
72186	-4.125e-002	-2.4e-002	0.	0.
72187	-4.025e-002	-2.4e-002	0.	0.
72189	-3.8e-002	-2.5e-002	0.	0.
72190	-3.925e-002	-2.4e-002	0.	0.
72191	-3.825e-002	-2.4e-002	0.	0.
72194	-3.6e-002	-2.5e-002	0.	0.
72195	-3.725e-002	-2.4e-002	0.	0.
72196	-3.625e-002	-2.4e-002	0.	0.
72199	-3.4e-002	-2.5e-002	0.	0.
72200	-3.525e-002	-2.4e-002	0.	0.
72201	-3.425e-002	-2.4e-002	0.	0.
72205	-3.2e-002	-2.5e-002	0.	0.
72206	-3.325e-002	-2.4e-002	0.	0.
72207	-3.225e-002	-2.4e-002	0.	0.
72211	-3.e-002	-2.5e-002	0.	0.
72212	-3.125e-002	-2.4e-002	0.	0.
72213	-3.025e-002	-2.4e-002	0.	0.
72217	-2.8e-002	-2.5e-002	0.	0.
72218	-2.925e-002	-2.4e-002	0.	0.
72219	-2.825e-002	-2.4e-002	0.	0.
72221	-2.6e-002	-2.5e-002	0.	0.
72222	-2.725e-002	-2.4e-002	0.	0.
72223	-2.625e-002	-2.4e-002	0.	0.
72226	-2.4e-002	-2.5e-002	0.	0.
72227	-2.525e-002	-2.4e-002	0.	0.
72228	-2.425e-002	-2.4e-002	0.	0.
72230	-2.2e-002	-2.5e-002	0.	0.
72231	-2.325e-002	-2.4e-002	0.	0.
72232	-2.225e-002	-2.4e-002	0.	0.
72235	-2.e-002	-2.5e-002	0.	0.
72236	-2.125e-002	-2.4e-002	0.	0.
72237	-2.025e-002	-2.4e-002	0.	0.
72240	-1.8e-002	-2.5e-002	0.	0.
72241	-1.925e-002	-2.4e-002	0.	0.
72242	-1.825e-002	-2.4e-002	0.	0.
72244	-1.6e-002	-2.5e-002	0.	0.
72245	-1.725e-002	-2.4e-002	0.	0.
72246	-1.625e-002	-2.4e-002	0.	0.
72249	-1.4e-002	-2.5e-002	0.	0.
72250	-1.525e-002	-2.4e-002	0.	0.
72251	-1.425e-002	-2.4e-002	0.	0.
72254	-1.2e-002	-2.5e-002	0.	0.
72255	-1.325e-002	-2.4e-002	0.	0.
72256	-1.225e-002	-2.4e-002	0.	0.
72258	-1.e-002	-2.5e-002	0.	0.
72259	-1.125e-002	-2.4e-002	0.	0.
72260	-1.025e-002	-2.4e-002	0.	0.
72263	-8.e-003	-2.5e-002	0.	0.
72264	-9.25e-003	-2.4e-002	0.	0.
72265	-8.25e-003	-2.4e-002	0.	0.
72268	-6.e-003	-2.5e-002	0.	0.
72269	-7.25e-003	-2.4e-002	0.	0.
72270	-6.25e-003	-2.4e-002	0.	0.
72272	-4.e-003	-2.5e-002	0.	0.
72273	-5.25e-003	-2.4e-002	0.	0.
72274	-4.25e-003	-2.4e-002	0.	0.
72276	-2.e-003	-2.5e-002	0.	0.
72277	-3.25e-003	-2.4e-002	0.	0.
72278	-2.25e-003	-2.4e-002	0.	0.
72282	3.4499e-016	-2.5e-002	0.	0.
72283	-1.25e-003	-2.4e-002	0.	0.
72284	-2.5e-004	-2.4e-002	0.	0.
72287	2.e-003	-2.5e-002	0.	0.
72288	7.5e-004	-2.4e-002	0.	0.
72289	1.75e-003	-2.4e-002	0.	0.
72292	4.e-003	-2.5e-002	0.	0.
72293	2.75e-003	-2.4e-002	0.	0.
72294	3.75e-003	-2.4e-002	0.	0.
72298	6.e-003	-2.5e-002	0.	0.
72299	4.75e-003	-2.4e-002	0.	0.
72300	5.75e-003	-2.4e-002	0.	0.
72303	8.e-003	-2.5e-002	0.	0.
72304	6.75e-003	-2.4e-002	0.	0.
72305	7.75e-003	-2.4e-002	0.	0.
72309	1.e-002	-2.5e-002	0.	0.
72310	8.75e-003	-2.4e-002	0.	0.
72311	9.75e-003	-2.4e-002	0.	0.
72314	1.2e-002	-2.5e-002	0.	0.
72315	1.075e-002	-2.4e-002	0.	0.
72316	1.175e-002	-2.4e-002	0.	0.
72320	1.4e-002	-2.5e-002	0.	0.
72321	1.275e-002	-2.4e-002	0.	0.
72322	1.375e-002	-2.4e-002	0.	0.
72324	1.6e-002	-2.5e-002	0.	0.
72325	1.475e-002	-2.4e-002	0.	0.
72326	1.575e-002	-2.4e-002	0.	0.
72328	1.8e-002	-2.5e-002	0.	0.
72329	1.675e-002	-2.4e-002	0.	0.
72330	1.775e-002	-2.4e-002	0.	0.
72334	2.e-002	-2.5e-002	0.	0.
72335	1.875e-002	-2.4e-002	0.	0.
72336	1.975e-002	-2.4e-002	0.	0.
72340	2.2e-002	-2.5e-002	0.	0.
72341	2.075e-002	-2.4e-002	0.	0.
72342	2.175e-002	-2.4e-002	0.	0.
72344	2.4e-002	-2.5e-002	0.	0.
72345	2.275e-002	-2.4e-002	0.	0.
72346	2.375e-002	-2.4e-002	0.	0.
72349	2.6e-002	-2.5e-002	0.	0.
72350	2.475e-002	-2.4e-002	0.	0.
72351	2.575e-002	-2.4e-002	0.	0.
72353	2.8e-002	-2.5e-002	0.	0.
72354	2.675e-002	-2.4e-002	0.	0.
72355	2.775e-002	-2.4e-002	0.	0.
72359	3.e-002	-2.5e-002	0.	0.
72360	2.875e-002	-2.4e-002	0.	0.
72361	2.975e-002	-2.4e-002	0.	0.
72363	3.2e-002	-2.5e-002	0.	0.
72364	3.075e-002	-2.4e-002	0.	0.
72365	3.175e-002	-2.4e-002	0.	0.
72369	3.4e-002	-2.5e-002	0.	0.
72370	3.275e-002	-2.4e-002	0.	0.
72371	3.375e-002	-2.4e-002	0.	0.
72373	3.6e-002	-2.5e-002	0.	0.
72374	3.475e-002	-2.4e-002	0.	0.
72375	3.575e-002	-2.4e-002	0.	0.
72377	3.8e-002	-2.5e-002	0.	0.
72378	3.675e-002	-2.4e-002	0.	0.
72379	3.775e-002	-2.4e-002	0.	0.
72383	4.e-002	-2.5e-002	0.	0.
72384	3.875e-002	-2.4e-002	0.	0.
72385	3.975e-002	-2.4e-002	0.	0.
72388	4.2e-002	-2.5e-002	0.	0.
72389	4.075e-002	-2.4e-002	0.	0.
72390	4.175e-002	-2.4e-002	0.	0.
72393	4.4e-002	-2.5e-002	0.	0.
72394	4.275e-002	-2.4e-002	0.	0.
72395	4.375e-002	-2.4e-002	0.	0.
72399	4.6e-002	-2.5e-002	0.	0.
72400	4.475e-002	-2.4e-002	0.	0.
72401	4.575e-002	-2.4e-002	0.	0.
72403	4.8e-002	-2.5e-002	0.	0.
72404	4.675e-002	-2.4e-002	0.	0.
72405	4.775e-002	-2.4e-002	0.	0.
72408	5.e-002	-2.5e-002	0.	0.
72409	4.875e-002	-2.4e-002	0.	0.
72410	4.975e-002	-2.4e-002	0.	0.
72413	5.2e-002	-2.5e-002	0.	0.
72414	5.075e-002	-2.4e-002	0.	0.
72415	5.175e-002	-2.4e-002	0.	0.
72419	5.4e-002	-2.5e-002	0.	0.
72420	5.275e-002	-2.4e-002	0.	0.
72421	5.375e-002	-2.4e-002	0.	0.
72423	5.6e-002	-2.5e-002	0.	0.
72424	5.475e-002	-2.4e-002	0.	0.
72425	5.575e-002	-2.4e-002	0.	0.
72427	5.8e-002	-2.5e-002	0.	0.
72428	5.675e-002	-2.4e-002	0.	0.
72429	5.775e-002	-2.4e-002	0.	0.
72433	6.e-002	-2.5e-002	0.	0.
72434	5.875e-002	-2.4e-002	0.	0.
72435	5.975e-002	-2.4e-002	0.	0.
72437	6.2e-002	-2.5e-002	0.	0.
72438	6.075e-002	-2.4e-002	0.	0.
72439	6.175e-002	-2.4e-002	0.	0.
72441	6.4e-002	-2.5e-002	0.	0.
72442	6.275e-002	-2.4e-002	0.	0.
72443	6.375e-002	-2.4e-002	0.	0.
72446	6.6e-002	-2.5e-002	0.	0.
72447	6.475e-002	-2.4e-002	0.	0.
72448	6.575e-002	-2.4e-002	0.	0.
72450	6.8e-002	-2.5e-002	0.	0.
72451	6.675e-002	-2.4e-002	0.	0.
72452	6.775e-002	-2.4e-002	0.	0.
72455	7.e-002	-2.5e-002	0.	0.
72456	6.875e-002	-2.4e-002	0.	0.
72457	6.975e-002	-2.4e-002	0.	0.
72460	7.2e-002	-2.5e-002	0.	0.
72461	7.075e-002	-2.4e-002	0.	0.
72462	7.175e-002	-2.4e-002	0.	0.
72464	7.4e-002	-2.5e-002	0.	0.
72465	7.275e-002	-2.4e-002	0.	0.
72466	7.375e-002	-2.4e-002	0.	0.
72469	7.6e-002	-2.5e-002	0.	0.
72470	7.475e-002	-2.4e-002	0.	0.
72471	7.575e-002	-2.4e-002	0.	0.
72474	7.8e-002	-2.5e-002	0.	0.
72475	7.675e-002	-2.4e-002	0.	0.
72476	7.775e-002	-2.4e-002	0.	0.
72478	8.e-002	-2.5e-002	0.	0.
72479	7.875e-002	-2.4e-002	0.	0.
72480	7.975e-002	-2.4e-002	0.	0.
72483	8.2e-002	-2.5e-002	0.	0.
72484	8.075e-002	-2.4e-002	0.	0.
72485	8.175e-002	-2.4e-002	0.	0.
72487	8.4e-002	-2.5e-002	0.	0.
72488	8.275e-002	-2.4e-002	0.	0.
72489	8.375e-002	-2.4e-002	0.	0.
72492	8.6e-002	-2.5e-002	0.	0.
72493	8.475e-002	-2.4e-002	0.	0.
72494	8.575e-002	-2.4e-002	0.	0.
72497	8.8e-002	-2.5e-002	0.	0.
72498	8.675e-002	-2.4e-002	0.	0.
72499	8.775e-002	-2.4e-002	0.	0.
72501	9.e-002	-2.5e-002	0.	0.
72502	8.875e-002	-2.4e-002	0.	0.
72503	8.975e-002	-2.4e-002	0.	0.
72506	9.2e-002	-2.5e-002	0.	0.
72507	9.075e-002	-2.4e-002	0.	0.
72508	9.175e-002	-2.4e-002	0.	0.
72512	9.4e-002	-2.5e-002	0.	0.
72513	9.275e-002	-2.4e-002	0.	0.
72514	9.375e-002	-2.4e-002	0.	0.
72516	9.6e-002	-2.5e-002	0.	0.
72517	9.475e-002	-2.4e-002	0.	0.
72518	9.575e-002	-2.4e-002	0.	0.
72521	9.8e-002	-2.5e-002	0.	0.
72522	9.675e-002	-2.4e-002	0.	0.
72523	9.775e-002	-2.4e-002	0.	0.
72525	0.1	-2.5e-002	0.	0.
72526	9.875e-002	-2.4e-002	0.	0.
72527	9.975e-002	-2.4e-002	0.	0.
72530	0.102	-2.5e-002	0.	0.
72531	0.10075	-2.4e-002	0.	0.
72532	0.10175	-2.4e-002	0.	0.
72536	0.104	-2.5e-002	0.	0.
72537	0.10275	-2.4e-002	0.	0.
72538	0.10375	-2.4e-002	0.	0.
72540	0.106	-2.5e-002	0.	0.
72541	0.10475	-2.4e-002	0.	0.
72542	0.10575	-2.4e-002	0.	0.
72545	0.108	-2.5e-002	0.	0.
72546	0.10675	-2.4e-002	0.	0.
72547	0.10775	-2.4e-002	0.	0.
72550	0.11	-2.5e-002	0.	0.
72551	0.10875	-2.4e-002	0.	0.
72552	0.10975	-2.4e-002	0.	0.
72554	0.112	-2.5e-002	0.	0.
72555	0.11075	-2.4e-002	0.	0.
72556	0.11175	-2.4e-002	0.	0.
72559	0.114	-2.5e-002	0.	0.
72560	0.11275	-2.4e-002	0.	0.
72561	0.11375	-2.4e-002	0.	0.
72563	0.116	-2.5e-002	0.	0.
72564	0.11475	-2.4e-002	0.	0.
72565	0.11575	-2.4e-002	0.	0.
72568	0.118	-2.5e-002	0.	0.
72569	0.11675	-2.4e-002	0.	0.
72570	0.11775	-2.4e-002	0.	0.
72573	0.12	-2.5e-002	0.	0.
72574	0.11875	-2.4e-002	0.	0.
72575	0.11975	-2.4e-002	0.	0.
72577	0.122	-2.5e-002	0.	0.
72578	0.12075	-2.4e-002	0.	0.
72579	0.12175	-2.4e-002	0.	0.
72582	0.124	-2.5e-002	0.	0.
72583	0.12275	-2.4e-002	0.	0.
72584	0.12375	-2.4e-002	0.	0.
72587	0.126	-2.5e-002	0.	0.
72588	0.12475	-2.4e-002	0.	0.
72589	0.12575	-2.4e-002	0.	0.
72591	0.128	-2.5e-002	0.	0.
72592	0.12675	-2.4e-002	0.	0.
72593	0.12775	-2.4e-002	0.	0.
72596	0.13	-2.5e-002	0.	0.
72597	0.12875	-2.4e-002	0.	0.
72598	0.12975	-2.4e-002	0.	0.
72600	0.132	-2.5e-002	0.	0.
72601	0.13075	-2.4e-002	0.	0.
72602	0.13175	-2.4e-002	0.	0.
72605	0.134	-2.5e-002	0.	0.
72606	0.13275	-2.4e-002	0.	0.
72607	0.13375	-2.4e-002	0.	0.
72611	0.136	-2.5e-002	0.	0.
72612	0.13475	-2.4e-002	0.	0.
72613	0.13575	-2.4e-002	0.	0.
72615	0.138	-2.5e-002	0.	0.
72616	0.13675	-2.4e-002	0.	0.
72617	0.13775	-2.4e-002	0.	0.
72620	0.14	-2.5e-002	0.	0.
72621	0.13875	-2.4e-002	0.	0.
72622	0.13975	-2.4e-002	0.	0.
72625	0.142	-2.5e-002	0.	0.
72626	0.14075	-2.4e-002	0.	0.
72627	0.14175	-2.4e-002	0.	0.
72629	0.144	-2.5e-002	0.	0.
72630	0.14275	-2.4e-002	0.	0.
72631	0.14375	-2.4e-002	0.	0.
72634	0.146	-2.5e-002	0.	0.
72635	0.14475	-2.4e-002	0.	0.
72636	0.14575	-2.4e-002	0.	0.
72638	0.148	-2.5e-002	0.	0.
72639	0.14675	-2.4e-002	0.	0.
72640	0.14775	-2.4e-002	0.	0.
72643	0.15	-2.5e-002	0.	0.
72644	0.14875	-2.4e-002	0.	0.
72645	0.14975	-2.4e-002	0.	0.
72647	0.152	-2.5e-002	0.	0.
72648	0.15075	-2.4e-002	0.	0.
72649	0.15175	-2.4e-002	0.	0.
72652	0.154	-2.5e-002	0.	0.
72653	0.15275	-2.4e-002	0.	0.
72654	0.15375	-2.4e-002	0.	0.
72657	0.156	-2.5e-002	0.	0.
72658	0.15475	-2.4e-002	0.	0.
72659	0.15575	-2.4e-002	0.	0.
72661	0.158	-2.5e-002	0.	0.
72662	0.15675	-2.4e-002	0.	0.
72663	0.15775	-2.4e-002	0.	0.
72666	0.16	-2.5e-002	0.	0.
72667	0.15875	-2.4e-002	0.	0.
72668	0.15975	-2.4e-002	0.	0.
72670	0.162	-2.5e-002	0.	0.
72671	0.16075	-2.4e-002	0.	0.
72672	0.16175	-2.4e-002	0.	0.
72675	0.164	-2.5e-002	0.	0.
72676	0.16275	-2.4e-002	0.	0.
72677	0.16375	-2.4e-002	0.	0.
72680	0.166	-2.5e-002	0.	0.
72681	0.16475	-2.4e-002	0.	0.
72682	0.16575	-2.4e-002	0.	0.
72684	0.168	-2.5e-002	0.	0.
72685	0.16675	-2.4e-002	0.	0.
72686	0.16775	-2.4e-002	0.	0.
72689	0.17	-2.5e-002	0.	0.
72690	0.16875	-2.4e-002	0.	0.
72691	0.16975	-2.4e-002	0.	0.
72694	0.172	-2.5e-002	0.	0.
72695	0.17075	-2.4e-002	0.	0.
72696	0.17175	-2.4e-002	0.	0.
72698	0.174	-2.5e-002	0.	0.
72699	0.17275	-2.4e-002	0.	0.
72700	0.17375	-2.4e-002	0.	0.
72704	0.176	-2.5e-002	0.	0.
72705	0.17475	-2.4e-002	0.	0.
72706	0.17575	-2.4e-002	0.	0.
72708	0.178	-2.5e-002	0.	0.
72709	0.17675	-2.4e-002	0.	0.
72710	0.17775	-2.4e-002	0.	0.
72713	0.18	-2.5e-002	0.	0.
72714	0.17875	-2.4e-002	0.	0.
72715	0.17975	-2.4e-002	0.	0.
72718	0.182	-2.5e-002	0.	0.
72719	0.18075	-2.4e-002	0.	0.
72720	0.18175	-2.4e-002	0.	0.
72722	0.184	-2.5e-002	0.	0.
72723	0.18275	-2.4e-002	0.	0.
72724	0.18375	-2.4e-002	0.	0.
72727	0.186	-2.5e-002	0.	0.
72728	0.18475	-2.4e-002	0.	0.
72729	0.18575	-2.4e-002	0.	0.
72733	0.188	-2.5e-002	0.	0.
72734	0.18675	-2.4e-002	0.	0.
72735	0.18775	-2.4e-002	0.	0.
72737	0.19	-2.5e-002	0.	0.
72738	0.18875	-2.4e-002	0.	0.
72739	0.18975	-2.4e-002	0.	0.
72742	0.192	-2.5e-002	0.	0.
72743	0.19075	-2.4e-002	0.	0.
72744	0.19175	-2.4e-002	0.	0.
72746	0.194	-2.5e-002	0.	0.
72747	0.19275	-2.4e-002	0.	0.
72748	0.19375	-2.4e-002	0.	0.
72751	0.196	-2.5e-002	0.	0.
72752	0.19475	-2.4e-002	0.	0.
72753	0.19575	-2.4e-002	0.	0.
72756	0.198	-2.5e-002	0.	0.
72757	0.19675	-2.4e-002	0.	0.
72758	0.19775	-2.4e-002	0.	0.
72760	0.2	-2.5e-002	0.	0.
72761	0.19875	-2.4e-002	0.	0.
72762	0.19975	-2.4e-002	0.	0.
72765	0.202	-2.5e-002	0.	0.
72766	0.20075	-2.4e-002	0.	0.
72767	0.20175	-2.4e-002	0.	0.
72770	0.204	-2.5e-002	0.	0.
72771	0.20275	-2.4e-002	0.	0.
72772	0.20375	-2.4e-002	0.	0.
72774	0.206	-2.5e-002	0.	0.
72775	0.20475	-2.4e-002	0.	0.
72776	0.20575	-2.4e-002	0.	0.
72779	0.208	-2.5e-002	0.	0.
72780	0.20675	-2.4e-002	0.	0.
72781	0.20775	-2.4e-002	0.	0.
72783	0.21	-2.5e-002	0.	0.
72784	0.20875	-2.4e-002	0.	0.
72785	0.20975	-2.4e-002	0.	0.
72788	0.212	-2.5e-002	0.	0.
72789	0.21075	-2.4e-002	0.	0.
72790	0.21175	-2.4e-002	0.	0.
72793	0.214	-2.5e-002	0.	0.
72794	0.21275	-2.4e-002	0.	0.
72795	0.21375	-2.4e-002	0.	0.
72797	0.216	-2.5e-002	0.	0.
72798	0.21475	-2.4e-002	0.	0.
72799	0.21575	-2.4e-002	0.	0.
72802	0.218	-2.5e-002	0.	0.
72803	0.21675	-2.4e-002	0.	0.
72804	0.21775	-2.4e-002	0.	0.
72807	0.22	-2.5e-002	0.	0.
72808	0.21875	-2.4e-002	0.	0.
72809	0.21975	-2.4e-002	0.	0.
72811	0.222	-2.5e-002	0.	0.
72812	0.22075	-2.4e-002	0.	0.
72813	0.22175	-2.4e-002	0.	0.
72816	0.224	-2.5e-002	0.	0.
72817	0.22275	-2.4e-002	0.	0.
72818	0.22375	-2.4e-002	0.	0.
72820	0.226	-2.5e-002	0.	0.
72821	0.22475	-2.4e-002	0.	0.
72822	0.22575	-2.4e-002	0.	0.
72825	0.228	-2.5e-002	0.	0.
72826	0.22675	-2.4e-002	0.	0.
72827	0.22775	-2.4e-002	0.	0.
72830	0.23	-2.5e-002	0.	0.
72831	0.22875	-2.4e-002	0.	0.
72832	0.22975	-2.4e-002	0.	0.
72834	0.232	-2.5e-002	0.	0.
72835	0.23075	-2.4e-002	0.	0.
72836	0.23175	-2.4e-002	0.	0.
72839	0.234	-2.5e-002	0.	0.
72840	0.23275	-2.4e-002	0.	0.
72841	0.23375	-2.4e-002	0.	0.
72844	0.236	-2.5e-002	0.	0.
72845	0.23475	-2.4e-002	0.	0.
72846	0.23575	-2.4e-002	0.	0.
72848	0.238	-2.5e-002	0.	0.
72849	0.23675	-2.4e-002	0.	0.
72850	0.23775	-2.4e-002	0.	0.
72854	0.24	-2.5e-002	0.	0.
72855	0.23875	-2.4e-002	0.	0.
72856	0.23975	-2.4e-002	0.	0.
72858	0.242	-2.5e-002	0.	0.
72859	0.24075	-2.4e-002	0.	0.
72860	0.24175	-2.4e-002	0.	0.
72863	0.244	-2.5e-002	0.	0.
72864	0.24275	-2.4e-002	0.	0.
72865	0.24375	-2.4e-002	0.	0.
72868	0.246	-2.5e-002	0.	0.
72869	0.24475	-2.4e-002	0.	0.
72870	0.24575	-2.4e-002	0.	0.
72872	0.248	-2.5e-002	0.	0.
72873	0.24675	-2.4e-002	0.	0.
72874	0.24775	-2.4e-002	0.	0.
72877	0.25	-2.5e-002	0.	0.
72878	0.24875	-2.4e-002	0.	0.
72879	0.24975	-2.4e-002	0.	0.
72882	0.252	-2.5e-002	0.	0.
72883	0.25075	-2.4e-002	0.	0.
72884	0.25175	-2.4e-002	0.	0.
72886	0.254	-2.5e-002	0.	0.
72887	0.25275	-2.4e-002	0.	0.
72888	0.25375	-2.4e-002	0.	0.
72891	0.256	-2.5e-002	0.	0.
72892	0.25475	-2.4e-002	0.	0.
72893	0.25575	-2.4e-002	0.	0.
72895	0.258	-2.5e-002	0.	0.
72896	0.25675	-2.4e-002	0.	0.
72897	0.25775	-2.4e-002	0.	0.
72900	0.26	-2.5e-002	0.	0.
72901	0.25875	-2.4e-002	0.	0.
72902	0.25975	-2.4e-002	0.	0.
72905	0.262	-2.5e-002	0.	0.
72906	0.26075	-2.4e-002	0.	0.
72907	0.26175	-2.4e-002	0.	0.
72909	0.264	-2.5e-002	0.	0.
72910	0.26275	-2.4e-002	0.	0.
72911	0.26375	-2.4e-002	0.	0.
72914	0.266	-2.5e-002	0.	0.
72915	0.26475	-2.4e-002	0.	0.
72916	0.26575	-2.4e-002	0.	0.
72919	0.268	-2.5e-002	0.	0.
72920	0.26675	-2.4e-002	0.	0.
72921	0.26775	-2.4e-002	0.	0.
72923	0.27	-2.5e-002	0.	0.
72924	0.26875	-2.4e-002	0.	0.
72925	0.26975	-2.4e-002	0.	0.
72928	0.272	-2.5e-002	0.	0.
72929	0.27075	-2.4e-002	0.	0.
72930	0.27175	-2.4e-002	0.	0.
72932	0.274	-2.5e-002	0.	0.
72933	0.27275	-2.4e-002	0.	0.
72934	0.27375	-2.4e-002	0.	0.
72937	0.276	-2.5e-002	0.	0.
72938	0.27475	-2.4e-002	0.	0.
72939	0.27575	-2.4e-002	0.	0.
72942	0.278	-2.5e-002	0.	0.
72943	0.27675	-2.4e-002	0.	0.
72944	0.27775	-2.4e-002	0.	0.
72946	0.28	-2.5e-002	0.	0.
72947	0.27875	-2.4e-002	0.	0.
72948	0.27975	-2.4e-002	0.	0.
72951	0.282	-2.5e-002	0.	0.
72952	0.28075	-2.4e-002	0.	0.
72953	0.28175	-2.4e-002	0.	0.
72956	0.284	-2.5e-002	0.	0.
72957	0.28275	-2.4e-002	0.	0.
72958	0.28375	-2.4e-002	0.	0.
72960	0.286	-2.5e-002	0.	0.
72961	0.28475	-2.4e-002	0.	0.
72962	0.28575	-2.4e-002	0.	0.
72965	0.288	-2.5e-002	0.	0.
72966	0.28675	-2.4e-002	0.	0.
72967	0.28775	-2.4e-002	0.	0.
72969	0.29	-2.5e-002	0.	0.
72970	0.28875	-2.4e-002	0.	0.
72971	0.28975	-2.4e-002	0.	0.
72974	0.292	-2.5e-002	0.	0.
72975	0.29075	-2.4e-002	0.	0.
72976	0.29175	-2.4e-002	0.	0.
72979	0.294	-2.5e-002	0.	0.
72980	0.29275	-2.4e-002	0.	0.
72981	0.29375	-2.4e-002	0.	0.
72983	0.296	-2.5e-002	0.	0.
72984	0.29475	-2.4e-002	0.	0.
72985	0.29575	-2.4e-002	0.	0.
72988	0.298	-2.5e-002	0.	0.
72989	0.29675	-2.4e-002	0.	0.
72990	0.29775	-2.4e-002	0.	0.
72993	0.3	-2.5e-002	0.	0.
72994	0.29875	-2.4e-002	0.	0.
72995	0.29964	-2.4104e-002	0.	0.
72997	0.302	-2.5e-002	0.	0.
72998	0.30064	-2.4104e-002	0.	0.
72999	0.30154	-2.388e-002	0.	0.
73002	0.304	-2.5e-002	0.	0.
73003	0.30333	-2.376e-002	0.	0.
73004	0.30254	-2.388e-002	0.	0.
73006	0.306	-2.5e-002	0.	0.
73007	0.30433	-2.376e-002	0.	0.
73008	0.30535	-2.3701e-002	0.	0.
73009	0.3058	-2.4342e-002	0.	0.
73012	0.308	-2.5e-002	0.	0.
73013	0.30756	-2.4352e-002	0.	0.
73014	0.3068	-2.4342e-002	0.	0.
73017	0.31	-2.5e-002	0.	0.
73018	0.30945	-2.3846e-002	0.	0.
73019	0.30856	-2.4352e-002	0.	0.
73021	0.312	-2.5e-002	0.	0.
73022	0.3115	-2.3969e-002	0.	0.
73023	0.31045	-2.3846e-002	0.	0.
73026	0.314	-2.5e-002	0.	0.
73027	0.3125	-2.3969e-002	0.	0.
73028	0.31338	-2.4128e-002	0.	0.
73031	0.316	-2.5e-002	0.	0.
73032	0.3152	-2.3916e-002	0.	0.
73033	0.31438	-2.4128e-002	0.	0.
73035	0.318	-2.5e-002	0.	0.
73036	0.31744	-2.3866e-002	0.	0.
73037	0.3162	-2.3916e-002	0.	0.
73040	0.32	-2.5e-002	0.	0.
73041	0.31844	-2.3866e-002	0.	0.
73042	0.31936	-2.4246e-002	0.	0.
73044	0.322	-2.5e-002	0.	0.
73045	0.32129	-2.4131e-002	0.	0.
73046	0.32036	-2.4246e-002	0.	0.
73049	0.324	-2.5e-002	0.	0.
73050	0.32229	-2.4131e-002	0.	0.
73051	0.32327	-2.416e-002	0.	0.
73054	0.326	-2.5e-002	0.	0.
73055	0.32427	-2.416e-002	0.	0.
73056	0.32534	-2.4187e-002	0.	0.
73058	0.328	-2.5e-002	0.	0.
73059	0.32754	-2.3958e-002	0.	0.
73060	0.32634	-2.4187e-002	0.	0.
73063	0.33	-2.5e-002	0.	0.
73064	0.32854	-2.3958e-002	0.	0.
73065	0.32958	-2.3958e-002	0.	0.
73068	0.332	-2.5e-002	0.	0.
73069	0.33179	-2.402e-002	0.	0.
73070	0.33058	-2.3958e-002	0.	0.
73072	0.334	-2.5e-002	0.	0.
73073	0.33279	-2.402e-002	0.	0.
73074	0.3335	-2.4479e-002	0.	0.
73077	0.336	-2.5e-002	0.	0.
73078	0.3355	-2.4479e-002	0.	0.
73079	0.3345	-2.4479e-002	0.	0.
73081	0.338	-2.5e-002	0.	0.
73082	0.33722	-2.4013e-002	0.	0.
73083	0.3365	-2.4479e-002	0.	0.
73086	0.34	-2.5e-002	0.	0.
73087	0.33822	-2.4013e-002	0.	0.
73088	0.33921	-2.3958e-002	0.	0.
73091	0.342	-2.5e-002	0.	0.
73092	0.34119	-2.3895e-002	0.	0.
73093	0.34021	-2.3958e-002	0.	0.
73095	0.344	-2.5e-002	0.	0.
73096	0.34337	-2.3958e-002	0.	0.
73097	0.34219	-2.3895e-002	0.	0.
73101	0.346	-2.5e-002	0.	0.
73102	0.34438	-2.3958e-002	0.	0.
73103	0.34563	-2.3958e-002	0.	0.
73106	0.348	-2.5e-002	0.	0.
73107	0.34757	-2.3958e-002	0.	0.
73108	0.34663	-2.3958e-002	0.	0.
73110	0.35	-2.5e-002	0.	0.
73111	0.34857	-2.3958e-002	0.	0.
73112	0.34958	-2.3958e-002	0.	0.
73115	0.352	-2.5e-002	0.	0.
73116	0.35146	-2.3958e-002	0.	0.
73117	0.35058	-2.3958e-002	0.	0.
73119	0.354	-2.5e-002	0.	0.
73120	0.35246	-2.3958e-002	0.	0.
73121	0.35382	-2.3827e-002	0.	0.
73124	0.356	-2.5e-002	0.	0.
73125	0.35482	-2.3827e-002	0.	0.
73126	0.35558	-2.3958e-002	0.	0.
73129	0.358	-2.5e-002	0.	0.
73130	0.35729	-2.3958e-002	0.	0.
73131	0.35658	-2.3958e-002	0.	0.
73133	0.36	-2.5e-002	0.	0.
73134	0.35829	-2.3958e-002	0.	0.
73135	0.35927	-2.426e-002	0.	0.
73138	0.362	-2.5e-002	0.	0.
73139	0.36123	-2.401e-002	0.	0.
73140	0.36027	-2.426e-002	0.	0.
73143	0.364	-2.5e-002	0.	0.
73144	0.36335	-2.3887e-002	0.	0.
73145	0.36223	-2.401e-002	0.	0.
73147	0.366	-2.5e-002	0.	0.
73148	0.36435	-2.3887e-002	0.	0.
73149	0.3655	-2.3958e-002	0.	0.
73153	0.368	-2.5e-002	0.	0.
73154	0.3675	-2.3958e-002	0.	0.
73155	0.3665	-2.3958e-002	0.	0.
73157	0.37	-2.5e-002	0.	0.
73158	0.3685	-2.3958e-002	0.	0.
73159	0.36952	-2.3958e-002	0.	0.
73162	0.372	-2.5e-002	0.	0.
73163	0.37154	-2.3958e-002	0.	0.
73164	0.37052	-2.3958e-002	0.	0.
73167	0.374	-2.5e-002	0.	0.
73168	0.37254	-2.3958e-002	0.	0.
73169	0.37362	-2.3961e-002	0.	0.
73171	0.376	-2.5e-002	0.	0.
73172	0.37559	-2.3964e-002	0.	0.
73173	0.37462	-2.3961e-002	0.	0.
73176	0.378	-2.5e-002	0.	0.
73177	0.37659	-2.3964e-002	0.	0.
73178	0.37762	-2.3966e-002	0.	0.
73181	0.38	-2.5e-002	0.	0.
73182	0.37953	-2.3969e-002	0.	0.
73183	0.37862	-2.3966e-002	0.	0.
73185	0.382	-2.5e-002	0.	0.
73186	0.38053	-2.3969e-002	0.	0.
73187	0.38154	-2.3805e-002	0.	0.
73190	0.384	-2.5e-002	0.	0.
73191	0.38353	-2.3974e-002	0.	0.
73192	0.38254	-2.3805e-002	0.	0.
73194	0.386	-2.5e-002	0.	0.
73195	0.38453	-2.3974e-002	0.	0.
73196	0.38553	-2.3974e-002	0.	0.
73199	0.388	-2.5e-002	0.	0.
73200	0.38653	-2.3974e-002	0.	0.
73201	0.38753	-2.3819e-002	0.	0.
73205	0.39	-2.5e-002	0.	0.
73206	0.38952	-2.3979e-002	0.	0.
73207	0.38853	-2.3819e-002	0.	0.
73209	0.392	-2.5e-002	0.	0.
73210	0.39052	-2.3979e-002	0.	0.
73211	0.39152	-2.3979e-002	0.	0.
73215	0.394	-2.5e-002	0.	0.
73216	0.39352	-2.3979e-002	0.	0.
73217	0.39252	-2.3979e-002	0.	0.
73221	0.396	-2.5e-002	0.	0.
73222	0.39452	-2.3979e-002	0.	0.
73223	0.39552	-2.3979e-002	0.	0.
73225	0.398	-2.5e-002	0.	0.
73226	0.39752	-2.3979e-002	0.	0.
73227	0.39652	-2.3979e-002	0.	0.
73230	0.4	-2.5e-002	0.	0.
73231	0.39966	-2.4013e-002	0.	0.
73232	0.39852	-2.3979e-002	0.	0.
73234	0.402	-2.5e-002	0.	0.
73235	0.40066	-2.4013e-002	0.	0.
73236	0.40147	-2.4384e-002	0.	0.
73239	0.404	-2.5e-002	0.	0.
73240	0.40331	-2.3979e-002	0.	0.
73241	0.40247	-2.4384e-002	0.	0.
73244	0.406	-2.5e-002	0.	0.
73245	0.40431	-2.3979e-002	0.	0.
73246	0.40544	-2.3979e-002	0.	0.
73248	0.408	-2.5e-002	0.	0.
73249	0.40644	-2.3979e-002	0.	0.
73250	0.40744	-2.3979e-002	0.	0.
73253	0.41	-2.5e-002	0.	0.
73254	0.40944	-2.3979e-002	0.	0.
73255	0.40844	-2.3979e-002	0.	0.
73257	0.412	-2.5e-002	0.	0.
73258	0.41044	-2.3979e-002	0.	0.
73259	0.41145	-2.3927e-002	0.	0.
73262	0.414	-2.5e-002	0.	0.
73263	0.41346	-2.3875e-002	0.	0.
73264	0.41245	-2.3927e-002	0.	0.
73266	0.416	-2.5e-002	0.	0.
73267	0.41446	-2.3875e-002	0.	0.
73268	0.41539	-2.4224e-002	0.	0.
73270	0.418	-2.5e-002	0.	0.
73271	0.41639	-2.4224e-002	0.	0.
73272	0.41704	-2.4008e-002	0.	0.
73275	0.42	-2.5e-002	0.	0.
73276	0.41892	-2.3755e-002	0.	0.
73277	0.41969	-2.3958e-002	0.	0.
73278	0.41804	-2.4008e-002	0.	0.
73282	0.422	-2.5e-002	0.	0.
73283	0.42157	-2.4052e-002	0.	0.
73284	0.42069	-2.3958e-002	0.	0.
73286	0.42257	-2.4052e-002	0.	0.
73287	0.42329	-2.4026e-002	0.	0.
73335	-0.425	2.4e-002	0.	0.
73336	-0.424	2.5e-002	0.	0.
73337	-0.42428	2.4024e-002	0.	0.
73578	-0.425	2.2e-002	0.	0.
73580	-0.42428	2.3024e-002	0.	0.
73581	-0.425	2.e-002	0.	0.
73583	-0.42394	2.1123e-002	0.	0.
73584	-0.42431	2.0388e-002	0.	0.
73585	-0.42428	2.2024e-002	0.	0.
73586	-0.425	1.8e-002	0.	0.
73589	-0.42414	1.8569e-002	0.	0.
73590	-0.42431	1.9388e-002	0.	0.
73591	-0.425	1.6e-002	0.	0.
73593	-0.42414	1.7569e-002	0.	0.
73594	-0.42407	1.6622e-002	0.	0.
73595	-0.425	1.4e-002	0.	0.
73598	-0.42407	1.5622e-002	0.	0.
73599	-0.42407	1.4622e-002	0.	0.
73600	-0.425	1.2e-002	0.	0.
73602	-0.42407	1.2622e-002	0.	0.
73603	-0.42407	1.3622e-002	0.	0.
73604	-0.425	1.e-002	0.	0.
73607	-0.42407	1.1622e-002	0.	0.
73608	-0.42424	1.0631e-002	0.	0.
73610	-0.425	8.e-003	0.	0.
73613	-0.42424	8.6311e-003	0.	0.
73614	-0.42424	9.6311e-003	0.	0.
73615	-0.425	6.e-003	0.	0.
73617	-0.42391	6.5567e-003	0.	0.
73618	-0.42424	7.6311e-003	0.	0.
73619	-0.425	4.e-003	0.	0.
73622	-0.42395	4.3528e-003	0.	0.
73623	-0.42391	5.5567e-003	0.	0.
73625	-0.425	2.e-003	0.	0.
73628	-0.42395	3.3528e-003	0.	0.
73629	-0.42396	2.2917e-003	0.	0.
73630	-0.425	-6.0715e-018	0.	0.
73632	-0.42396	3.75e-004	0.	0.
73633	-0.42396	1.2917e-003	0.	0.
73634	-0.425	-2.e-003	0.	0.
73637	-0.42396	-6.25e-004	0.	0.
73638	-0.42395	-1.6007e-003	0.	0.
73640	-0.425	-4.e-003	0.	0.
73642	-0.42394	-3.5764e-003	0.	0.
73643	-0.42395	-2.6007e-003	0.	0.
73644	-0.425	-6.e-003	0.	0.
73646	-0.42394	-4.5764e-003	0.	0.
73647	-0.42377	-5.5595e-003	0.	0.
73649	-0.425	-8.e-003	0.	0.
73652	-0.42392	-7.5278e-003	0.	0.
73653	-0.42377	-6.5595e-003	0.	0.
73655	-0.425	-1.e-002	0.	0.
73657	-0.42392	-8.5278e-003	0.	0.
73658	-0.42392	-9.3194e-003	0.	0.
73659	-0.425	-1.2e-002	0.	0.
73662	-0.42392	-1.1861e-002	0.	0.
73663	-0.42392	-1.0319e-002	0.	0.
73664	-0.425	-1.4e-002	0.	0.
73666	-0.42392	-1.2861e-002	0.	0.
73667	-0.42401	-1.3744e-002	0.	0.
73668	-0.425	-1.6e-002	0.	0.
73671	-0.42401	-1.4744e-002	0.	0.
73672	-0.42393	-1.568e-002	0.	0.
73674	-0.425	-1.8e-002	0.	0.
73677	-0.42394	-1.7498e-002	0.	0.
73678	-0.42393	-1.668e-002	0.	0.
73679	-0.425	-2.e-002	0.	0.
73681	-0.42394	-1.8498e-002	0.	0.
73682	-0.42404	-1.9497e-002	0.	0.
73683	-0.425	-2.2e-002	0.	0.
73685	-0.42404	-2.0497e-002	0.	0.
73686	-0.42423	-2.1318e-002	0.	0.
73688	-0.42423	-2.2318e-002	0.	0.
73689	-0.42418	-2.3239e-002	0.	0.
73691	0.422	2.5e-002	0.	0.
73692	0.42261	2.4378e-002	0.	0.
73693	0.42339	2.4456e-002	0.	0.
73695	0.42	2.5e-002	0.	0.
73696	0.42066	2.4302e-002	0.	0.
73697	0.42161	2.4378e-002	0.	0.
73699	0.418	2.5e-002	0.	0.
73700	0.4186	2.4166e-002	0.	0.
73701	0.41966	2.4302e-002	0.	0.
73703	0.416	2.5e-002	0.	0.
73704	0.41653	2.409e-002	0.	0.
73705	0.4176	2.4166e-002	0.	0.
73708	0.414	2.5e-002	0.	0.
73709	0.41446	2.4014e-002	0.	0.
73710	0.41553	2.409e-002	0.	0.
73712	0.412	2.5e-002	0.	0.
73713	0.41242	2.4002e-002	0.	0.
73714	0.41346	2.4014e-002	0.	0.
73717	0.41	2.5e-002	0.	0.
73718	0.41142	2.4002e-002	0.	0.
73719	0.4105	2.3973e-002	0.	0.
73722	0.408	2.5e-002	0.	0.
73723	0.4086	2.3938e-002	0.	0.
73724	0.4095	2.3973e-002	0.	0.
73726	0.406	2.5e-002	0.	0.
73727	0.4076	2.3938e-002	0.	0.
73728	0.40675	2.3938e-002	0.	0.
73731	0.404	2.5e-002	0.	0.
73732	0.40477	2.4023e-002	0.	0.
73733	0.40575	2.3938e-002	0.	0.
73735	0.402	2.5e-002	0.	0.
73736	0.40277	2.3938e-002	0.	0.
73737	0.40377	2.4023e-002	0.	0.
73740	0.4	2.5e-002	0.	0.
73741	0.40177	2.3938e-002	0.	0.
73742	0.40052	2.3938e-002	0.	0.
73744	0.398	2.5e-002	0.	0.
73745	0.39952	2.3938e-002	0.	0.
73746	0.39852	2.3938e-002	0.	0.
73750	0.396	2.5e-002	0.	0.
73751	0.39652	2.3938e-002	0.	0.
73752	0.39752	2.3938e-002	0.	0.
73754	0.394	2.5e-002	0.	0.
73755	0.39552	2.3938e-002	0.	0.
73756	0.39452	2.3938e-002	0.	0.
73758	0.392	2.5e-002	0.	0.
73759	0.39252	2.3938e-002	0.	0.
73760	0.39352	2.3938e-002	0.	0.
73765	0.39	2.5e-002	0.	0.
73766	0.3906	2.3938e-002	0.	0.
73767	0.39152	2.3938e-002	0.	0.
73769	0.388	2.5e-002	0.	0.
73770	0.3896	2.3938e-002	0.	0.
73771	0.38877	2.3939e-002	0.	0.
73774	0.386	2.5e-002	0.	0.
73775	0.38706	2.38e-002	0.	0.
73776	0.38627	2.3941e-002	0.	0.
73777	0.38777	2.3939e-002	0.	0.
73779	0.384	2.5e-002	0.	0.
73780	0.38453	2.3943e-002	0.	0.
73781	0.38527	2.3941e-002	0.	0.
73785	0.382	2.5e-002	0.	0.
73786	0.38353	2.3943e-002	0.	0.
73787	0.38278	2.3944e-002	0.	0.
73789	0.38	2.5e-002	0.	0.
73790	0.38107	2.3806e-002	0.	0.
73791	0.38028	2.3947e-002	0.	0.
73792	0.38178	2.3944e-002	0.	0.
73795	0.378	2.5e-002	0.	0.
73796	0.37853	2.3948e-002	0.	0.
73797	0.37928	2.3947e-002	0.	0.
73799	0.376	2.5e-002	0.	0.
73800	0.37753	2.3948e-002	0.	0.
73801	0.37671	2.4076e-002	0.	0.
73804	0.374	2.5e-002	0.	0.
73805	0.37436	2.4083e-002	0.	0.
73806	0.37571	2.4076e-002	0.	0.
73810	0.372	2.5e-002	0.	0.
73811	0.37254	2.3958e-002	0.	0.
73812	0.37336	2.4083e-002	0.	0.
73814	0.37	2.5e-002	0.	0.
73815	0.37054	2.3958e-002	0.	0.
73816	0.37154	2.3958e-002	0.	0.
73819	0.368	2.5e-002	0.	0.
73820	0.36954	2.3958e-002	0.	0.
73821	0.36852	2.3958e-002	0.	0.
73824	0.366	2.5e-002	0.	0.
73825	0.3665	2.3958e-002	0.	0.
73826	0.36752	2.3958e-002	0.	0.
73828	0.364	2.5e-002	0.	0.
73829	0.3655	2.3958e-002	0.	0.
73830	0.3646	2.4105e-002	0.	0.
73833	0.362	2.5e-002	0.	0.
73834	0.36279	2.3958e-002	0.	0.
73835	0.3636	2.4105e-002	0.	0.
73837	0.36	2.5e-002	0.	0.
73838	0.36035	2.3896e-002	0.	0.
73839	0.36179	2.3958e-002	0.	0.
73842	0.358	2.5e-002	0.	0.
73843	0.35935	2.3896e-002	0.	0.
73844	0.35826	2.4219e-002	0.	0.
73848	0.356	2.5e-002	0.	0.
73849	0.35726	2.4219e-002	0.	0.
73850	0.35639	2.427e-002	0.	0.
73852	0.354	2.5e-002	0.	0.
73853	0.35455	2.4087e-002	0.	0.
73854	0.35539	2.427e-002	0.	0.
73857	0.352	2.5e-002	0.	0.
73858	0.35246	2.3958e-002	0.	0.
73859	0.35355	2.4087e-002	0.	0.
73862	0.35	2.5e-002	0.	0.
73863	0.35146	2.3958e-002	0.	0.
73864	0.35028	2.4349e-002	0.	0.
73866	0.348	2.5e-002	0.	0.
73867	0.34843	2.4301e-002	0.	0.
73868	0.34928	2.4349e-002	0.	0.
73871	0.346	2.5e-002	0.	0.
73872	0.34654	2.3958e-002	0.	0.
73873	0.34743	2.4301e-002	0.	0.
73875	0.344	2.5e-002	0.	0.
73876	0.34554	2.3958e-002	0.	0.
73877	0.34437	2.3958e-002	0.	0.
73880	0.342	2.5e-002	0.	0.
73881	0.34238	2.3958e-002	0.	0.
73882	0.34337	2.3958e-002	0.	0.
73886	0.34	2.5e-002	0.	0.
73887	0.34038	2.3958e-002	0.	0.
73888	0.34137	2.3958e-002	0.	0.
73890	0.338	2.5e-002	0.	0.
73891	0.33937	2.3958e-002	0.	0.
73892	0.33838	2.3958e-002	0.	0.
73895	0.336	2.5e-002	0.	0.
73896	0.33738	2.3958e-002	0.	0.
73897	0.33658	2.4097e-002	0.	0.
73900	0.334	2.5e-002	0.	0.
73901	0.33472	2.398e-002	0.	0.
73902	0.33558	2.4097e-002	0.	0.
73904	0.332	2.5e-002	0.	0.
73905	0.33372	2.398e-002	0.	0.
73906	0.33263	2.3958e-002	0.	0.
73909	0.33	2.5e-002	0.	0.
73910	0.33062	2.3958e-002	0.	0.
73911	0.33163	2.3958e-002	0.	0.
73913	0.328	2.5e-002	0.	0.
73914	0.32963	2.3958e-002	0.	0.
73915	0.32858	2.3958e-002	0.	0.
73918	0.326	2.5e-002	0.	0.
73919	0.32654	2.3958e-002	0.	0.
73920	0.32758	2.3958e-002	0.	0.
73923	0.324	2.5e-002	0.	0.
73924	0.32554	2.3958e-002	0.	0.
73925	0.3244	2.3979e-002	0.	0.
73927	0.322	2.5e-002	0.	0.
73928	0.3234	2.3979e-002	0.	0.
73929	0.32227	2.4e-002	0.	0.
73932	0.32	2.5e-002	0.	0.
73933	0.32127	2.4e-002	0.	0.
73934	0.32036	2.4231e-002	0.	0.
73937	0.318	2.5e-002	0.	0.
73938	0.31845	2.3857e-002	0.	0.
73939	0.31936	2.4231e-002	0.	0.
73941	0.316	2.5e-002	0.	0.
73942	0.31745	2.3857e-002	0.	0.
73943	0.3162	2.3916e-002	0.	0.
73946	0.314	2.5e-002	0.	0.
73947	0.3152	2.3916e-002	0.	0.
73948	0.31438	2.4127e-002	0.	0.
73950	0.312	2.5e-002	0.	0.
73951	0.31253	2.4051e-002	0.	0.
73952	0.31338	2.4127e-002	0.	0.
73955	0.31	2.5e-002	0.	0.
73956	0.31035	2.3928e-002	0.	0.
73957	0.31153	2.4051e-002	0.	0.
73960	0.308	2.5e-002	0.	0.
73961	0.30935	2.3928e-002	0.	0.
73962	0.30858	2.438e-002	0.	0.
73964	0.306	2.5e-002	0.	0.
73965	0.30682	2.4333e-002	0.	0.
73966	0.30758	2.438e-002	0.	0.
73969	0.304	2.5e-002	0.	0.
73970	0.30538	2.3641e-002	0.	0.
73971	0.30433	2.376e-002	0.	0.
73972	0.30582	2.4333e-002	0.	0.
73975	0.302	2.5e-002	0.	0.
73976	0.30229	2.388e-002	0.	0.
73977	0.30333	2.376e-002	0.	0.
73979	0.3	2.5e-002	0.	0.
73980	0.30129	2.388e-002	0.	0.
73981	0.30027	2.394e-002	0.	0.
73984	0.298	2.5e-002	0.	0.
73985	0.29825	2.4e-002	0.	0.
73986	0.29927	2.394e-002	0.	0.
73988	0.296	2.5e-002	0.	0.
73989	0.29625	2.4e-002	0.	0.
73990	0.29725	2.4e-002	0.	0.
73993	0.294	2.5e-002	0.	0.
73994	0.29425	2.4e-002	0.	0.
73995	0.29525	2.4e-002	0.	0.
73998	0.292	2.5e-002	0.	0.
73999	0.29225	2.4e-002	0.	0.
74000	0.29325	2.4e-002	0.	0.
74002	0.29	2.5e-002	0.	0.
74003	0.29025	2.4e-002	0.	0.
74004	0.29125	2.4e-002	0.	0.
74007	0.288	2.5e-002	0.	0.
74008	0.28825	2.4e-002	0.	0.
74009	0.28925	2.4e-002	0.	0.
74012	0.286	2.5e-002	0.	0.
74013	0.28625	2.4e-002	0.	0.
74014	0.28725	2.4e-002	0.	0.
74016	0.284	2.5e-002	0.	0.
74017	0.28425	2.4e-002	0.	0.
74018	0.28525	2.4e-002	0.	0.
74021	0.282	2.5e-002	0.	0.
74022	0.28225	2.4e-002	0.	0.
74023	0.28325	2.4e-002	0.	0.
74025	0.28	2.5e-002	0.	0.
74026	0.28025	2.4e-002	0.	0.
74027	0.28125	2.4e-002	0.	0.
74030	0.278	2.5e-002	0.	0.
74031	0.27825	2.4e-002	0.	0.
74032	0.27925	2.4e-002	0.	0.
74035	0.276	2.5e-002	0.	0.
74036	0.27625	2.4e-002	0.	0.
74037	0.27725	2.4e-002	0.	0.
74039	0.274	2.5e-002	0.	0.
74040	0.27425	2.4e-002	0.	0.
74041	0.27525	2.4e-002	0.	0.
74044	0.272	2.5e-002	0.	0.
74045	0.27225	2.4e-002	0.	0.
74046	0.27325	2.4e-002	0.	0.
74049	0.27	2.5e-002	0.	0.
74050	0.27025	2.4e-002	0.	0.
74051	0.27125	2.4e-002	0.	0.
74053	0.268	2.5e-002	0.	0.
74054	0.26825	2.4e-002	0.	0.
74055	0.26925	2.4e-002	0.	0.
74058	0.266	2.5e-002	0.	0.
74059	0.26625	2.4e-002	0.	0.
74060	0.26725	2.4e-002	0.	0.
74062	0.264	2.5e-002	0.	0.
74063	0.26425	2.4e-002	0.	0.
74064	0.26525	2.4e-002	0.	0.
74067	0.262	2.5e-002	0.	0.
74068	0.26225	2.4e-002	0.	0.
74069	0.26325	2.4e-002	0.	0.
74072	0.26	2.5e-002	0.	0.
74073	0.26025	2.4e-002	0.	0.
74074	0.26125	2.4e-002	0.	0.
74076	0.258	2.5e-002	0.	0.
74077	0.25825	2.4e-002	0.	0.
74078	0.25925	2.4e-002	0.	0.
74081	0.256	2.5e-002	0.	0.
74082	0.25625	2.4e-002	0.	0.
74083	0.25725	2.4e-002	0.	0.
74086	0.254	2.5e-002	0.	0.
74087	0.25425	2.4e-002	0.	0.
74088	0.25525	2.4e-002	0.	0.
74090	0.252	2.5e-002	0.	0.
74091	0.25225	2.4e-002	0.	0.
74092	0.25325	2.4e-002	0.	0.
74095	0.25	2.5e-002	0.	0.
74096	0.25025	2.4e-002	0.	0.
74097	0.25125	2.4e-002	0.	0.
74099	0.248	2.5e-002	0.	0.
74100	0.24825	2.4e-002	0.	0.
74101	0.24925	2.4e-002	0.	0.
74104	0.246	2.5e-002	0.	0.
74105	0.24625	2.4e-002	0.	0.
74106	0.24725	2.4e-002	0.	0.
74109	0.244	2.5e-002	0.	0.
74110	0.24425	2.4e-002	0.	0.
74111	0.24525	2.4e-002	0.	0.
74113	0.242	2.5e-002	0.	0.
74114	0.24225	2.4e-002	0.	0.
74115	0.24325	2.4e-002	0.	0.
74118	0.24	2.5e-002	0.	0.
74119	0.24025	2.4e-002	0.	0.
74120	0.24125	2.4e-002	0.	0.
74123	0.238	2.5e-002	0.	0.
74124	0.23825	2.4e-002	0.	0.
74125	0.23925	2.4e-002	0.	0.
74127	0.236	2.5e-002	0.	0.
74128	0.23625	2.4e-002	0.	0.
74129	0.23725	2.4e-002	0.	0.
74132	0.234	2.5e-002	0.	0.
74133	0.23425	2.4e-002	0.	0.
74134	0.23525	2.4e-002	0.	0.
74136	0.232	2.5e-002	0.	0.
74137	0.23225	2.4e-002	0.	0.
74138	0.23325	2.4e-002	0.	0.
74141	0.23	2.5e-002	0.	0.
74142	0.23025	2.4e-002	0.	0.
74143	0.23125	2.4e-002	0.	0.
74146	0.228	2.5e-002	0.	0.
74147	0.22825	2.4e-002	0.	0.
74148	0.22925	2.4e-002	0.	0.
74150	0.226	2.5e-002	0.	0.
74151	0.22625	2.4e-002	0.	0.
74152	0.22725	2.4e-002	0.	0.
74155	0.224	2.5e-002	0.	0.
74156	0.22425	2.4e-002	0.	0.
74157	0.22525	2.4e-002	0.	0.
74160	0.222	2.5e-002	0.	0.
74161	0.22225	2.4e-002	0.	0.
74162	0.22325	2.4e-002	0.	0.
74164	0.22	2.5e-002	0.	0.
74165	0.22025	2.4e-002	0.	0.
74166	0.22125	2.4e-002	0.	0.
74169	0.218	2.5e-002	0.	0.
74170	0.21825	2.4e-002	0.	0.
74171	0.21925	2.4e-002	0.	0.
74173	0.216	2.5e-002	0.	0.
74174	0.21625	2.4e-002	0.	0.
74175	0.21725	2.4e-002	0.	0.
74178	0.214	2.5e-002	0.	0.
74179	0.21425	2.4e-002	0.	0.
74180	0.21525	2.4e-002	0.	0.
74183	0.212	2.5e-002	0.	0.
74184	0.21225	2.4e-002	0.	0.
74185	0.21325	2.4e-002	0.	0.
74187	0.21	2.5e-002	0.	0.
74188	0.21025	2.4e-002	0.	0.
74189	0.21125	2.4e-002	0.	0.
74192	0.208	2.5e-002	0.	0.
74193	0.20825	2.4e-002	0.	0.
74194	0.20925	2.4e-002	0.	0.
74197	0.206	2.5e-002	0.	0.
74198	0.20625	2.4e-002	0.	0.
74199	0.20725	2.4e-002	0.	0.
74201	0.204	2.5e-002	0.	0.
74202	0.20425	2.4e-002	0.	0.
74203	0.20525	2.4e-002	0.	0.
74206	0.202	2.5e-002	0.	0.
74207	0.20225	2.4e-002	0.	0.
74208	0.20325	2.4e-002	0.	0.
74210	0.2	2.5e-002	0.	0.
74211	0.20025	2.4e-002	0.	0.
74212	0.20125	2.4e-002	0.	0.
74215	0.198	2.5e-002	0.	0.
74216	0.19825	2.4e-002	0.	0.
74217	0.19925	2.4e-002	0.	0.
74220	0.196	2.5e-002	0.	0.
74221	0.19625	2.4e-002	0.	0.
74222	0.19725	2.4e-002	0.	0.
74224	0.194	2.5e-002	0.	0.
74225	0.19425	2.4e-002	0.	0.
74226	0.19525	2.4e-002	0.	0.
74229	0.192	2.5e-002	0.	0.
74230	0.19225	2.4e-002	0.	0.
74231	0.19325	2.4e-002	0.	0.
74234	0.19	2.5e-002	0.	0.
74235	0.19025	2.4e-002	0.	0.
74236	0.19125	2.4e-002	0.	0.
74238	0.188	2.5e-002	0.	0.
74239	0.18825	2.4e-002	0.	0.
74240	0.18925	2.4e-002	0.	0.
74243	0.186	2.5e-002	0.	0.
74244	0.18625	2.4e-002	0.	0.
74245	0.18725	2.4e-002	0.	0.
74247	0.184	2.5e-002	0.	0.
74248	0.18425	2.4e-002	0.	0.
74249	0.18525	2.4e-002	0.	0.
74252	0.182	2.5e-002	0.	0.
74253	0.18225	2.4e-002	0.	0.
74254	0.18325	2.4e-002	0.	0.
74257	0.18	2.5e-002	0.	0.
74258	0.18025	2.4e-002	0.	0.
74259	0.18125	2.4e-002	0.	0.
74261	0.178	2.5e-002	0.	0.
74262	0.17825	2.4e-002	0.	0.
74263	0.17925	2.4e-002	0.	0.
74266	0.176	2.5e-002	0.	0.
74267	0.17625	2.4e-002	0.	0.
74268	0.17725	2.4e-002	0.	0.
74271	0.174	2.5e-002	0.	0.
74272	0.17425	2.4e-002	0.	0.
74273	0.17525	2.4e-002	0.	0.
74275	0.172	2.5e-002	0.	0.
74276	0.17225	2.4e-002	0.	0.
74277	0.17325	2.4e-002	0.	0.
74280	0.17	2.5e-002	0.	0.
74281	0.17025	2.4e-002	0.	0.
74282	0.17125	2.4e-002	0.	0.
74284	0.168	2.5e-002	0.	0.
74285	0.16825	2.4e-002	0.	0.
74286	0.16925	2.4e-002	0.	0.
74289	0.166	2.5e-002	0.	0.
74290	0.16625	2.4e-002	0.	0.
74291	0.16725	2.4e-002	0.	0.
74294	0.164	2.5e-002	0.	0.
74295	0.16425	2.4e-002	0.	0.
74296	0.16525	2.4e-002	0.	0.
74298	0.162	2.5e-002	0.	0.
74299	0.16225	2.4e-002	0.	0.
74300	0.16325	2.4e-002	0.	0.
74303	0.16	2.5e-002	0.	0.
74304	0.16025	2.4e-002	0.	0.
74305	0.16125	2.4e-002	0.	0.
74308	0.158	2.5e-002	0.	0.
74309	0.15825	2.4e-002	0.	0.
74310	0.15925	2.4e-002	0.	0.
74312	0.156	2.5e-002	0.	0.
74313	0.15625	2.4e-002	0.	0.
74314	0.15725	2.4e-002	0.	0.
74317	0.154	2.5e-002	0.	0.
74318	0.15425	2.4e-002	0.	0.
74319	0.15525	2.4e-002	0.	0.
74321	0.152	2.5e-002	0.	0.
74322	0.15225	2.4e-002	0.	0.
74323	0.15325	2.4e-002	0.	0.
74326	0.15	2.5e-002	0.	0.
74327	0.15025	2.4e-002	0.	0.
74328	0.15125	2.4e-002	0.	0.
74331	0.148	2.5e-002	0.	0.
74332	0.14825	2.4e-002	0.	0.
74333	0.14925	2.4e-002	0.	0.
74335	0.146	2.5e-002	0.	0.
74336	0.14625	2.4e-002	0.	0.
74337	0.14725	2.4e-002	0.	0.
74340	0.144	2.5e-002	0.	0.
74341	0.14425	2.4e-002	0.	0.
74342	0.14525	2.4e-002	0.	0.
74344	0.142	2.5e-002	0.	0.
74345	0.14225	2.4e-002	0.	0.
74346	0.14325	2.4e-002	0.	0.
74349	0.14	2.5e-002	0.	0.
74350	0.14025	2.4e-002	0.	0.
74351	0.14125	2.4e-002	0.	0.
74353	0.138	2.5e-002	0.	0.
74354	0.13825	2.4e-002	0.	0.
74355	0.13925	2.4e-002	0.	0.
74358	0.136	2.5e-002	0.	0.
74359	0.13625	2.4e-002	0.	0.
74360	0.13725	2.4e-002	0.	0.
74363	0.134	2.5e-002	0.	0.
74364	0.13425	2.4e-002	0.	0.
74365	0.13525	2.4e-002	0.	0.
74367	0.132	2.5e-002	0.	0.
74368	0.13225	2.4e-002	0.	0.
74369	0.13325	2.4e-002	0.	0.
74372	0.13	2.5e-002	0.	0.
74373	0.13025	2.4e-002	0.	0.
74374	0.13125	2.4e-002	0.	0.
74378	0.128	2.5e-002	0.	0.
74379	0.12825	2.4e-002	0.	0.
74380	0.12925	2.4e-002	0.	0.
74382	0.126	2.5e-002	0.	0.
74383	0.12625	2.4e-002	0.	0.
74384	0.12725	2.4e-002	0.	0.
74387	0.124	2.5e-002	0.	0.
74388	0.12425	2.4e-002	0.	0.
74389	0.12525	2.4e-002	0.	0.
74391	0.122	2.5e-002	0.	0.
74392	0.12225	2.4e-002	0.	0.
74393	0.12325	2.4e-002	0.	0.
74396	0.12	2.5e-002	0.	0.
74397	0.12025	2.4e-002	0.	0.
74398	0.12125	2.4e-002	0.	0.
74401	0.118	2.5e-002	0.	0.
74402	0.11825	2.4e-002	0.	0.
74403	0.11925	2.4e-002	0.	0.
74405	0.116	2.5e-002	0.	0.
74406	0.11625	2.4e-002	0.	0.
74407	0.11725	2.4e-002	0.	0.
74410	0.114	2.5e-002	0.	0.
74411	0.11425	2.4e-002	0.	0.
74412	0.11525	2.4e-002	0.	0.
74415	0.112	2.5e-002	0.	0.
74416	0.11225	2.4e-002	0.	0.
74417	0.11325	2.4e-002	0.	0.
74419	0.11	2.5e-002	0.	0.
74420	0.11025	2.4e-002	0.	0.
74421	0.11125	2.4e-002	0.	0.
74424	0.108	2.5e-002	0.	0.
74425	0.10825	2.4e-002	0.	0.
74426	0.10925	2.4e-002	0.	0.
74428	0.106	2.5e-002	0.	0.
74429	0.10625	2.4e-002	0.	0.
74430	0.10725	2.4e-002	0.	0.
74433	0.104	2.5e-002	0.	0.
74434	0.10425	2.4e-002	0.	0.
74435	0.10525	2.4e-002	0.	0.
74438	0.102	2.5e-002	0.	0.
74439	0.10225	2.4e-002	0.	0.
74440	0.10325	2.4e-002	0.	0.
74442	0.1	2.5e-002	0.	0.
74443	0.10025	2.4e-002	0.	0.
74444	0.10125	2.4e-002	0.	0.
74447	9.8e-002	2.5e-002	0.	0.
74448	9.825e-002	2.4e-002	0.	0.
74449	9.925e-002	2.4e-002	0.	0.
74453	9.6e-002	2.5e-002	0.	0.
74454	9.625e-002	2.4e-002	0.	0.
74455	9.725e-002	2.4e-002	0.	0.
74457	9.4e-002	2.5e-002	0.	0.
74458	9.425e-002	2.4e-002	0.	0.
74459	9.525e-002	2.4e-002	0.	0.
74463	9.2e-002	2.5e-002	0.	0.
74464	9.225e-002	2.4e-002	0.	0.
74465	9.325e-002	2.4e-002	0.	0.
74467	9.e-002	2.5e-002	0.	0.
74468	9.025e-002	2.4e-002	0.	0.
74469	9.125e-002	2.4e-002	0.	0.
74472	8.8e-002	2.5e-002	0.	0.
74473	8.825e-002	2.4e-002	0.	0.
74474	8.925e-002	2.4e-002	0.	0.
74477	8.6e-002	2.5e-002	0.	0.
74478	8.625e-002	2.4e-002	0.	0.
74479	8.725e-002	2.4e-002	0.	0.
74481	8.4e-002	2.5e-002	0.	0.
74482	8.425e-002	2.4e-002	0.	0.
74483	8.525e-002	2.4e-002	0.	0.
74486	8.2e-002	2.5e-002	0.	0.
74487	8.225e-002	2.4e-002	0.	0.
74488	8.325e-002	2.4e-002	0.	0.
74492	8.e-002	2.5e-002	0.	0.
74493	8.025e-002	2.4e-002	0.	0.
74494	8.125e-002	2.4e-002	0.	0.
74496	7.8e-002	2.5e-002	0.	0.
74497	7.825e-002	2.4e-002	0.	0.
74498	7.925e-002	2.4e-002	0.	0.
74500	7.6e-002	2.5e-002	0.	0.
74501	7.625e-002	2.4e-002	0.	0.
74502	7.725e-002	2.4e-002	0.	0.
74505	7.4e-002	2.5e-002	0.	0.
74506	7.425e-002	2.4e-002	0.	0.
74507	7.525e-002	2.4e-002	0.	0.
74509	7.2e-002	2.5e-002	0.	0.
74510	7.225e-002	2.4e-002	0.	0.
74511	7.325e-002	2.4e-002	0.	0.
74514	7.e-002	2.5e-002	0.	0.
74515	7.025e-002	2.4e-002	0.	0.
74516	7.125e-002	2.4e-002	0.	0.
74518	6.8e-002	2.5e-002	0.	0.
74519	6.825e-002	2.4e-002	0.	0.
74520	6.925e-002	2.4e-002	0.	0.
74523	6.6e-002	2.5e-002	0.	0.
74524	6.625e-002	2.4e-002	0.	0.
74525	6.725e-002	2.4e-002	0.	0.
74528	6.4e-002	2.5e-002	0.	0.
74529	6.425e-002	2.4e-002	0.	0.
74530	6.525e-002	2.4e-002	0.	0.
74532	6.2e-002	2.5e-002	0.	0.
74533	6.225e-002	2.4e-002	0.	0.
74534	6.325e-002	2.4e-002	0.	0.
74538	6.e-002	2.5e-002	0.	0.
74539	6.025e-002	2.4e-002	0.	0.
74540	6.125e-002	2.4e-002	0.	0.
74542	5.8e-002	2.5e-002	0.	0.
74543	5.825e-002	2.4e-002	0.	0.
74544	5.925e-002	2.4e-002	0.	0.
74547	5.6e-002	2.5e-002	0.	0.
74548	5.625e-002	2.4e-002	0.	0.
74549	5.725e-002	2.4e-002	0.	0.
74551	5.4e-002	2.5e-002	0.	0.
74552	5.425e-002	2.4e-002	0.	0.
74553	5.525e-002	2.4e-002	0.	0.
74556	5.2e-002	2.5e-002	0.	0.
74557	5.225e-002	2.4e-002	0.	0.
74558	5.325e-002	2.4e-002	0.	0.
74561	5.e-002	2.5e-002	0.	0.
74562	5.025e-002	2.4e-002	0.	0.
74563	5.125e-002	2.4e-002	0.	0.
74565	4.8e-002	2.5e-002	0.	0.
74566	4.825e-002	2.4e-002	0.	0.
74567	4.925e-002	2.4e-002	0.	0.
74570	4.6e-002	2.5e-002	0.	0.
74571	4.625e-002	2.4e-002	0.	0.
74572	4.725e-002	2.4e-002	0.	0.
74575	4.4e-002	2.5e-002	0.	0.
74576	4.425e-002	2.4e-002	0.	0.
74577	4.525e-002	2.4e-002	0.	0.
74579	4.2e-002	2.5e-002	0.	0.
74580	4.225e-002	2.4e-002	0.	0.
74581	4.325e-002	2.4e-002	0.	0.
74585	4.e-002	2.5e-002	0.	0.
74586	4.025e-002	2.4e-002	0.	0.
74587	4.125e-002	2.4e-002	0.	0.
74589	3.8e-002	2.5e-002	0.	0.
74590	3.825e-002	2.4e-002	0.	0.
74591	3.925e-002	2.4e-002	0.	0.
74594	3.6e-002	2.5e-002	0.	0.
74595	3.625e-002	2.4e-002	0.	0.
74596	3.725e-002	2.4e-002	0.	0.
74598	3.4e-002	2.5e-002	0.	0.
74599	3.425e-002	2.4e-002	0.	0.
74600	3.525e-002	2.4e-002	0.	0.
74604	3.2e-002	2.5e-002	0.	0.
74605	3.225e-002	2.4e-002	0.	0.
74606	3.325e-002	2.4e-002	0.	0.
74610	3.e-002	2.5e-002	0.	0.
74611	3.025e-002	2.4e-002	0.	0.
74612	3.125e-002	2.4e-002	0.	0.
74614	2.8e-002	2.5e-002	0.	0.
74615	2.825e-002	2.4e-002	0.	0.
74616	2.925e-002	2.4e-002	0.	0.
74620	2.6e-002	2.5e-002	0.	0.
74621	2.625e-002	2.4e-002	0.	0.
74622	2.725e-002	2.4e-002	0.	0.
74624	2.4e-002	2.5e-002	0.	0.
74625	2.425e-002	2.4e-002	0.	0.
74626	2.525e-002	2.4e-002	0.	0.
74629	2.2e-002	2.5e-002	0.	0.
74630	2.225e-002	2.4e-002	0.	0.
74631	2.325e-002	2.4e-002	0.	0.
74633	2.e-002	2.5e-002	0.	0.
74634	2.025e-002	2.4e-002	0.	0.
74635	2.125e-002	2.4e-002	0.	0.
74638	1.8e-002	2.5e-002	0.	0.
74639	1.825e-002	2.4e-002	0.	0.
74640	1.925e-002	2.4e-002	0.	0.
74642	1.6e-002	2.5e-002	0.	0.
74643	1.625e-002	2.4e-002	0.	0.
74644	1.725e-002	2.4e-002	0.	0.
74647	1.4e-002	2.5e-002	0.	0.
74648	1.425e-002	2.4e-002	0.	0.
74649	1.525e-002	2.4e-002	0.	0.
74652	1.2e-002	2.5e-002	0.	0.
74653	1.225e-002	2.4e-002	0.	0.
74654	1.325e-002	2.4e-002	0.	0.
74656	1.e-002	2.5e-002	0.	0.
74657	1.025e-002	2.4e-002	0.	0.
74658	1.125e-002	2.4e-002	0.	0.
74661	8.e-003	2.5e-002	0.	0.
74662	8.25e-003	2.4e-002	0.	0.
74663	9.25e-003	2.4e-002	0.	0.
74666	6.e-003	2.5e-002	0.	0.
74667	6.25e-003	2.4e-002	0.	0.
74668	7.25e-003	2.4e-002	0.	0.
74670	4.e-003	2.5e-002	0.	0.
74671	4.25e-003	2.4e-002	0.	0.
74672	5.25e-003	2.4e-002	0.	0.
74676	2.e-003	2.5e-002	0.	0.
74677	2.25e-003	2.4e-002	0.	0.
74678	3.25e-003	2.4e-002	0.	0.
74681	-3.4499e-016	2.5e-002	0.	0.
74682	2.5e-004	2.4e-002	0.	0.
74683	1.25e-003	2.4e-002	0.	0.
74686	-2.e-003	2.5e-002	0.	0.
74687	-1.75e-003	2.4e-002	0.	0.
74688	-7.5e-004	2.4e-002	0.	0.
74690	-4.e-003	2.5e-002	0.	0.
74691	-3.75e-003	2.4e-002	0.	0.
74692	-2.75e-003	2.4e-002	0.	0.
74695	-6.e-003	2.5e-002	0.	0.
74696	-5.75e-003	2.4e-002	0.	0.
74697	-4.75e-003	2.4e-002	0.	0.
74699	-8.e-003	2.5e-002	0.	0.
74700	-7.75e-003	2.4e-002	0.	0.
74701	-6.75e-003	2.4e-002	0.	0.
74704	-1.e-002	2.5e-002	0.	0.
74705	-9.75e-003	2.4e-002	0.	0.
74706	-8.75e-003	2.4e-002	0.	0.
74708	-1.2e-002	2.5e-002	0.	0.
74709	-1.175e-002	2.4e-002	0.	0.
74710	-1.075e-002	2.4e-002	0.	0.
74713	-1.4e-002	2.5e-002	0.	0.
74714	-1.375e-002	2.4e-002	0.	0.
74715	-1.275e-002	2.4e-002	0.	0.
74717	-1.6e-002	2.5e-002	0.	0.
74718	-1.575e-002	2.4e-002	0.	0.
74719	-1.475e-002	2.4e-002	0.	0.
74723	-1.8e-002	2.5e-002	0.	0.
74724	-1.775e-002	2.4e-002	0.	0.
74725	-1.675e-002	2.4e-002	0.	0.
74728	-2.e-002	2.5e-002	0.	0.
74729	-1.975e-002	2.4e-002	0.	0.
74730	-1.875e-002	2.4e-002	0.	0.
74733	-2.2e-002	2.5e-002	0.	0.
74734	-2.175e-002	2.4e-002	0.	0.
74735	-2.075e-002	2.4e-002	0.	0.
74737	-2.4e-002	2.5e-002	0.	0.
74738	-2.375e-002	2.4e-002	0.	0.
74739	-2.275e-002	2.4e-002	0.	0.
74742	-2.6e-002	2.5e-002	0.	0.
74743	-2.575e-002	2.4e-002	0.	0.
74744	-2.475e-002	2.4e-002	0.	0.
74746	-2.8e-002	2.5e-002	0.	0.
74747	-2.775e-002	2.4e-002	0.	0.
74748	-2.675e-002	2.4e-002	0.	0.
74751	-3.e-002	2.5e-002	0.	0.
74752	-2.975e-002	2.4e-002	0.	0.
74753	-2.875e-002	2.4e-002	0.	0.
74755	-3.2e-002	2.5e-002	0.	0.
74756	-3.175e-002	2.4e-002	0.	0.
74757	-3.075e-002	2.4e-002	0.	0.
74760	-3.4e-002	2.5e-002	0.	0.
74761	-3.375e-002	2.4e-002	0.	0.
74762	-3.275e-002	2.4e-002	0.	0.
74764	-3.6e-002	2.5e-002	0.	0.
74765	-3.575e-002	2.4e-002	0.	0.
74766	-3.475e-002	2.4e-002	0.	0.
74769	-3.8e-002	2.5e-002	0.	0.
74770	-3.775e-002	2.4e-002	0.	0.
74771	-3.675e-002	2.4e-002	0.	0.
74774	-4.e-002	2.5e-002	0.	0.
74775	-3.975e-002	2.4e-002	0.	0.
74776	-3.875e-002	2.4e-002	0.	0.
74779	-4.2e-002	2.5e-002	0.	0.
74780	-4.175e-002	2.4e-002	0.	0.
74781	-4.075e-002	2.4e-002	0.	0.
74783	-4.4e-002	2.5e-002	0.	0.
74784	-4.375e-002	2.4e-002	0.	0.
74785	-4.275e-002	2.4e-002	0.	0.
74789	-4.6e-002	2.5e-002	0.	0.
74790	-4.575e-002	2.4e-002	0.	0.
74791	-4.475e-002	2.4e-002	0.	0.
74793	-4.8e-002	2.5e-002	0.	0.
74794	-4.775e-002	2.4e-002	0.	0.
74795	-4.675e-002	2.4e-002	0.	0.
74798	-5.e-002	2.5e-002	0.	0.
74799	-4.975e-002	2.4e-002	0.	0.
74800	-4.875e-002	2.4e-002	0.	0.
74802	-5.2e-002	2.5e-002	0.	0.
74803	-5.175e-002	2.4e-002	0.	0.
74804	-5.075e-002	2.4e-002	0.	0.
74807	-5.4e-002	2.5e-002	0.	0.
74808	-5.375e-002	2.4e-002	0.	0.
74809	-5.275e-002	2.4e-002	0.	0.
74814	-5.6e-002	2.5e-002	0.	0.
74815	-5.575e-002	2.4e-002	0.	0.
74816	-5.475e-002	2.4e-002	0.	0.
74818	-5.8e-002	2.5e-002	0.	0.
74819	-5.775e-002	2.4e-002	0.	0.
74820	-5.675e-002	2.4e-002	0.	0.
74822	-6.e-002	2.5e-002	0.	0.
74823	-5.975e-002	2.4e-002	0.	0.
74824	-5.875e-002	2.4e-002	0.	0.
74828	-6.2e-002	2.5e-002	0.	0.
74829	-6.175e-002	2.4e-002	0.	0.
74830	-6.075e-002	2.4e-002	0.	0.
74832	-6.4e-002	2.5e-002	0.	0.
74833	-6.375e-002	2.4e-002	0.	0.
74834	-6.275e-002	2.4e-002	0.	0.
74837	-6.6e-002	2.5e-002	0.	0.
74838	-6.575e-002	2.4e-002	0.	0.
74839	-6.475e-002	2.4e-002	0.	0.
74841	-6.8e-002	2.5e-002	0.	0.
74842	-6.775e-002	2.4e-002	0.	0.
74843	-6.675e-002	2.4e-002	0.	0.
74847	-7.e-002	2.5e-002	0.	0.
74848	-6.975e-002	2.4e-002	0.	0.
74849	-6.875e-002	2.4e-002	0.	0.
74852	-7.2e-002	2.5e-002	0.	0.
74853	-7.175e-002	2.4e-002	0.	0.
74854	-7.075e-002	2.4e-002	0.	0.
74856	-7.4e-002	2.5e-002	0.	0.
74857	-7.375e-002	2.4e-002	0.	0.
74858	-7.275e-002	2.4e-002	0.	0.
74861	-7.6e-002	2.5e-002	0.	0.
74862	-7.575e-002	2.4e-002	0.	0.
74863	-7.475e-002	2.4e-002	0.	0.
74866	-7.8e-002	2.5e-002	0.	0.
74867	-7.775e-002	2.4e-002	0.	0.
74868	-7.675e-002	2.4e-002	0.	0.
74870	-8.e-002	2.5e-002	0.	0.
74871	-7.975e-002	2.4e-002	0.	0.
74872	-7.875e-002	2.4e-002	0.	0.
74875	-8.2e-002	2.5e-002	0.	0.
74876	-8.175e-002	2.4e-002	0.	0.
74877	-8.075e-002	2.4e-002	0.	0.
74879	-8.4e-002	2.5e-002	0.	0.
74880	-8.375e-002	2.4e-002	0.	0.
74881	-8.275e-002	2.4e-002	0.	0.
74884	-8.6e-002	2.5e-002	0.	0.
74885	-8.575e-002	2.4e-002	0.	0.
74886	-8.475e-002	2.4e-002	0.	0.
74889	-8.8e-002	2.5e-002	0.	0.
74890	-8.775e-002	2.4e-002	0.	0.
74891	-8.675e-002	2.4e-002	0.	0.
74893	-9.e-002	2.5e-002	0.	0.
74894	-8.975e-002	2.4e-002	0.	0.
74895	-8.875e-002	2.4e-002	0.	0.
74898	-9.2e-002	2.5e-002	0.	0.
74899	-9.175e-002	2.4e-002	0.	0.
74900	-9.075e-002	2.4e-002	0.	0.
74903	-9.4e-002	2.5e-002	0.	0.
74904	-9.375e-002	2.4e-002	0.	0.
74905	-9.275e-002	2.4e-002	0.	0.
74907	-9.6e-002	2.5e-002	0.	0.
74908	-9.575e-002	2.4e-002	0.	0.
74909	-9.475e-002	2.4e-002	0.	0.
74912	-9.8e-002	2.5e-002	0.	0.
74913	-9.775e-002	2.4e-002	0.	0.
74914	-9.675e-002	2.4e-002	0.	0.
74916	-0.1	2.5e-002	0.	0.
74917	-9.975e-002	2.4e-002	0.	0.
74918	-9.875e-002	2.4e-002	0.	0.
74921	-0.102	2.5e-002	0.	0.
74922	-0.10175	2.4e-002	0.	0.
74923	-0.10075	2.4e-002	0.	0.
74926	-0.104	2.5e-002	0.	0.
74927	-0.10375	2.4e-002	0.	0.
74928	-0.10275	2.4e-002	0.	0.
74930	-0.106	2.5e-002	0.	0.
74931	-0.10575	2.4e-002	0.	0.
74932	-0.10475	2.4e-002	0.	0.
74935	-0.108	2.5e-002	0.	0.
74936	-0.10775	2.4e-002	0.	0.
74937	-0.10675	2.4e-002	0.	0.
74940	-0.11	2.5e-002	0.	0.
74941	-0.10975	2.4e-002	0.	0.
74942	-0.10875	2.4e-002	0.	0.
74944	-0.112	2.5e-002	0.	0.
74945	-0.11175	2.4e-002	0.	0.
74946	-0.11075	2.4e-002	0.	0.
74949	-0.114	2.5e-002	0.	0.
74950	-0.11375	2.4e-002	0.	0.
74951	-0.11275	2.4e-002	0.	0.
74953	-0.116	2.5e-002	0.	0.
74954	-0.11575	2.4e-002	0.	0.
74955	-0.11475	2.4e-002	0.	0.
74958	-0.118	2.5e-002	0.	0.
74959	-0.11775	2.4e-002	0.	0.
74960	-0.11675	2.4e-002	0.	0.
74963	-0.12	2.5e-002	0.	0.
74964	-0.11975	2.4e-002	0.	0.
74965	-0.11875	2.4e-002	0.	0.
74967	-0.122	2.5e-002	0.	0.
74968	-0.12175	2.4e-002	0.	0.
74969	-0.12075	2.4e-002	0.	0.
74972	-0.124	2.5e-002	0.	0.
74973	-0.12375	2.4e-002	0.	0.
74974	-0.12275	2.4e-002	0.	0.
74978	-0.126	2.5e-002	0.	0.
74979	-0.12575	2.4e-002	0.	0.
74980	-0.12475	2.4e-002	0.	0.
74982	-0.128	2.5e-002	0.	0.
74983	-0.12775	2.4e-002	0.	0.
74984	-0.12675	2.4e-002	0.	0.
74987	-0.13	2.5e-002	0.	0.
74988	-0.12975	2.4e-002	0.	0.
74989	-0.12875	2.4e-002	0.	0.
74991	-0.132	2.5e-002	0.	0.
74992	-0.13175	2.4e-002	0.	0.
74993	-0.13075	2.4e-002	0.	0.
74996	-0.134	2.5e-002	0.	0.
74997	-0.13375	2.4e-002	0.	0.
74998	-0.13275	2.4e-002	0.	0.
75001	-0.136	2.5e-002	0.	0.
75002	-0.13575	2.4e-002	0.	0.
75003	-0.13475	2.4e-002	0.	0.
75005	-0.138	2.5e-002	0.	0.
75006	-0.13775	2.4e-002	0.	0.
75007	-0.13675	2.4e-002	0.	0.
75010	-0.14	2.5e-002	0.	0.
75011	-0.13975	2.4e-002	0.	0.
75012	-0.13875	2.4e-002	0.	0.
75015	-0.142	2.5e-002	0.	0.
75016	-0.14175	2.4e-002	0.	0.
75017	-0.14075	2.4e-002	0.	0.
75019	-0.144	2.5e-002	0.	0.
75020	-0.14375	2.4e-002	0.	0.
75021	-0.14275	2.4e-002	0.	0.
75024	-0.146	2.5e-002	0.	0.
75025	-0.14575	2.4e-002	0.	0.
75026	-0.14475	2.4e-002	0.	0.
75028	-0.148	2.5e-002	0.	0.
75029	-0.14775	2.4e-002	0.	0.
75030	-0.14675	2.4e-002	0.	0.
75033	-0.15	2.5e-002	0.	0.
75034	-0.14975	2.4e-002	0.	0.
75035	-0.14875	2.4e-002	0.	0.
75037	-0.152	2.5e-002	0.	0.
75038	-0.15175	2.4e-002	0.	0.
75039	-0.15075	2.4e-002	0.	0.
75042	-0.154	2.5e-002	0.	0.
75043	-0.15375	2.4e-002	0.	0.
75044	-0.15275	2.4e-002	0.	0.
75047	-0.156	2.5e-002	0.	0.
75048	-0.15575	2.4e-002	0.	0.
75049	-0.15475	2.4e-002	0.	0.
75051	-0.158	2.5e-002	0.	0.
75052	-0.15775	2.4e-002	0.	0.
75053	-0.15675	2.4e-002	0.	0.
75056	-0.16	2.5e-002	0.	0.
75057	-0.15975	2.4e-002	0.	0.
75058	-0.15875	2.4e-002	0.	0.
75060	-0.162	2.5e-002	0.	0.
75061	-0.16175	2.4e-002	0.	0.
75062	-0.16075	2.4e-002	0.	0.
75065	-0.164	2.5e-002	0.	0.
75066	-0.16375	2.4e-002	0.	0.
75067	-0.16275	2.4e-002	0.	0.
75070	-0.166	2.5e-002	0.	0.
75071	-0.16575	2.4e-002	0.	0.
75072	-0.16475	2.4e-002	0.	0.
75074	-0.168	2.5e-002	0.	0.
75075	-0.16775	2.4e-002	0.	0.
75076	-0.16675	2.4e-002	0.	0.
75079	-0.17	2.5e-002	0.	0.
75080	-0.16975	2.4e-002	0.	0.
75081	-0.16875	2.4e-002	0.	0.
75084	-0.172	2.5e-002	0.	0.
75085	-0.17175	2.4e-002	0.	0.
75086	-0.17075	2.4e-002	0.	0.
75088	-0.174	2.5e-002	0.	0.
75089	-0.17375	2.4e-002	0.	0.
75090	-0.17275	2.4e-002	0.	0.
75093	-0.176	2.5e-002	0.	0.
75094	-0.17575	2.4e-002	0.	0.
75095	-0.17475	2.4e-002	0.	0.
75097	-0.178	2.5e-002	0.	0.
75098	-0.17775	2.4e-002	0.	0.
75099	-0.17675	2.4e-002	0.	0.
75102	-0.18	2.5e-002	0.	0.
75103	-0.17975	2.4e-002	0.	0.
75104	-0.17875	2.4e-002	0.	0.
75107	-0.182	2.5e-002	0.	0.
75108	-0.18175	2.4e-002	0.	0.
75109	-0.18075	2.4e-002	0.	0.
75111	-0.184	2.5e-002	0.	0.
75112	-0.18375	2.4e-002	0.	0.
75113	-0.18275	2.4e-002	0.	0.
75116	-0.186	2.5e-002	0.	0.
75117	-0.18575	2.4e-002	0.	0.
75118	-0.18475	2.4e-002	0.	0.
75121	-0.188	2.5e-002	0.	0.
75122	-0.18775	2.4e-002	0.	0.
75123	-0.18675	2.4e-002	0.	0.
75125	-0.19	2.5e-002	0.	0.
75126	-0.18975	2.4e-002	0.	0.
75127	-0.18875	2.4e-002	0.	0.
75130	-0.192	2.5e-002	0.	0.
75131	-0.19175	2.4e-002	0.	0.
75132	-0.19075	2.4e-002	0.	0.
75134	-0.194	2.5e-002	0.	0.
75135	-0.19375	2.4e-002	0.	0.
75136	-0.19275	2.4e-002	0.	0.
75139	-0.196	2.5e-002	0.	0.
75140	-0.19575	2.4e-002	0.	0.
75141	-0.19475	2.4e-002	0.	0.
75144	-0.198	2.5e-002	0.	0.
75145	-0.19775	2.4e-002	0.	0.
75146	-0.19675	2.4e-002	0.	0.
75148	-0.2	2.5e-002	0.	0.
75149	-0.19975	2.4e-002	0.	0.
75150	-0.19875	2.4e-002	0.	0.
75154	-0.202	2.5e-002	0.	0.
75155	-0.20175	2.4e-002	0.	0.
75156	-0.20075	2.4e-002	0.	0.
75160	-0.204	2.5e-002	0.	0.
75161	-0.20375	2.4e-002	0.	0.
75162	-0.20275	2.4e-002	0.	0.
75164	-0.206	2.5e-002	0.	0.
75165	-0.20575	2.4e-002	0.	0.
75166	-0.20475	2.4e-002	0.	0.
75169	-0.208	2.5e-002	0.	0.
75170	-0.20775	2.4e-002	0.	0.
75171	-0.20675	2.4e-002	0.	0.
75173	-0.21	2.5e-002	0.	0.
75174	-0.20975	2.4e-002	0.	0.
75175	-0.20875	2.4e-002	0.	0.
75178	-0.212	2.5e-002	0.	0.
75179	-0.21175	2.4e-002	0.	0.
75180	-0.21075	2.4e-002	0.	0.
75183	-0.214	2.5e-002	0.	0.
75184	-0.21375	2.4e-002	0.	0.
75185	-0.21275	2.4e-002	0.	0.
75187	-0.216	2.5e-002	0.	0.
75188	-0.21575	2.4e-002	0.	0.
75189	-0.21475	2.4e-002	0.	0.
75192	-0.218	2.5e-002	0.	0.
75193	-0.21775	2.4e-002	0.	0.
75194	-0.21675	2.4e-002	0.	0.
75197	-0.22	2.5e-002	0.	0.
75198	-0.21975	2.4e-002	0.	0.
75199	-0.21875	2.4e-002	0.	0.
75201	-0.222	2.5e-002	0.	0.
75202	-0.22175	2.4e-002	0.	0.
75203	-0.22075	2.4e-002	0.	0.
75206	-0.224	2.5e-002	0.	0.
75207	-0.22375	2.4e-002	0.	0.
75208	-0.22275	2.4e-002	0.	0.
75210	-0.226	2.5e-002	0.	0.
75211	-0.22575	2.4e-002	0.	0.
75212	-0.22475	2.4e-002	0.	0.
75215	-0.228	2.5e-002	0.	0.
75216	-0.22775	2.4e-002	0.	0.
75217	-0.22675	2.4e-002	0.	0.
75220	-0.23	2.5e-002	0.	0.
75221	-0.22975	2.4e-002	0.	0.
75222	-0.22875	2.4e-002	0.	0.
75224	-0.232	2.5e-002	0.	0.
75225	-0.23175	2.4e-002	0.	0.
75226	-0.23075	2.4e-002	0.	0.
75229	-0.234	2.5e-002	0.	0.
75230	-0.23375	2.4e-002	0.	0.
75231	-0.23275	2.4e-002	0.	0.
75235	-0.236	2.5e-002	0.	0.
75236	-0.23575	2.4e-002	0.	0.
75237	-0.23475	2.4e-002	0.	0.
75239	-0.238	2.5e-002	0.	0.
75240	-0.23775	2.4e-002	0.	0.
75241	-0.23675	2.4e-002	0.	0.
75244	-0.24	2.5e-002	0.	0.
75245	-0.23975	2.4e-002	0.	0.
75246	-0.23875	2.4e-002	0.	0.
75248	-0.242	2.5e-002	0.	0.
75249	-0.24175	2.4e-002	0.	0.
75250	-0.24075	2.4e-002	0.	0.
75253	-0.244	2.5e-002	0.	0.
75254	-0.24375	2.4e-002	0.	0.
75255	-0.24275	2.4e-002	0.	0.
75258	-0.246	2.5e-002	0.	0.
75259	-0.24575	2.4e-002	0.	0.
75260	-0.24475	2.4e-002	0.	0.
75262	-0.248	2.5e-002	0.	0.
75263	-0.24775	2.4e-002	0.	0.
75264	-0.24675	2.4e-002	0.	0.
75267	-0.25	2.5e-002	0.	0.
75268	-0.24975	2.4e-002	0.	0.
75269	-0.24875	2.4e-002	0.	0.
75272	-0.252	2.5e-002	0.	0.
75273	-0.25175	2.4e-002	0.	0.
75274	-0.25075	2.4e-002	0.	0.
75276	-0.254	2.5e-002	0.	0.
75277	-0.25375	2.4e-002	0.	0.
75278	-0.25275	2.4e-002	0.	0.
75281	-0.256	2.5e-002	0.	0.
75282	-0.25575	2.4e-002	0.	0.
75283	-0.25475	2.4e-002	0.	0.
75285	-0.258	2.5e-002	0.	0.
75286	-0.25775	2.4e-002	0.	0.
75287	-0.25675	2.4e-002	0.	0.
75290	-0.26	2.5e-002	0.	0.
75291	-0.25975	2.4e-002	0.	0.
75292	-0.25875	2.4e-002	0.	0.
75295	-0.262	2.5e-002	0.	0.
75296	-0.26175	2.4e-002	0.	0.
75297	-0.26075	2.4e-002	0.	0.
75299	-0.264	2.5e-002	0.	0.
75300	-0.26375	2.4e-002	0.	0.
75301	-0.26275	2.4e-002	0.	0.
75304	-0.266	2.5e-002	0.	0.
75305	-0.26575	2.4e-002	0.	0.
75306	-0.26475	2.4e-002	0.	0.
75309	-0.268	2.5e-002	0.	0.
75310	-0.26775	2.4e-002	0.	0.
75311	-0.26675	2.4e-002	0.	0.
75313	-0.27	2.5e-002	0.	0.
75314	-0.26975	2.4e-002	0.	0.
75315	-0.26875	2.4e-002	0.	0.
75318	-0.272	2.5e-002	0.	0.
75319	-0.27175	2.4e-002	0.	0.
75320	-0.27075	2.4e-002	0.	0.
75322	-0.274	2.5e-002	0.	0.
75323	-0.27375	2.4e-002	0.	0.
75324	-0.27275	2.4e-002	0.	0.
75327	-0.276	2.5e-002	0.	0.
75328	-0.27575	2.4e-002	0.	0.
75329	-0.27475	2.4e-002	0.	0.
75332	-0.278	2.5e-002	0.	0.
75333	-0.27775	2.4e-002	0.	0.
75334	-0.27675	2.4e-002	0.	0.
75336	-0.28	2.5e-002	0.	0.
75337	-0.27975	2.4e-002	0.	0.
75338	-0.27875	2.4e-002	0.	0.
75342	-0.282	2.5e-002	0.	0.
75343	-0.28175	2.4e-002	0.	0.
75344	-0.28075	2.4e-002	0.	0.
75347	-0.284	2.5e-002	0.	0.
75348	-0.28375	2.4e-002	0.	0.
75349	-0.28275	2.4e-002	0.	0.
75351	-0.286	2.5e-002	0.	0.
75352	-0.28575	2.4e-002	0.	0.
75353	-0.28475	2.4e-002	0.	0.
75356	-0.288	2.5e-002	0.	0.
75357	-0.28775	2.4e-002	0.	0.
75358	-0.28675	2.4e-002	0.	0.
75360	-0.29	2.5e-002	0.	0.
75361	-0.28975	2.4e-002	0.	0.
75362	-0.28875	2.4e-002	0.	0.
75365	-0.292	2.5e-002	0.	0.
75366	-0.29175	2.4e-002	0.	0.
75367	-0.29075	2.4e-002	0.	0.
75370	-0.294	2.5e-002	0.	0.
75371	-0.29375	2.4e-002	0.	0.
75372	-0.29275	2.4e-002	0.	0.
75374	-0.296	2.5e-002	0.	0.
75375	-0.29575	2.4e-002	0.	0.
75376	-0.29475	2.4e-002	0.	0.
75379	-0.298	2.5e-002	0.	0.
75380	-0.29775	2.4e-002	0.	0.
75381	-0.29675	2.4e-002	0.	0.
75384	-0.3	2.5e-002	0.	0.
75385	-0.29968	2.4082e-002	0.	0.
75386	-0.29875	2.4e-002	0.	0.
75388	-0.302	2.5e-002	0.	0.
75389	-0.30164	2.41e-002	0.	0.
75390	-0.30068	2.4082e-002	0.	0.
75393	-0.304	2.5e-002	0.	0.
75394	-0.30264	2.41e-002	0.	0.
75395	-0.30365	2.4149e-002	0.	0.
75397	-0.306	2.5e-002	0.	0.
75398	-0.30465	2.4149e-002	0.	0.
75399	-0.30554	2.433e-002	0.	0.
75402	-0.308	2.5e-002	0.	0.
75403	-0.30739	2.3951e-002	0.	0.
75404	-0.30654	2.433e-002	0.	0.
75407	-0.31	2.5e-002	0.	0.
75408	-0.30957	2.3857e-002	0.	0.
75409	-0.30839	2.3951e-002	0.	0.
75411	-0.312	2.5e-002	0.	0.
75412	-0.31057	2.3857e-002	0.	0.
75413	-0.3117	2.4045e-002	0.	0.
75416	-0.314	2.5e-002	0.	0.
75417	-0.31379	2.4166e-002	0.	0.
75418	-0.3127	2.4045e-002	0.	0.
75421	-0.316	2.5e-002	0.	0.
75422	-0.31479	2.4166e-002	0.	0.
75423	-0.31556	2.4317e-002	0.	0.
75425	-0.318	2.5e-002	0.	0.
75426	-0.31736	2.3919e-002	0.	0.
75427	-0.31656	2.4317e-002	0.	0.
75430	-0.32	2.5e-002	0.	0.
75431	-0.31836	2.3919e-002	0.	0.
75432	-0.31933	2.3919e-002	0.	0.
75434	-0.322	2.5e-002	0.	0.
75435	-0.32109	2.3862e-002	0.	0.
75436	-0.32182	2.39e-002	0.	0.
75437	-0.32033	2.3919e-002	0.	0.
75440	-0.324	2.5e-002	0.	0.
75441	-0.32367	2.3934e-002	0.	0.
75442	-0.32282	2.39e-002	0.	0.
75445	-0.326	2.5e-002	0.	0.
75446	-0.32467	2.3934e-002	0.	0.
75447	-0.32567	2.4092e-002	0.	0.
75449	-0.328	2.5e-002	0.	0.
75450	-0.32667	2.4092e-002	0.	0.
75451	-0.32746	2.4394e-002	0.	0.
75454	-0.33	2.5e-002	0.	0.
75455	-0.3294	2.3987e-002	0.	0.
75456	-0.32846	2.4394e-002	0.	0.
75460	-0.332	2.5e-002	0.	0.
75461	-0.3304	2.3987e-002	0.	0.
75462	-0.3315	2.3953e-002	0.	0.
75464	-0.334	2.5e-002	0.	0.
75465	-0.3325	2.3953e-002	0.	0.
75466	-0.3335	2.3953e-002	0.	0.
75469	-0.336	2.5e-002	0.	0.
75470	-0.3355	2.3953e-002	0.	0.
75471	-0.3345	2.3953e-002	0.	0.
75473	-0.338	2.5e-002	0.	0.
75474	-0.3365	2.3953e-002	0.	0.
75475	-0.33741	2.4218e-002	0.	0.
75478	-0.34	2.5e-002	0.	0.
75479	-0.33954	2.3958e-002	0.	0.
75480	-0.33841	2.4218e-002	0.	0.
75483	-0.342	2.5e-002	0.	0.
75484	-0.34054	2.3958e-002	0.	0.
75485	-0.34174	2.4219e-002	0.	0.
75487	-0.344	2.5e-002	0.	0.
75488	-0.34274	2.4219e-002	0.	0.
75489	-0.34361	2.4269e-002	0.	0.
75492	-0.346	2.5e-002	0.	0.
75493	-0.34545	2.4087e-002	0.	0.
75494	-0.34461	2.4269e-002	0.	0.
75497	-0.348	2.5e-002	0.	0.
75498	-0.34754	2.3958e-002	0.	0.
75499	-0.34645	2.4087e-002	0.	0.
75501	-0.35	2.5e-002	0.	0.
75502	-0.34854	2.3958e-002	0.	0.
75503	-0.34972	2.4349e-002	0.	0.
75506	-0.352	2.5e-002	0.	0.
75507	-0.35157	2.4301e-002	0.	0.
75508	-0.35072	2.4349e-002	0.	0.
75510	-0.354	2.5e-002	0.	0.
75511	-0.35346	2.3958e-002	0.	0.
75512	-0.35257	2.4301e-002	0.	0.
75515	-0.356	2.5e-002	0.	0.
75516	-0.35446	2.3958e-002	0.	0.
75517	-0.3556	2.3958e-002	0.	0.
75520	-0.358	2.5e-002	0.	0.
75521	-0.35758	2.3958e-002	0.	0.
75522	-0.3566	2.3958e-002	0.	0.
75524	-0.36	2.5e-002	0.	0.
75525	-0.35858	2.3958e-002	0.	0.
75526	-0.35957	2.381e-002	0.	0.
75529	-0.362	2.5e-002	0.	0.
75530	-0.36154	2.3958e-002	0.	0.
75531	-0.36057	2.381e-002	0.	0.
75535	-0.364	2.5e-002	0.	0.
75536	-0.36254	2.3958e-002	0.	0.
75537	-0.36356	2.3958e-002	0.	0.
75539	-0.366	2.5e-002	0.	0.
75540	-0.36557	2.3958e-002	0.	0.
75541	-0.36456	2.3958e-002	0.	0.
75545	-0.368	2.5e-002	0.	0.
75546	-0.36657	2.3958e-002	0.	0.
75547	-0.36733	2.3958e-002	0.	0.
75549	-0.37	2.5e-002	0.	0.
75550	-0.36985	2.3958e-002	0.	0.
75551	-0.36833	2.3958e-002	0.	0.
75554	-0.372	2.5e-002	0.	0.
75555	-0.37161	2.3958e-002	0.	0.
75556	-0.37085	2.3958e-002	0.	0.
75559	-0.374	2.5e-002	0.	0.
75560	-0.37261	2.3958e-002	0.	0.
75561	-0.37361	2.3958e-002	0.	0.
75563	-0.376	2.5e-002	0.	0.
75564	-0.37461	2.3958e-002	0.	0.
75565	-0.37563	2.3958e-002	0.	0.
75568	-0.378	2.5e-002	0.	0.
75569	-0.37663	2.3958e-002	0.	0.
75570	-0.37746	2.3958e-002	0.	0.
75574	-0.38	2.5e-002	0.	0.
75575	-0.37929	2.3958e-002	0.	0.
75576	-0.37846	2.3958e-002	0.	0.
75578	-0.382	2.5e-002	0.	0.
75579	-0.38029	2.3958e-002	0.	0.
75580	-0.38127	2.4261e-002	0.	0.
75583	-0.384	2.5e-002	0.	0.
75584	-0.38327	2.4027e-002	0.	0.
75585	-0.38227	2.4261e-002	0.	0.
75587	-0.386	2.5e-002	0.	0.
75588	-0.3854	2.4071e-002	0.	0.
75589	-0.38427	2.4027e-002	0.	0.
75593	-0.388	2.5e-002	0.	0.
75594	-0.38748	2.3958e-002	0.	0.
75595	-0.3864	2.4071e-002	0.	0.
75597	-0.39	2.5e-002	0.	0.
75598	-0.38848	2.3958e-002	0.	0.
75599	-0.38949	2.3958e-002	0.	0.
75602	-0.392	2.5e-002	0.	0.
75603	-0.3915	2.3958e-002	0.	0.
75604	-0.39049	2.3958e-002	0.	0.
75606	-0.394	2.5e-002	0.	0.
75607	-0.3925	2.3958e-002	0.	0.
75608	-0.39343	2.3958e-002	0.	0.
75612	-0.396	2.5e-002	0.	0.
75613	-0.39535	2.3958e-002	0.	0.
75614	-0.39443	2.3958e-002	0.	0.
75616	-0.398	2.5e-002	0.	0.
75617	-0.39735	2.3958e-002	0.	0.
75618	-0.39635	2.3958e-002	0.	0.
75621	-0.4	2.5e-002	0.	0.
75622	-0.39835	2.3958e-002	0.	0.
75623	-0.39945	2.3958e-002	0.	0.
75625	-0.402	2.5e-002	0.	0.
75626	-0.40154	2.3958e-002	0.	0.
75627	-0.40045	2.3958e-002	0.	0.
75630	-0.404	2.5e-002	0.	0.
75631	-0.40355	2.3987e-002	0.	0.
75632	-0.40254	2.3958e-002	0.	0.
75635	-0.406	2.5e-002	0.	0.
75636	-0.40455	2.3987e-002	0.	0.
75637	-0.40548	2.3985e-002	0.	0.
75639	-0.408	2.5e-002	0.	0.
75640	-0.40747	2.3984e-002	0.	0.
75641	-0.40648	2.3985e-002	0.	0.
75645	-0.41	2.5e-002	0.	0.
75646	-0.40847	2.3984e-002	0.	0.
75647	-0.40952	2.4035e-002	0.	0.
75649	-0.412	2.5e-002	0.	0.
75650	-0.41052	2.4035e-002	0.	0.
75651	-0.41141	2.4381e-002	0.	0.
75654	-0.414	2.5e-002	0.	0.
75655	-0.41317	2.4191e-002	0.	0.
75656	-0.41241	2.4381e-002	0.	0.
75658	-0.416	2.5e-002	0.	0.
75659	-0.41515	2.3962e-002	0.	0.
75660	-0.41417	2.4191e-002	0.	0.
75662	-0.418	2.5e-002	0.	0.
75663	-0.41615	2.3962e-002	0.	0.
75664	-0.41712	2.365e-002	0.	0.
75665	-0.41771	2.4252e-002	0.	0.
75668	-0.42	2.5e-002	0.	0.
75669	-0.41956	2.4049e-002	0.	0.
75670	-0.41871	2.4252e-002	0.	0.
75673	-0.422	2.5e-002	0.	0.
75674	-0.42056	2.4049e-002	0.	0.
75675	-0.42147	2.406e-002	0.	0.
75677	-0.42247	2.406e-002	0.	0.
75678	-0.42328	2.4024e-002	0.	0.
75680	-0.3	-2.e-002	0.	0.
75681	-0.299	-2.1e-002	0.	0.
75682	-0.30075	-2.2e-002	0.	0.
75683	-0.30111	-2.0816e-002	0.	0.
75684	-0.29975	-2.2e-002	0.	0.
75688	-0.3	2.e-002	0.	0.
75689	-0.299	2.1e-002	0.	0.
75690	-0.30095	2.0495e-002	0.	0.
75691	-0.30018	2.2082e-002	0.	0.
75692	-0.29925	2.2e-002	0.	0.
75693	-0.30072	2.1412e-002	0.	0.
75697	-0.3	-1.8e-002	0.	0.
75699	-0.30117	-1.8824e-002	0.	0.
75700	-0.30111	-1.9816e-002	0.	0.
75701	-0.30068	-1.8316e-002	0.	0.
75708	-0.3	-1.6e-002	0.	0.
75709	-0.30089	-1.6481e-002	0.	0.
75710	-0.30068	-1.7316e-002	0.	0.
75715	-0.3	-1.4e-002	0.	0.
75716	-0.30097	-1.4398e-002	0.	0.
75717	-0.30089	-1.5481e-002	0.	0.
75721	-0.3	-1.2e-002	0.	0.
75722	-0.30097	-1.3398e-002	0.	0.
75723	-0.30097	-1.2398e-002	0.	0.
75729	-0.3	-1.e-002	0.	0.
75730	-0.30097	-1.1398e-002	0.	0.
75731	-0.30112	-1.0363e-002	0.	0.
75737	-0.3	-8.e-003	0.	0.
75738	-0.30112	-9.3627e-003	0.	0.
75739	-0.30072	-8.432e-003	0.	0.
75743	-0.3	-6.e-003	0.	0.
75744	-0.30094	-6.5418e-003	0.	0.
75745	-0.30072	-7.432e-003	0.	0.
75750	-0.3	-4.e-003	0.	0.
75751	-0.30094	-5.5418e-003	0.	0.
75752	-0.30072	-4.4912e-003	0.	0.
75758	-0.3	-2.e-003	0.	0.
75759	-0.30072	-3.4912e-003	0.	0.
75760	-0.30065	-2.5079e-003	0.	0.
75765	-0.3	-8.6736e-019	0.	0.
75766	-0.301	-5.9989e-004	0.	0.
75767	-0.30065	-1.5079e-003	0.	0.
75773	-0.3	2.e-003	0.	0.
75774	-0.301	4.0011e-004	0.	0.
75775	-0.30098	1.6903e-003	0.	0.
75780	-0.3	4.e-003	0.	0.
75781	-0.30128	3.5243e-003	0.	0.
75782	-0.30098	2.6903e-003	0.	0.
75787	-0.3	6.e-003	0.	0.
75788	-0.30128	4.5243e-003	0.	0.
75789	-0.30083	5.3524e-003	0.	0.
75792	-0.3	8.e-003	0.	0.
75793	-0.30083	6.3524e-003	0.	0.
75794	-0.30076	7.5004e-003	0.	0.
75802	-0.3	1.e-002	0.	0.
75803	-0.30112	9.3043e-003	0.	0.
75804	-0.30076	8.5004e-003	0.	0.
75807	-0.3	1.2e-002	0.	0.
75808	-0.30094	1.142e-002	0.	0.
75809	-0.30112	1.0304e-002	0.	0.
75814	-0.3	1.4e-002	0.	0.
75815	-0.30094	1.242e-002	0.	0.
75816	-0.30091	1.3564e-002	0.	0.
75822	-0.3	1.6e-002	0.	0.
75823	-0.30096	1.5517e-002	0.	0.
75824	-0.30091	1.4564e-002	0.	0.
75827	-0.3	1.8e-002	0.	0.
75828	-0.30096	1.6517e-002	0.	0.
75829	-0.30098	1.748e-002	0.	0.
75835	-0.30095	1.9495e-002	0.	0.
75836	-0.30098	1.848e-002	0.	0.
75841	0.299	2.1e-002	0.	0.
75842	0.3	2.e-002	0.	0.
75843	0.30116	2.0894e-002	0.	0.
75844	0.30079	2.188e-002	0.	0.
75845	0.29977	2.194e-002	0.	0.
75847	-0.297	2.1e-002	0.	0.
75848	-0.29825	2.2e-002	0.	0.
75849	-0.29725	2.2e-002	0.	0.
75853	-0.295	2.1e-002	0.	0.
75854	-0.29625	2.2e-002	0.	0.
75855	-0.29525	2.2e-002	0.	0.
75860	-0.293	2.1e-002	0.	0.
75861	-0.29425	2.2e-002	0.	0.
75862	-0.29325	2.2e-002	0.	0.
75868	-0.291	2.1e-002	0.	0.
75869	-0.29225	2.2e-002	0.	0.
75870	-0.29125	2.2e-002	0.	0.
75876	-0.289	2.1e-002	0.	0.
75877	-0.29025	2.2e-002	0.	0.
75878	-0.28925	2.2e-002	0.	0.
75884	-0.287	2.1e-002	0.	0.
75885	-0.28825	2.2e-002	0.	0.
75886	-0.28725	2.2e-002	0.	0.
75891	-0.285	2.1e-002	0.	0.
75892	-0.28625	2.2e-002	0.	0.
75893	-0.28525	2.2e-002	0.	0.
75899	-0.283	2.1e-002	0.	0.
75900	-0.28425	2.2e-002	0.	0.
75901	-0.28325	2.2e-002	0.	0.
75906	-0.281	2.1e-002	0.	0.
75907	-0.28225	2.2e-002	0.	0.
75908	-0.28125	2.2e-002	0.	0.
75911	-0.279	2.1e-002	0.	0.
75912	-0.28025	2.2e-002	0.	0.
75913	-0.27925	2.2e-002	0.	0.
75919	-0.277	2.1e-002	0.	0.
75920	-0.27825	2.2e-002	0.	0.
75921	-0.27725	2.2e-002	0.	0.
75927	-0.275	2.1e-002	0.	0.
75928	-0.27625	2.2e-002	0.	0.
75929	-0.27525	2.2e-002	0.	0.
75934	-0.273	2.1e-002	0.	0.
75935	-0.27425	2.2e-002	0.	0.
75936	-0.27325	2.2e-002	0.	0.
75941	-0.271	2.1e-002	0.	0.
75942	-0.27225	2.2e-002	0.	0.
75943	-0.27125	2.2e-002	0.	0.
75948	-0.269	2.1e-002	0.	0.
75949	-0.27025	2.2e-002	0.	0.
75950	-0.26925	2.2e-002	0.	0.
75953	-0.267	2.1e-002	0.	0.
75954	-0.26825	2.2e-002	0.	0.
75955	-0.26725	2.2e-002	0.	0.
75961	-0.265	2.1e-002	0.	0.
75962	-0.26625	2.2e-002	0.	0.
75963	-0.26525	2.2e-002	0.	0.
75966	-0.263	2.1e-002	0.	0.
75967	-0.26425	2.2e-002	0.	0.
75968	-0.26325	2.2e-002	0.	0.
75972	-0.261	2.1e-002	0.	0.
75973	-0.26225	2.2e-002	0.	0.
75974	-0.26125	2.2e-002	0.	0.
75981	-0.259	2.1e-002	0.	0.
75982	-0.26025	2.2e-002	0.	0.
75983	-0.25925	2.2e-002	0.	0.
75986	-0.257	2.1e-002	0.	0.
75987	-0.25825	2.2e-002	0.	0.
75988	-0.25725	2.2e-002	0.	0.
75994	-0.255	2.1e-002	0.	0.
75995	-0.25625	2.2e-002	0.	0.
75996	-0.25525	2.2e-002	0.	0.
76000	-0.253	2.1e-002	0.	0.
76001	-0.25425	2.2e-002	0.	0.
76002	-0.25325	2.2e-002	0.	0.
76007	-0.251	2.1e-002	0.	0.
76008	-0.25225	2.2e-002	0.	0.
76009	-0.25125	2.2e-002	0.	0.
76012	-0.249	2.1e-002	0.	0.
76013	-0.25025	2.2e-002	0.	0.
76014	-0.24925	2.2e-002	0.	0.
76020	-0.247	2.1e-002	0.	0.
76021	-0.24825	2.2e-002	0.	0.
76022	-0.24725	2.2e-002	0.	0.
76028	-0.245	2.1e-002	0.	0.
76029	-0.24625	2.2e-002	0.	0.
76030	-0.24525	2.2e-002	0.	0.
76035	-0.243	2.1e-002	0.	0.
76036	-0.24425	2.2e-002	0.	0.
76037	-0.24325	2.2e-002	0.	0.
76042	-0.241	2.1e-002	0.	0.
76043	-0.24225	2.2e-002	0.	0.
76044	-0.24125	2.2e-002	0.	0.
76050	-0.239	2.1e-002	0.	0.
76051	-0.24025	2.2e-002	0.	0.
76052	-0.23925	2.2e-002	0.	0.
76057	-0.237	2.1e-002	0.	0.
76058	-0.23825	2.2e-002	0.	0.
76059	-0.23725	2.2e-002	0.	0.
76063	-0.235	2.1e-002	0.	0.
76064	-0.23625	2.2e-002	0.	0.
76065	-0.23525	2.2e-002	0.	0.
76070	-0.233	2.1e-002	0.	0.
76071	-0.23425	2.2e-002	0.	0.
76072	-0.23325	2.2e-002	0.	0.
76077	-0.231	2.1e-002	0.	0.
76078	-0.23225	2.2e-002	0.	0.
76079	-0.23125	2.2e-002	0.	0.
76085	-0.229	2.1e-002	0.	0.
76086	-0.23025	2.2e-002	0.	0.
76087	-0.22925	2.2e-002	0.	0.
76092	-0.227	2.1e-002	0.	0.
76093	-0.22825	2.2e-002	0.	0.
76094	-0.22725	2.2e-002	0.	0.
76100	-0.225	2.1e-002	0.	0.
76101	-0.22625	2.2e-002	0.	0.
76102	-0.22525	2.2e-002	0.	0.
76106	-0.223	2.1e-002	0.	0.
76107	-0.22425	2.2e-002	0.	0.
76108	-0.22325	2.2e-002	0.	0.
76113	-0.221	2.1e-002	0.	0.
76114	-0.22225	2.2e-002	0.	0.
76115	-0.22125	2.2e-002	0.	0.
76119	-0.219	2.1e-002	0.	0.
76120	-0.22025	2.2e-002	0.	0.
76121	-0.21925	2.2e-002	0.	0.
76127	-0.217	2.1e-002	0.	0.
76128	-0.21825	2.2e-002	0.	0.
76129	-0.21725	2.2e-002	0.	0.
76135	-0.215	2.1e-002	0.	0.
76136	-0.21625	2.2e-002	0.	0.
76137	-0.21525	2.2e-002	0.	0.
76140	-0.213	2.1e-002	0.	0.
76141	-0.21425	2.2e-002	0.	0.
76142	-0.21325	2.2e-002	0.	0.
76148	-0.211	2.1e-002	0.	0.
76149	-0.21225	2.2e-002	0.	0.
76150	-0.21125	2.2e-002	0.	0.
76155	-0.209	2.1e-002	0.	0.
76156	-0.21025	2.2e-002	0.	0.
76157	-0.20925	2.2e-002	0.	0.
76162	-0.207	2.1e-002	0.	0.
76163	-0.20825	2.2e-002	0.	0.
76164	-0.20725	2.2e-002	0.	0.
76168	-0.205	2.1e-002	0.	0.
76169	-0.20625	2.2e-002	0.	0.
76170	-0.20525	2.2e-002	0.	0.
76173	-0.203	2.1e-002	0.	0.
76174	-0.20425	2.2e-002	0.	0.
76175	-0.20325	2.2e-002	0.	0.
76181	-0.201	2.1e-002	0.	0.
76182	-0.20225	2.2e-002	0.	0.
76183	-0.20125	2.2e-002	0.	0.
76189	-0.199	2.1e-002	0.	0.
76190	-0.20025	2.2e-002	0.	0.
76191	-0.19925	2.2e-002	0.	0.
76196	-0.197	2.1e-002	0.	0.
76197	-0.19825	2.2e-002	0.	0.
76198	-0.19725	2.2e-002	0.	0.
76203	-0.195	2.1e-002	0.	0.
76204	-0.19625	2.2e-002	0.	0.
76205	-0.19525	2.2e-002	0.	0.
76211	-0.193	2.1e-002	0.	0.
76212	-0.19425	2.2e-002	0.	0.
76213	-0.19325	2.2e-002	0.	0.
76219	-0.191	2.1e-002	0.	0.
76220	-0.19225	2.2e-002	0.	0.
76221	-0.19125	2.2e-002	0.	0.
76225	-0.189	2.1e-002	0.	0.
76226	-0.19025	2.2e-002	0.	0.
76227	-0.18925	2.2e-002	0.	0.
76231	-0.187	2.1e-002	0.	0.
76232	-0.18825	2.2e-002	0.	0.
76233	-0.18725	2.2e-002	0.	0.
76238	-0.185	2.1e-002	0.	0.
76239	-0.18625	2.2e-002	0.	0.
76240	-0.18525	2.2e-002	0.	0.
76245	-0.183	2.1e-002	0.	0.
76246	-0.18425	2.2e-002	0.	0.
76247	-0.18325	2.2e-002	0.	0.
76252	-0.181	2.1e-002	0.	0.
76253	-0.18225	2.2e-002	0.	0.
76254	-0.18125	2.2e-002	0.	0.
76260	-0.179	2.1e-002	0.	0.
76261	-0.18025	2.2e-002	0.	0.
76262	-0.17925	2.2e-002	0.	0.
76268	-0.177	2.1e-002	0.	0.
76269	-0.17825	2.2e-002	0.	0.
76270	-0.17725	2.2e-002	0.	0.
76275	-0.175	2.1e-002	0.	0.
76276	-0.17625	2.2e-002	0.	0.
76277	-0.17525	2.2e-002	0.	0.
76283	-0.173	2.1e-002	0.	0.
76284	-0.17425	2.2e-002	0.	0.
76285	-0.17325	2.2e-002	0.	0.
76291	-0.171	2.1e-002	0.	0.
76292	-0.17225	2.2e-002	0.	0.
76293	-0.17125	2.2e-002	0.	0.
76298	-0.169	2.1e-002	0.	0.
76299	-0.17025	2.2e-002	0.	0.
76300	-0.16925	2.2e-002	0.	0.
76304	-0.167	2.1e-002	0.	0.
76305	-0.16825	2.2e-002	0.	0.
76306	-0.16725	2.2e-002	0.	0.
76310	-0.165	2.1e-002	0.	0.
76311	-0.16625	2.2e-002	0.	0.
76312	-0.16525	2.2e-002	0.	0.
76316	-0.163	2.1e-002	0.	0.
76317	-0.16425	2.2e-002	0.	0.
76318	-0.16325	2.2e-002	0.	0.
76325	-0.161	2.1e-002	0.	0.
76326	-0.16225	2.2e-002	0.	0.
76327	-0.16125	2.2e-002	0.	0.
76332	-0.159	2.1e-002	0.	0.
76333	-0.16025	2.2e-002	0.	0.
76334	-0.15925	2.2e-002	0.	0.
76340	-0.157	2.1e-002	0.	0.
76341	-0.15825	2.2e-002	0.	0.
76342	-0.15725	2.2e-002	0.	0.
76346	-0.155	2.1e-002	0.	0.
76347	-0.15625	2.2e-002	0.	0.
76348	-0.15525	2.2e-002	0.	0.
76351	-0.153	2.1e-002	0.	0.
76352	-0.15425	2.2e-002	0.	0.
76353	-0.15325	2.2e-002	0.	0.
76360	-0.151	2.1e-002	0.	0.
76361	-0.15225	2.2e-002	0.	0.
76362	-0.15125	2.2e-002	0.	0.
76367	-0.149	2.1e-002	0.	0.
76368	-0.15025	2.2e-002	0.	0.
76369	-0.14925	2.2e-002	0.	0.
76376	-0.147	2.1e-002	0.	0.
76377	-0.14825	2.2e-002	0.	0.
76378	-0.14725	2.2e-002	0.	0.
76383	-0.145	2.1e-002	0.	0.
76384	-0.14625	2.2e-002	0.	0.
76385	-0.14525	2.2e-002	0.	0.
76389	-0.143	2.1e-002	0.	0.
76390	-0.14425	2.2e-002	0.	0.
76391	-0.14325	2.2e-002	0.	0.
76396	-0.141	2.1e-002	0.	0.
76397	-0.14225	2.2e-002	0.	0.
76398	-0.14125	2.2e-002	0.	0.
76404	-0.139	2.1e-002	0.	0.
76405	-0.14025	2.2e-002	0.	0.
76406	-0.13925	2.2e-002	0.	0.
76411	-0.137	2.1e-002	0.	0.
76412	-0.13825	2.2e-002	0.	0.
76413	-0.13725	2.2e-002	0.	0.
76418	-0.135	2.1e-002	0.	0.
76419	-0.13625	2.2e-002	0.	0.
76420	-0.13525	2.2e-002	0.	0.
76426	-0.133	2.1e-002	0.	0.
76427	-0.13425	2.2e-002	0.	0.
76428	-0.13325	2.2e-002	0.	0.
76431	-0.131	2.1e-002	0.	0.
76432	-0.13225	2.2e-002	0.	0.
76433	-0.13125	2.2e-002	0.	0.
76440	-0.129	2.1e-002	0.	0.
76441	-0.13025	2.2e-002	0.	0.
76442	-0.12925	2.2e-002	0.	0.
76448	-0.127	2.1e-002	0.	0.
76449	-0.12825	2.2e-002	0.	0.
76450	-0.12725	2.2e-002	0.	0.
76455	-0.125	2.1e-002	0.	0.
76456	-0.12625	2.2e-002	0.	0.
76457	-0.12525	2.2e-002	0.	0.
76462	-0.123	2.1e-002	0.	0.
76463	-0.12425	2.2e-002	0.	0.
76464	-0.12325	2.2e-002	0.	0.
76467	-0.121	2.1e-002	0.	0.
76468	-0.12225	2.2e-002	0.	0.
76469	-0.12125	2.2e-002	0.	0.
76475	-0.119	2.1e-002	0.	0.
76476	-0.12025	2.2e-002	0.	0.
76477	-0.11925	2.2e-002	0.	0.
76482	-0.117	2.1e-002	0.	0.
76483	-0.11825	2.2e-002	0.	0.
76484	-0.11725	2.2e-002	0.	0.
76489	-0.115	2.1e-002	0.	0.
76490	-0.11625	2.2e-002	0.	0.
76491	-0.11525	2.2e-002	0.	0.
76497	-0.113	2.1e-002	0.	0.
76498	-0.11425	2.2e-002	0.	0.
76499	-0.11325	2.2e-002	0.	0.
76504	-0.111	2.1e-002	0.	0.
76505	-0.11225	2.2e-002	0.	0.
76506	-0.11125	2.2e-002	0.	0.
76511	-0.109	2.1e-002	0.	0.
76512	-0.11025	2.2e-002	0.	0.
76513	-0.10925	2.2e-002	0.	0.
76520	-0.107	2.1e-002	0.	0.
76521	-0.10825	2.2e-002	0.	0.
76522	-0.10725	2.2e-002	0.	0.
76525	-0.105	2.1e-002	0.	0.
76526	-0.10625	2.2e-002	0.	0.
76527	-0.10525	2.2e-002	0.	0.
76532	-0.103	2.1e-002	0.	0.
76533	-0.10425	2.2e-002	0.	0.
76534	-0.10325	2.2e-002	0.	0.
76539	-0.101	2.1e-002	0.	0.
76540	-0.10225	2.2e-002	0.	0.
76541	-0.10125	2.2e-002	0.	0.
76544	-9.9e-002	2.1e-002	0.	0.
76545	-0.10025	2.2e-002	0.	0.
76546	-9.925e-002	2.2e-002	0.	0.
76551	-9.7e-002	2.1e-002	0.	0.
76552	-9.825e-002	2.2e-002	0.	0.
76553	-9.725e-002	2.2e-002	0.	0.
76560	-9.5e-002	2.1e-002	0.	0.
76561	-9.625e-002	2.2e-002	0.	0.
76562	-9.525e-002	2.2e-002	0.	0.
76567	-9.3e-002	2.1e-002	0.	0.
76568	-9.425e-002	2.2e-002	0.	0.
76569	-9.325e-002	2.2e-002	0.	0.
76575	-9.1e-002	2.1e-002	0.	0.
76576	-9.225e-002	2.2e-002	0.	0.
76577	-9.125e-002	2.2e-002	0.	0.
76582	-8.9e-002	2.1e-002	0.	0.
76583	-9.025e-002	2.2e-002	0.	0.
76584	-8.925e-002	2.2e-002	0.	0.
76591	-8.7e-002	2.1e-002	0.	0.
76592	-8.825e-002	2.2e-002	0.	0.
76593	-8.725e-002	2.2e-002	0.	0.
76599	-8.5e-002	2.1e-002	0.	0.
76600	-8.625e-002	2.2e-002	0.	0.
76601	-8.525e-002	2.2e-002	0.	0.
76607	-8.3e-002	2.1e-002	0.	0.
76608	-8.425e-002	2.2e-002	0.	0.
76609	-8.325e-002	2.2e-002	0.	0.
76616	-8.1e-002	2.1e-002	0.	0.
76617	-8.225e-002	2.2e-002	0.	0.
76618	-8.125e-002	2.2e-002	0.	0.
76622	-7.9e-002	2.1e-002	0.	0.
76623	-8.025e-002	2.2e-002	0.	0.
76624	-7.925e-002	2.2e-002	0.	0.
76628	-7.7e-002	2.1e-002	0.	0.
76629	-7.825e-002	2.2e-002	0.	0.
76630	-7.725e-002	2.2e-002	0.	0.
76635	-7.5e-002	2.1e-002	0.	0.
76636	-7.625e-002	2.2e-002	0.	0.
76637	-7.525e-002	2.2e-002	0.	0.
76642	-7.3e-002	2.1e-002	0.	0.
76643	-7.425e-002	2.2e-002	0.	0.
76644	-7.325e-002	2.2e-002	0.	0.
76647	-7.1e-002	2.1e-002	0.	0.
76648	-7.225e-002	2.2e-002	0.	0.
76649	-7.125e-002	2.2e-002	0.	0.
76654	-6.9e-002	2.1e-002	0.	0.
76655	-7.025e-002	2.2e-002	0.	0.
76656	-6.925e-002	2.2e-002	0.	0.
76663	-6.7e-002	2.1e-002	0.	0.
76664	-6.825e-002	2.2e-002	0.	0.
76665	-6.725e-002	2.2e-002	0.	0.
76669	-6.5e-002	2.1e-002	0.	0.
76670	-6.625e-002	2.2e-002	0.	0.
76671	-6.525e-002	2.2e-002	0.	0.
76678	-6.3e-002	2.1e-002	0.	0.
76679	-6.425e-002	2.2e-002	0.	0.
76680	-6.325e-002	2.2e-002	0.	0.
76686	-6.1e-002	2.1e-002	0.	0.
76687	-6.225e-002	2.2e-002	0.	0.
76688	-6.125e-002	2.2e-002	0.	0.
76693	-5.9e-002	2.1e-002	0.	0.
76694	-6.025e-002	2.2e-002	0.	0.
76695	-5.925e-002	2.2e-002	0.	0.
76700	-5.7e-002	2.1e-002	0.	0.
76701	-5.825e-002	2.2e-002	0.	0.
76702	-5.725e-002	2.2e-002	0.	0.
76705	-5.5e-002	2.1e-002	0.	0.
76706	-5.625e-002	2.2e-002	0.	0.
76707	-5.525e-002	2.2e-002	0.	0.
76713	-5.3e-002	2.1e-002	0.	0.
76714	-5.425e-002	2.2e-002	0.	0.
76715	-5.325e-002	2.2e-002	0.	0.
76720	-5.1e-002	2.1e-002	0.	0.
76721	-5.225e-002	2.2e-002	0.	0.
76722	-5.125e-002	2.2e-002	0.	0.
76728	-4.9e-002	2.1e-002	0.	0.
76729	-5.025e-002	2.2e-002	0.	0.
76730	-4.925e-002	2.2e-002	0.	0.
76737	-4.7e-002	2.1e-002	0.	0.
76738	-4.825e-002	2.2e-002	0.	0.
76739	-4.725e-002	2.2e-002	0.	0.
76743	-4.5e-002	2.1e-002	0.	0.
76744	-4.625e-002	2.2e-002	0.	0.
76745	-4.525e-002	2.2e-002	0.	0.
76751	-4.3e-002	2.1e-002	0.	0.
76752	-4.425e-002	2.2e-002	0.	0.
76753	-4.325e-002	2.2e-002	0.	0.
76758	-4.1e-002	2.1e-002	0.	0.
76759	-4.225e-002	2.2e-002	0.	0.
76760	-4.125e-002	2.2e-002	0.	0.
76767	-3.9e-002	2.1e-002	0.	0.
76768	-4.025e-002	2.2e-002	0.	0.
76769	-3.925e-002	2.2e-002	0.	0.
76772	-3.7e-002	2.1e-002	0.	0.
76773	-3.825e-002	2.2e-002	0.	0.
76774	-3.725e-002	2.2e-002	0.	0.
76781	-3.5e-002	2.1e-002	0.	0.
76782	-3.625e-002	2.2e-002	0.	0.
76783	-3.525e-002	2.2e-002	0.	0.
76786	-3.3e-002	2.1e-002	0.	0.
76787	-3.425e-002	2.2e-002	0.	0.
76788	-3.325e-002	2.2e-002	0.	0.
76793	-3.1e-002	2.1e-002	0.	0.
76794	-3.225e-002	2.2e-002	0.	0.
76795	-3.125e-002	2.2e-002	0.	0.
76798	-2.9e-002	2.1e-002	0.	0.
76799	-3.025e-002	2.2e-002	0.	0.
76800	-2.925e-002	2.2e-002	0.	0.
76805	-2.7e-002	2.1e-002	0.	0.
76806	-2.825e-002	2.2e-002	0.	0.
76807	-2.725e-002	2.2e-002	0.	0.
76812	-2.5e-002	2.1e-002	0.	0.
76813	-2.625e-002	2.2e-002	0.	0.
76814	-2.525e-002	2.2e-002	0.	0.
76820	-2.3e-002	2.1e-002	0.	0.
76821	-2.425e-002	2.2e-002	0.	0.
76822	-2.325e-002	2.2e-002	0.	0.
76828	-2.1e-002	2.1e-002	0.	0.
76829	-2.225e-002	2.2e-002	0.	0.
76830	-2.125e-002	2.2e-002	0.	0.
76833	-1.9e-002	2.1e-002	0.	0.
76834	-2.025e-002	2.2e-002	0.	0.
76835	-1.925e-002	2.2e-002	0.	0.
76841	-1.7e-002	2.1e-002	0.	0.
76842	-1.825e-002	2.2e-002	0.	0.
76843	-1.725e-002	2.2e-002	0.	0.
76848	-1.5e-002	2.1e-002	0.	0.
76849	-1.625e-002	2.2e-002	0.	0.
76850	-1.525e-002	2.2e-002	0.	0.
76856	-1.3e-002	2.1e-002	0.	0.
76857	-1.425e-002	2.2e-002	0.	0.
76858	-1.325e-002	2.2e-002	0.	0.
76861	-1.1e-002	2.1e-002	0.	0.
76862	-1.225e-002	2.2e-002	0.	0.
76863	-1.125e-002	2.2e-002	0.	0.
76869	-9.e-003	2.1e-002	0.	0.
76870	-1.025e-002	2.2e-002	0.	0.
76871	-9.25e-003	2.2e-002	0.	0.
76874	-7.e-003	2.1e-002	0.	0.
76875	-8.25e-003	2.2e-002	0.	0.
76876	-7.25e-003	2.2e-002	0.	0.
76881	-5.e-003	2.1e-002	0.	0.
76882	-6.25e-003	2.2e-002	0.	0.
76883	-5.25e-003	2.2e-002	0.	0.
76886	-3.e-003	2.1e-002	0.	0.
76887	-4.25e-003	2.2e-002	0.	0.
76888	-3.25e-003	2.2e-002	0.	0.
76894	-1.e-003	2.1e-002	0.	0.
76895	-2.25e-003	2.2e-002	0.	0.
76896	-1.25e-003	2.2e-002	0.	0.
76901	1.e-003	2.1e-002	0.	0.
76902	-2.5e-004	2.2e-002	0.	0.
76903	7.5e-004	2.2e-002	0.	0.
76909	3.e-003	2.1e-002	0.	0.
76910	1.75e-003	2.2e-002	0.	0.
76911	2.75e-003	2.2e-002	0.	0.
76916	5.e-003	2.1e-002	0.	0.
76917	3.75e-003	2.2e-002	0.	0.
76918	4.75e-003	2.2e-002	0.	0.
76924	7.e-003	2.1e-002	0.	0.
76925	5.75e-003	2.2e-002	0.	0.
76926	6.75e-003	2.2e-002	0.	0.
76931	9.e-003	2.1e-002	0.	0.
76932	7.75e-003	2.2e-002	0.	0.
76933	8.75e-003	2.2e-002	0.	0.
76938	1.1e-002	2.1e-002	0.	0.
76939	9.75e-003	2.2e-002	0.	0.
76940	1.075e-002	2.2e-002	0.	0.
76945	1.3e-002	2.1e-002	0.	0.
76946	1.175e-002	2.2e-002	0.	0.
76947	1.275e-002	2.2e-002	0.	0.
76953	1.5e-002	2.1e-002	0.	0.
76954	1.375e-002	2.2e-002	0.	0.
76955	1.475e-002	2.2e-002	0.	0.
76960	1.7e-002	2.1e-002	0.	0.
76961	1.575e-002	2.2e-002	0.	0.
76962	1.675e-002	2.2e-002	0.	0.
76968	1.9e-002	2.1e-002	0.	0.
76969	1.775e-002	2.2e-002	0.	0.
76970	1.875e-002	2.2e-002	0.	0.
76976	2.1e-002	2.1e-002	0.	0.
76977	1.975e-002	2.2e-002	0.	0.
76978	2.075e-002	2.2e-002	0.	0.
76983	2.3e-002	2.1e-002	0.	0.
76984	2.175e-002	2.2e-002	0.	0.
76985	2.275e-002	2.2e-002	0.	0.
76991	2.5e-002	2.1e-002	0.	0.
76992	2.375e-002	2.2e-002	0.	0.
76993	2.475e-002	2.2e-002	0.	0.
76998	2.7e-002	2.1e-002	0.	0.
76999	2.575e-002	2.2e-002	0.	0.
77000	2.675e-002	2.2e-002	0.	0.
77006	2.9e-002	2.1e-002	0.	0.
77007	2.775e-002	2.2e-002	0.	0.
77008	2.875e-002	2.2e-002	0.	0.
77012	3.1e-002	2.1e-002	0.	0.
77013	2.975e-002	2.2e-002	0.	0.
77014	3.075e-002	2.2e-002	0.	0.
77017	3.3e-002	2.1e-002	0.	0.
77018	3.175e-002	2.2e-002	0.	0.
77019	3.275e-002	2.2e-002	0.	0.
77025	3.5e-002	2.1e-002	0.	0.
77026	3.375e-002	2.2e-002	0.	0.
77027	3.475e-002	2.2e-002	0.	0.
77032	3.7e-002	2.1e-002	0.	0.
77033	3.575e-002	2.2e-002	0.	0.
77034	3.675e-002	2.2e-002	0.	0.
77040	3.9e-002	2.1e-002	0.	0.
77041	3.775e-002	2.2e-002	0.	0.
77042	3.875e-002	2.2e-002	0.	0.
77047	4.1e-002	2.1e-002	0.	0.
77048	3.975e-002	2.2e-002	0.	0.
77049	4.075e-002	2.2e-002	0.	0.
77056	4.3e-002	2.1e-002	0.	0.
77057	4.175e-002	2.2e-002	0.	0.
77058	4.275e-002	2.2e-002	0.	0.
77063	4.5e-002	2.1e-002	0.	0.
77064	4.375e-002	2.2e-002	0.	0.
77065	4.475e-002	2.2e-002	0.	0.
77071	4.7e-002	2.1e-002	0.	0.
77072	4.575e-002	2.2e-002	0.	0.
77073	4.675e-002	2.2e-002	0.	0.
77079	4.9e-002	2.1e-002	0.	0.
77080	4.775e-002	2.2e-002	0.	0.
77081	4.875e-002	2.2e-002	0.	0.
77087	5.1e-002	2.1e-002	0.	0.
77088	4.975e-002	2.2e-002	0.	0.
77089	5.075e-002	2.2e-002	0.	0.
77094	5.3e-002	2.1e-002	0.	0.
77095	5.175e-002	2.2e-002	0.	0.
77096	5.275e-002	2.2e-002	0.	0.
77099	5.5e-002	2.1e-002	0.	0.
77100	5.375e-002	2.2e-002	0.	0.
77101	5.475e-002	2.2e-002	0.	0.
77106	5.7e-002	2.1e-002	0.	0.
77107	5.575e-002	2.2e-002	0.	0.
77108	5.675e-002	2.2e-002	0.	0.
77113	5.9e-002	2.1e-002	0.	0.
77114	5.775e-002	2.2e-002	0.	0.
77115	5.875e-002	2.2e-002	0.	0.
77120	6.1e-002	2.1e-002	0.	0.
77121	5.975e-002	2.2e-002	0.	0.
77122	6.075e-002	2.2e-002	0.	0.
77128	6.3e-002	2.1e-002	0.	0.
77129	6.175e-002	2.2e-002	0.	0.
77130	6.275e-002	2.2e-002	0.	0.
77134	6.5e-002	2.1e-002	0.	0.
77135	6.375e-002	2.2e-002	0.	0.
77136	6.475e-002	2.2e-002	0.	0.
77141	6.7e-002	2.1e-002	0.	0.
77142	6.575e-002	2.2e-002	0.	0.
77143	6.675e-002	2.2e-002	0.	0.
77148	6.9e-002	2.1e-002	0.	0.
77149	6.775e-002	2.2e-002	0.	0.
77150	6.875e-002	2.2e-002	0.	0.
77155	7.1e-002	2.1e-002	0.	0.
77156	6.975e-002	2.2e-002	0.	0.
77157	7.075e-002	2.2e-002	0.	0.
77160	7.3e-002	2.1e-002	0.	0.
77161	7.175e-002	2.2e-002	0.	0.
77162	7.275e-002	2.2e-002	0.	0.
77168	7.5e-002	2.1e-002	0.	0.
77169	7.375e-002	2.2e-002	0.	0.
77170	7.475e-002	2.2e-002	0.	0.
77173	7.7e-002	2.1e-002	0.	0.
77174	7.575e-002	2.2e-002	0.	0.
77175	7.675e-002	2.2e-002	0.	0.
77181	7.9e-002	2.1e-002	0.	0.
77182	7.775e-002	2.2e-002	0.	0.
77183	7.875e-002	2.2e-002	0.	0.
77186	8.1e-002	2.1e-002	0.	0.
77187	7.975e-002	2.2e-002	0.	0.
77188	8.075e-002	2.2e-002	0.	0.
77195	8.3e-002	2.1e-002	0.	0.
77196	8.175e-002	2.2e-002	0.	0.
77197	8.275e-002	2.2e-002	0.	0.
77202	8.5e-002	2.1e-002	0.	0.
77203	8.375e-002	2.2e-002	0.	0.
77204	8.475e-002	2.2e-002	0.	0.
77211	8.7e-002	2.1e-002	0.	0.
77212	8.575e-002	2.2e-002	0.	0.
77213	8.675e-002	2.2e-002	0.	0.
77218	8.9e-002	2.1e-002	0.	0.
77219	8.775e-002	2.2e-002	0.	0.
77220	8.875e-002	2.2e-002	0.	0.
77225	9.1e-002	2.1e-002	0.	0.
77226	8.975e-002	2.2e-002	0.	0.
77227	9.075e-002	2.2e-002	0.	0.
77232	9.3e-002	2.1e-002	0.	0.
77233	9.175e-002	2.2e-002	0.	0.
77234	9.275e-002	2.2e-002	0.	0.
77241	9.5e-002	2.1e-002	0.	0.
77242	9.375e-002	2.2e-002	0.	0.
77243	9.475e-002	2.2e-002	0.	0.
77248	9.7e-002	2.1e-002	0.	0.
77249	9.575e-002	2.2e-002	0.	0.
77250	9.675e-002	2.2e-002	0.	0.
77256	9.9e-002	2.1e-002	0.	0.
77257	9.775e-002	2.2e-002	0.	0.
77258	9.875e-002	2.2e-002	0.	0.
77263	0.101	2.1e-002	0.	0.
77264	9.975e-002	2.2e-002	0.	0.
77265	0.10075	2.2e-002	0.	0.
77268	0.103	2.1e-002	0.	0.
77269	0.10175	2.2e-002	0.	0.
77270	0.10275	2.2e-002	0.	0.
77276	0.105	2.1e-002	0.	0.
77277	0.10375	2.2e-002	0.	0.
77278	0.10475	2.2e-002	0.	0.
77284	0.107	2.1e-002	0.	0.
77285	0.10575	2.2e-002	0.	0.
77286	0.10675	2.2e-002	0.	0.
77293	0.109	2.1e-002	0.	0.
77294	0.10775	2.2e-002	0.	0.
77295	0.10875	2.2e-002	0.	0.
77299	0.111	2.1e-002	0.	0.
77300	0.10975	2.2e-002	0.	0.
77301	0.11075	2.2e-002	0.	0.
77304	0.113	2.1e-002	0.	0.
77305	0.11175	2.2e-002	0.	0.
77306	0.11275	2.2e-002	0.	0.
77312	0.115	2.1e-002	0.	0.
77313	0.11375	2.2e-002	0.	0.
77314	0.11475	2.2e-002	0.	0.
77319	0.117	2.1e-002	0.	0.
77320	0.11575	2.2e-002	0.	0.
77321	0.11675	2.2e-002	0.	0.
77327	0.119	2.1e-002	0.	0.
77328	0.11775	2.2e-002	0.	0.
77329	0.11875	2.2e-002	0.	0.
77333	0.121	2.1e-002	0.	0.
77334	0.11975	2.2e-002	0.	0.
77335	0.12075	2.2e-002	0.	0.
77341	0.123	2.1e-002	0.	0.
77342	0.12175	2.2e-002	0.	0.
77343	0.12275	2.2e-002	0.	0.
77348	0.125	2.1e-002	0.	0.
77349	0.12375	2.2e-002	0.	0.
77350	0.12475	2.2e-002	0.	0.
77355	0.127	2.1e-002	0.	0.
77356	0.12575	2.2e-002	0.	0.
77357	0.12675	2.2e-002	0.	0.
77361	0.129	2.1e-002	0.	0.
77362	0.12775	2.2e-002	0.	0.
77363	0.12875	2.2e-002	0.	0.
77367	0.131	2.1e-002	0.	0.
77368	0.12975	2.2e-002	0.	0.
77369	0.13075	2.2e-002	0.	0.
77374	0.133	2.1e-002	0.	0.
77375	0.13175	2.2e-002	0.	0.
77376	0.13275	2.2e-002	0.	0.
77383	0.135	2.1e-002	0.	0.
77384	0.13375	2.2e-002	0.	0.
77385	0.13475	2.2e-002	0.	0.
77390	0.137	2.1e-002	0.	0.
77391	0.13575	2.2e-002	0.	0.
77392	0.13675	2.2e-002	0.	0.
77398	0.139	2.1e-002	0.	0.
77399	0.13775	2.2e-002	0.	0.
77400	0.13875	2.2e-002	0.	0.
77406	0.141	2.1e-002	0.	0.
77407	0.13975	2.2e-002	0.	0.
77408	0.14075	2.2e-002	0.	0.
77412	0.143	2.1e-002	0.	0.
77413	0.14175	2.2e-002	0.	0.
77414	0.14275	2.2e-002	0.	0.
77419	0.145	2.1e-002	0.	0.
77420	0.14375	2.2e-002	0.	0.
77421	0.14475	2.2e-002	0.	0.
77427	0.147	2.1e-002	0.	0.
77428	0.14575	2.2e-002	0.	0.
77429	0.14675	2.2e-002	0.	0.
77434	0.149	2.1e-002	0.	0.
77435	0.14775	2.2e-002	0.	0.
77436	0.14875	2.2e-002	0.	0.
77442	0.151	2.1e-002	0.	0.
77443	0.14975	2.2e-002	0.	0.
77444	0.15075	2.2e-002	0.	0.
77449	0.153	2.1e-002	0.	0.
77450	0.15175	2.2e-002	0.	0.
77451	0.15275	2.2e-002	0.	0.
77454	0.155	2.1e-002	0.	0.
77455	0.15375	2.2e-002	0.	0.
77456	0.15475	2.2e-002	0.	0.
77463	0.157	2.1e-002	0.	0.
77464	0.15575	2.2e-002	0.	0.
77465	0.15675	2.2e-002	0.	0.
77470	0.159	2.1e-002	0.	0.
77471	0.15775	2.2e-002	0.	0.
77472	0.15875	2.2e-002	0.	0.
77478	0.161	2.1e-002	0.	0.
77479	0.15975	2.2e-002	0.	0.
77480	0.16075	2.2e-002	0.	0.
77485	0.163	2.1e-002	0.	0.
77486	0.16175	2.2e-002	0.	0.
77487	0.16275	2.2e-002	0.	0.
77490	0.165	2.1e-002	0.	0.
77491	0.16375	2.2e-002	0.	0.
77492	0.16475	2.2e-002	0.	0.
77498	0.167	2.1e-002	0.	0.
77499	0.16575	2.2e-002	0.	0.
77500	0.16675	2.2e-002	0.	0.
77504	0.169	2.1e-002	0.	0.
77505	0.16775	2.2e-002	0.	0.
77506	0.16875	2.2e-002	0.	0.
77509	0.171	2.1e-002	0.	0.
77510	0.16975	2.2e-002	0.	0.
77511	0.17075	2.2e-002	0.	0.
77517	0.173	2.1e-002	0.	0.
77518	0.17175	2.2e-002	0.	0.
77519	0.17275	2.2e-002	0.	0.
77525	0.175	2.1e-002	0.	0.
77526	0.17375	2.2e-002	0.	0.
77527	0.17475	2.2e-002	0.	0.
77534	0.177	2.1e-002	0.	0.
77535	0.17575	2.2e-002	0.	0.
77536	0.17675	2.2e-002	0.	0.
77542	0.179	2.1e-002	0.	0.
77543	0.17775	2.2e-002	0.	0.
77544	0.17875	2.2e-002	0.	0.
77549	0.181	2.1e-002	0.	0.
77550	0.17975	2.2e-002	0.	0.
77551	0.18075	2.2e-002	0.	0.
77557	0.183	2.1e-002	0.	0.
77558	0.18175	2.2e-002	0.	0.
77559	0.18275	2.2e-002	0.	0.
77563	0.185	2.1e-002	0.	0.
77564	0.18375	2.2e-002	0.	0.
77565	0.18475	2.2e-002	0.	0.
77570	0.187	2.1e-002	0.	0.
77571	0.18575	2.2e-002	0.	0.
77572	0.18675	2.2e-002	0.	0.
77578	0.189	2.1e-002	0.	0.
77579	0.18775	2.2e-002	0.	0.
77580	0.18875	2.2e-002	0.	0.
77585	0.191	2.1e-002	0.	0.
77586	0.18975	2.2e-002	0.	0.
77587	0.19075	2.2e-002	0.	0.
77593	0.193	2.1e-002	0.	0.
77594	0.19175	2.2e-002	0.	0.
77595	0.19275	2.2e-002	0.	0.
77600	0.195	2.1e-002	0.	0.
77601	0.19375	2.2e-002	0.	0.
77602	0.19475	2.2e-002	0.	0.
77608	0.197	2.1e-002	0.	0.
77609	0.19575	2.2e-002	0.	0.
77610	0.19675	2.2e-002	0.	0.
77613	0.199	2.1e-002	0.	0.
77614	0.19775	2.2e-002	0.	0.
77615	0.19875	2.2e-002	0.	0.
77622	0.201	2.1e-002	0.	0.
77623	0.19975	2.2e-002	0.	0.
77624	0.20075	2.2e-002	0.	0.
77628	0.203	2.1e-002	0.	0.
77629	0.20175	2.2e-002	0.	0.
77630	0.20275	2.2e-002	0.	0.
77636	0.205	2.1e-002	0.	0.
77637	0.20375	2.2e-002	0.	0.
77638	0.20475	2.2e-002	0.	0.
77643	0.207	2.1e-002	0.	0.
77644	0.20575	2.2e-002	0.	0.
77645	0.20675	2.2e-002	0.	0.
77648	0.209	2.1e-002	0.	0.
77649	0.20775	2.2e-002	0.	0.
77650	0.20875	2.2e-002	0.	0.
77657	0.211	2.1e-002	0.	0.
77658	0.20975	2.2e-002	0.	0.
77659	0.21075	2.2e-002	0.	0.
77664	0.213	2.1e-002	0.	0.
77665	0.21175	2.2e-002	0.	0.
77666	0.21275	2.2e-002	0.	0.
77670	0.215	2.1e-002	0.	0.
77671	0.21375	2.2e-002	0.	0.
77672	0.21475	2.2e-002	0.	0.
77680	0.217	2.1e-002	0.	0.
77681	0.21575	2.2e-002	0.	0.
77682	0.21675	2.2e-002	0.	0.
77687	0.219	2.1e-002	0.	0.
77688	0.21775	2.2e-002	0.	0.
77689	0.21875	2.2e-002	0.	0.
77692	0.221	2.1e-002	0.	0.
77693	0.21975	2.2e-002	0.	0.
77694	0.22075	2.2e-002	0.	0.
77699	0.223	2.1e-002	0.	0.
77700	0.22175	2.2e-002	0.	0.
77701	0.22275	2.2e-002	0.	0.
77704	0.225	2.1e-002	0.	0.
77705	0.22375	2.2e-002	0.	0.
77706	0.22475	2.2e-002	0.	0.
77712	0.227	2.1e-002	0.	0.
77713	0.22575	2.2e-002	0.	0.
77714	0.22675	2.2e-002	0.	0.
77717	0.229	2.1e-002	0.	0.
77718	0.22775	2.2e-002	0.	0.
77719	0.22875	2.2e-002	0.	0.
77725	0.231	2.1e-002	0.	0.
77726	0.22975	2.2e-002	0.	0.
77727	0.23075	2.2e-002	0.	0.
77732	0.233	2.1e-002	0.	0.
77733	0.23175	2.2e-002	0.	0.
77734	0.23275	2.2e-002	0.	0.
77740	0.235	2.1e-002	0.	0.
77741	0.23375	2.2e-002	0.	0.
77742	0.23475	2.2e-002	0.	0.
77747	0.237	2.1e-002	0.	0.
77748	0.23575	2.2e-002	0.	0.
77749	0.23675	2.2e-002	0.	0.
77753	0.239	2.1e-002	0.	0.
77754	0.23775	2.2e-002	0.	0.
77755	0.23875	2.2e-002	0.	0.
77760	0.241	2.1e-002	0.	0.
77761	0.23975	2.2e-002	0.	0.
77762	0.24075	2.2e-002	0.	0.
77767	0.243	2.1e-002	0.	0.
77768	0.24175	2.2e-002	0.	0.
77769	0.24275	2.2e-002	0.	0.
77774	0.245	2.1e-002	0.	0.
77775	0.24375	2.2e-002	0.	0.
77776	0.24475	2.2e-002	0.	0.
77783	0.247	2.1e-002	0.	0.
77784	0.24575	2.2e-002	0.	0.
77785	0.24675	2.2e-002	0.	0.
77790	0.249	2.1e-002	0.	0.
77791	0.24775	2.2e-002	0.	0.
77792	0.24875	2.2e-002	0.	0.
77799	0.251	2.1e-002	0.	0.
77800	0.24975	2.2e-002	0.	0.
77801	0.25075	2.2e-002	0.	0.
77806	0.253	2.1e-002	0.	0.
77807	0.25175	2.2e-002	0.	0.
77808	0.25275	2.2e-002	0.	0.
77814	0.255	2.1e-002	0.	0.
77815	0.25375	2.2e-002	0.	0.
77816	0.25475	2.2e-002	0.	0.
77819	0.257	2.1e-002	0.	0.
77820	0.25575	2.2e-002	0.	0.
77821	0.25675	2.2e-002	0.	0.
77827	0.259	2.1e-002	0.	0.
77828	0.25775	2.2e-002	0.	0.
77829	0.25875	2.2e-002	0.	0.
77834	0.261	2.1e-002	0.	0.
77835	0.25975	2.2e-002	0.	0.
77836	0.26075	2.2e-002	0.	0.
77842	0.263	2.1e-002	0.	0.
77843	0.26175	2.2e-002	0.	0.
77844	0.26275	2.2e-002	0.	0.
77850	0.265	2.1e-002	0.	0.
77851	0.26375	2.2e-002	0.	0.
77852	0.26475	2.2e-002	0.	0.
77856	0.267	2.1e-002	0.	0.
77857	0.26575	2.2e-002	0.	0.
77858	0.26675	2.2e-002	0.	0.
77864	0.269	2.1e-002	0.	0.
77865	0.26775	2.2e-002	0.	0.
77866	0.26875	2.2e-002	0.	0.
77870	0.271	2.1e-002	0.	0.
77871	0.26975	2.2e-002	0.	0.
77872	0.27075	2.2e-002	0.	0.
77876	0.273	2.1e-002	0.	0.
77877	0.27175	2.2e-002	0.	0.
77878	0.27275	2.2e-002	0.	0.
77881	0.275	2.1e-002	0.	0.
77882	0.27375	2.2e-002	0.	0.
77883	0.27475	2.2e-002	0.	0.
77889	0.277	2.1e-002	0.	0.
77890	0.27575	2.2e-002	0.	0.
77891	0.27675	2.2e-002	0.	0.
77896	0.279	2.1e-002	0.	0.
77897	0.27775	2.2e-002	0.	0.
77898	0.27875	2.2e-002	0.	0.
77901	0.281	2.1e-002	0.	0.
77902	0.27975	2.2e-002	0.	0.
77903	0.28075	2.2e-002	0.	0.
77910	0.283	2.1e-002	0.	0.
77911	0.28175	2.2e-002	0.	0.
77912	0.28275	2.2e-002	0.	0.
77916	0.285	2.1e-002	0.	0.
77917	0.28375	2.2e-002	0.	0.
77918	0.28475	2.2e-002	0.	0.
77924	0.287	2.1e-002	0.	0.
77925	0.28575	2.2e-002	0.	0.
77926	0.28675	2.2e-002	0.	0.
77931	0.289	2.1e-002	0.	0.
77932	0.28775	2.2e-002	0.	0.
77933	0.28875	2.2e-002	0.	0.
77938	0.291	2.1e-002	0.	0.
77939	0.28975	2.2e-002	0.	0.
77940	0.29075	2.2e-002	0.	0.
77947	0.293	2.1e-002	0.	0.
77948	0.29175	2.2e-002	0.	0.
77949	0.29275	2.2e-002	0.	0.
77954	0.295	2.1e-002	0.	0.
77955	0.29375	2.2e-002	0.	0.
77956	0.29475	2.2e-002	0.	0.
77961	0.297	2.1e-002	0.	0.
77962	0.29575	2.2e-002	0.	0.
77963	0.29675	2.2e-002	0.	0.
77970	0.29775	2.2e-002	0.	0.
77971	0.29877	2.194e-002	0.	0.
77976	0.3	-2.e-002	0.	0.
77977	0.299	-2.1e-002	0.	0.
77978	0.30108	-2.076e-002	0.	0.
77979	0.29925	-2.2e-002	0.	0.
77980	0.30014	-2.2104e-002	0.	0.
77981	0.30104	-2.188e-002	0.	0.
77985	0.3	1.8e-002	0.	0.
77986	0.30116	1.9894e-002	0.	0.
77987	0.30085	1.8416e-002	0.	0.
77988	0.30134	1.9082e-002	0.	0.
77993	0.3	1.6e-002	0.	0.
77994	0.30085	1.7416e-002	0.	0.
77995	0.30064	1.642e-002	0.	0.
77999	0.3	1.4e-002	0.	0.
78000	0.30064	1.542e-002	0.	0.
78001	0.30054	1.456e-002	0.	0.
78004	0.3	1.2e-002	0.	0.
78005	0.301	1.2891e-002	0.	0.
78006	0.30054	1.356e-002	0.	0.
78012	0.3	1.e-002	0.	0.
78013	0.30094	1.07e-002	0.	0.
78014	0.301	1.1891e-002	0.	0.
78018	0.3	8.e-003	0.	0.
78019	0.30094	9.7001e-003	0.	0.
78020	0.30106	8.6289e-003	0.	0.
78025	0.3	6.e-003	0.	0.
78026	0.30108	6.5417e-003	0.	0.
78027	0.30106	7.6289e-003	0.	0.
78034	0.3	4.e-003	0.	0.
78035	0.30108	5.5417e-003	0.	0.
78036	0.30108	4.7708e-003	0.	0.
78041	0.3	2.e-003	0.	0.
78042	0.30108	3.7708e-003	0.	0.
78043	0.30108	2.25e-003	0.	0.
78049	0.3	8.6736e-019	0.	0.
78050	0.30108	3.8021e-004	0.	0.
78051	0.30108	1.25e-003	0.	0.
78055	0.3	-2.e-003	0.	0.
78056	0.30108	-6.1979e-004	0.	0.
78057	0.30119	-1.7368e-003	0.	0.
78062	0.3	-4.e-003	0.	0.
78063	0.30119	-2.7368e-003	0.	0.
78064	0.30115	-3.7031e-003	0.	0.
78070	0.3	-6.e-003	0.	0.
78071	0.30117	-5.646e-003	0.	0.
78072	0.30115	-4.7031e-003	0.	0.
78077	0.3	-8.e-003	0.	0.
78078	0.30117	-6.646e-003	0.	0.
78079	0.30116	-7.6211e-003	0.	0.
78085	0.3	-1.e-002	0.	0.
78086	0.3011	-9.7109e-003	0.	0.
78087	0.30116	-8.6211e-003	0.	0.
78090	0.3	-1.2e-002	0.	0.
78091	0.3011	-1.0711e-002	0.	0.
78092	0.30062	-1.146e-002	0.	0.
78097	0.3	-1.4e-002	0.	0.
78098	0.301	-1.3391e-002	0.	0.
78099	0.30062	-1.246e-002	0.	0.
78105	0.3	-1.6e-002	0.	0.
78106	0.301	-1.4391e-002	0.	0.
78107	0.30097	-1.5381e-002	0.	0.
78114	0.3	-1.8e-002	0.	0.
78115	0.30105	-1.7501e-002	0.	0.
78116	0.30097	-1.6381e-002	0.	0.
78122	0.30105	-1.8501e-002	0.	0.
78123	0.30108	-1.976e-002	0.	0.
78128	0.297	-2.1e-002	0.	0.
78129	0.29725	-2.2e-002	0.	0.
78130	0.29825	-2.2e-002	0.	0.
78133	0.295	-2.1e-002	0.	0.
78134	0.29525	-2.2e-002	0.	0.
78135	0.29625	-2.2e-002	0.	0.
78141	0.293	-2.1e-002	0.	0.
78142	0.29325	-2.2e-002	0.	0.
78143	0.29425	-2.2e-002	0.	0.
78148	0.291	-2.1e-002	0.	0.
78149	0.29125	-2.2e-002	0.	0.
78150	0.29225	-2.2e-002	0.	0.
78153	0.289	-2.1e-002	0.	0.
78154	0.28925	-2.2e-002	0.	0.
78155	0.29025	-2.2e-002	0.	0.
78162	0.287	-2.1e-002	0.	0.
78163	0.28725	-2.2e-002	0.	0.
78164	0.28825	-2.2e-002	0.	0.
78169	0.285	-2.1e-002	0.	0.
78170	0.28525	-2.2e-002	0.	0.
78171	0.28625	-2.2e-002	0.	0.
78176	0.283	-2.1e-002	0.	0.
78177	0.28325	-2.2e-002	0.	0.
78178	0.28425	-2.2e-002	0.	0.
78184	0.281	-2.1e-002	0.	0.
78185	0.28125	-2.2e-002	0.	0.
78186	0.28225	-2.2e-002	0.	0.
78191	0.279	-2.1e-002	0.	0.
78192	0.27925	-2.2e-002	0.	0.
78193	0.28025	-2.2e-002	0.	0.
78199	0.277	-2.1e-002	0.	0.
78200	0.27725	-2.2e-002	0.	0.
78201	0.27825	-2.2e-002	0.	0.
78204	0.275	-2.1e-002	0.	0.
78205	0.27525	-2.2e-002	0.	0.
78206	0.27625	-2.2e-002	0.	0.
78212	0.273	-2.1e-002	0.	0.
78213	0.27325	-2.2e-002	0.	0.
78214	0.27425	-2.2e-002	0.	0.
78219	0.271	-2.1e-002	0.	0.
78220	0.27125	-2.2e-002	0.	0.
78221	0.27225	-2.2e-002	0.	0.
78226	0.269	-2.1e-002	0.	0.
78227	0.26925	-2.2e-002	0.	0.
78228	0.27025	-2.2e-002	0.	0.
78233	0.267	-2.1e-002	0.	0.
78234	0.26725	-2.2e-002	0.	0.
78235	0.26825	-2.2e-002	0.	0.
78239	0.265	-2.1e-002	0.	0.
78240	0.26525	-2.2e-002	0.	0.
78241	0.26625	-2.2e-002	0.	0.
78246	0.263	-2.1e-002	0.	0.
78247	0.26325	-2.2e-002	0.	0.
78248	0.26425	-2.2e-002	0.	0.
78254	0.261	-2.1e-002	0.	0.
78255	0.26125	-2.2e-002	0.	0.
78256	0.26225	-2.2e-002	0.	0.
78261	0.259	-2.1e-002	0.	0.
78262	0.25925	-2.2e-002	0.	0.
78263	0.26025	-2.2e-002	0.	0.
78268	0.257	-2.1e-002	0.	0.
78269	0.25725	-2.2e-002	0.	0.
78270	0.25825	-2.2e-002	0.	0.
78274	0.255	-2.1e-002	0.	0.
78275	0.25525	-2.2e-002	0.	0.
78276	0.25625	-2.2e-002	0.	0.
78282	0.253	-2.1e-002	0.	0.
78283	0.25325	-2.2e-002	0.	0.
78284	0.25425	-2.2e-002	0.	0.
78289	0.251	-2.1e-002	0.	0.
78290	0.25125	-2.2e-002	0.	0.
78291	0.25225	-2.2e-002	0.	0.
78296	0.249	-2.1e-002	0.	0.
78297	0.24925	-2.2e-002	0.	0.
78298	0.25025	-2.2e-002	0.	0.
78302	0.247	-2.1e-002	0.	0.
78303	0.24725	-2.2e-002	0.	0.
78304	0.24825	-2.2e-002	0.	0.
78311	0.245	-2.1e-002	0.	0.
78312	0.24525	-2.2e-002	0.	0.
78313	0.24625	-2.2e-002	0.	0.
78316	0.243	-2.1e-002	0.	0.
78317	0.24325	-2.2e-002	0.	0.
78318	0.24425	-2.2e-002	0.	0.
78322	0.241	-2.1e-002	0.	0.
78323	0.24125	-2.2e-002	0.	0.
78324	0.24225	-2.2e-002	0.	0.
78328	0.239	-2.1e-002	0.	0.
78329	0.23925	-2.2e-002	0.	0.
78330	0.24025	-2.2e-002	0.	0.
78335	0.237	-2.1e-002	0.	0.
78336	0.23725	-2.2e-002	0.	0.
78337	0.23825	-2.2e-002	0.	0.
78343	0.235	-2.1e-002	0.	0.
78344	0.23525	-2.2e-002	0.	0.
78345	0.23625	-2.2e-002	0.	0.
78350	0.233	-2.1e-002	0.	0.
78351	0.23325	-2.2e-002	0.	0.
78352	0.23425	-2.2e-002	0.	0.
78357	0.231	-2.1e-002	0.	0.
78358	0.23125	-2.2e-002	0.	0.
78359	0.23225	-2.2e-002	0.	0.
78365	0.229	-2.1e-002	0.	0.
78366	0.22925	-2.2e-002	0.	0.
78367	0.23025	-2.2e-002	0.	0.
78370	0.227	-2.1e-002	0.	0.
78371	0.22725	-2.2e-002	0.	0.
78372	0.22825	-2.2e-002	0.	0.
78378	0.225	-2.1e-002	0.	0.
78379	0.22525	-2.2e-002	0.	0.
78380	0.22625	-2.2e-002	0.	0.
78383	0.223	-2.1e-002	0.	0.
78384	0.22325	-2.2e-002	0.	0.
78385	0.22425	-2.2e-002	0.	0.
78391	0.221	-2.1e-002	0.	0.
78392	0.22125	-2.2e-002	0.	0.
78393	0.22225	-2.2e-002	0.	0.
78398	0.219	-2.1e-002	0.	0.
78399	0.21925	-2.2e-002	0.	0.
78400	0.22025	-2.2e-002	0.	0.
78405	0.217	-2.1e-002	0.	0.
78406	0.21725	-2.2e-002	0.	0.
78407	0.21825	-2.2e-002	0.	0.
78413	0.215	-2.1e-002	0.	0.
78414	0.21525	-2.2e-002	0.	0.
78415	0.21625	-2.2e-002	0.	0.
78421	0.213	-2.1e-002	0.	0.
78422	0.21325	-2.2e-002	0.	0.
78423	0.21425	-2.2e-002	0.	0.
78428	0.211	-2.1e-002	0.	0.
78429	0.21125	-2.2e-002	0.	0.
78430	0.21225	-2.2e-002	0.	0.
78435	0.209	-2.1e-002	0.	0.
78436	0.20925	-2.2e-002	0.	0.
78437	0.21025	-2.2e-002	0.	0.
78444	0.207	-2.1e-002	0.	0.
78445	0.20725	-2.2e-002	0.	0.
78446	0.20825	-2.2e-002	0.	0.
78451	0.205	-2.1e-002	0.	0.
78452	0.20525	-2.2e-002	0.	0.
78453	0.20625	-2.2e-002	0.	0.
78456	0.203	-2.1e-002	0.	0.
78457	0.20325	-2.2e-002	0.	0.
78458	0.20425	-2.2e-002	0.	0.
78465	0.201	-2.1e-002	0.	0.
78466	0.20125	-2.2e-002	0.	0.
78467	0.20225	-2.2e-002	0.	0.
78473	0.199	-2.1e-002	0.	0.
78474	0.19925	-2.2e-002	0.	0.
78475	0.20025	-2.2e-002	0.	0.
78480	0.197	-2.1e-002	0.	0.
78481	0.19725	-2.2e-002	0.	0.
78482	0.19825	-2.2e-002	0.	0.
78489	0.195	-2.1e-002	0.	0.
78490	0.19525	-2.2e-002	0.	0.
78491	0.19625	-2.2e-002	0.	0.
78494	0.193	-2.1e-002	0.	0.
78495	0.19325	-2.2e-002	0.	0.
78496	0.19425	-2.2e-002	0.	0.
78502	0.191	-2.1e-002	0.	0.
78503	0.19125	-2.2e-002	0.	0.
78504	0.19225	-2.2e-002	0.	0.
78508	0.189	-2.1e-002	0.	0.
78509	0.18925	-2.2e-002	0.	0.
78510	0.19025	-2.2e-002	0.	0.
78513	0.187	-2.1e-002	0.	0.
78514	0.18725	-2.2e-002	0.	0.
78515	0.18825	-2.2e-002	0.	0.
78522	0.185	-2.1e-002	0.	0.
78523	0.18525	-2.2e-002	0.	0.
78524	0.18625	-2.2e-002	0.	0.
78529	0.183	-2.1e-002	0.	0.
78530	0.18325	-2.2e-002	0.	0.
78531	0.18425	-2.2e-002	0.	0.
78537	0.181	-2.1e-002	0.	0.
78538	0.18125	-2.2e-002	0.	0.
78539	0.18225	-2.2e-002	0.	0.
78544	0.179	-2.1e-002	0.	0.
78545	0.17925	-2.2e-002	0.	0.
78546	0.18025	-2.2e-002	0.	0.
78551	0.177	-2.1e-002	0.	0.
78552	0.17725	-2.2e-002	0.	0.
78553	0.17825	-2.2e-002	0.	0.
78556	0.175	-2.1e-002	0.	0.
78557	0.17525	-2.2e-002	0.	0.
78558	0.17625	-2.2e-002	0.	0.
78565	0.173	-2.1e-002	0.	0.
78566	0.17325	-2.2e-002	0.	0.
78567	0.17425	-2.2e-002	0.	0.
78572	0.171	-2.1e-002	0.	0.
78573	0.17125	-2.2e-002	0.	0.
78574	0.17225	-2.2e-002	0.	0.
78580	0.169	-2.1e-002	0.	0.
78581	0.16925	-2.2e-002	0.	0.
78582	0.17025	-2.2e-002	0.	0.
78588	0.167	-2.1e-002	0.	0.
78589	0.16725	-2.2e-002	0.	0.
78590	0.16825	-2.2e-002	0.	0.
78595	0.165	-2.1e-002	0.	0.
78596	0.16525	-2.2e-002	0.	0.
78597	0.16625	-2.2e-002	0.	0.
78603	0.163	-2.1e-002	0.	0.
78604	0.16325	-2.2e-002	0.	0.
78605	0.16425	-2.2e-002	0.	0.
78610	0.161	-2.1e-002	0.	0.
78611	0.16125	-2.2e-002	0.	0.
78612	0.16225	-2.2e-002	0.	0.
78618	0.159	-2.1e-002	0.	0.
78619	0.15925	-2.2e-002	0.	0.
78620	0.16025	-2.2e-002	0.	0.
78625	0.157	-2.1e-002	0.	0.
78626	0.15725	-2.2e-002	0.	0.
78627	0.15825	-2.2e-002	0.	0.
78632	0.155	-2.1e-002	0.	0.
78633	0.15525	-2.2e-002	0.	0.
78634	0.15625	-2.2e-002	0.	0.
78640	0.153	-2.1e-002	0.	0.
78641	0.15325	-2.2e-002	0.	0.
78642	0.15425	-2.2e-002	0.	0.
78648	0.151	-2.1e-002	0.	0.
78649	0.15125	-2.2e-002	0.	0.
78650	0.15225	-2.2e-002	0.	0.
78653	0.149	-2.1e-002	0.	0.
78654	0.14925	-2.2e-002	0.	0.
78655	0.15025	-2.2e-002	0.	0.
78662	0.147	-2.1e-002	0.	0.
78663	0.14725	-2.2e-002	0.	0.
78664	0.14825	-2.2e-002	0.	0.
78669	0.145	-2.1e-002	0.	0.
78670	0.14525	-2.2e-002	0.	0.
78671	0.14625	-2.2e-002	0.	0.
78676	0.143	-2.1e-002	0.	0.
78677	0.14325	-2.2e-002	0.	0.
78678	0.14425	-2.2e-002	0.	0.
78685	0.141	-2.1e-002	0.	0.
78686	0.14125	-2.2e-002	0.	0.
78687	0.14225	-2.2e-002	0.	0.
78692	0.139	-2.1e-002	0.	0.
78693	0.13925	-2.2e-002	0.	0.
78694	0.14025	-2.2e-002	0.	0.
78699	0.137	-2.1e-002	0.	0.
78700	0.13725	-2.2e-002	0.	0.
78701	0.13825	-2.2e-002	0.	0.
78706	0.135	-2.1e-002	0.	0.
78707	0.13525	-2.2e-002	0.	0.
78708	0.13625	-2.2e-002	0.	0.
78714	0.133	-2.1e-002	0.	0.
78715	0.13325	-2.2e-002	0.	0.
78716	0.13425	-2.2e-002	0.	0.
78720	0.131	-2.1e-002	0.	0.
78721	0.13125	-2.2e-002	0.	0.
78722	0.13225	-2.2e-002	0.	0.
78730	0.129	-2.1e-002	0.	0.
78731	0.12925	-2.2e-002	0.	0.
78732	0.13025	-2.2e-002	0.	0.
78736	0.127	-2.1e-002	0.	0.
78737	0.12725	-2.2e-002	0.	0.
78738	0.12825	-2.2e-002	0.	0.
78745	0.125	-2.1e-002	0.	0.
78746	0.12525	-2.2e-002	0.	0.
78747	0.12625	-2.2e-002	0.	0.
78750	0.123	-2.1e-002	0.	0.
78751	0.12325	-2.2e-002	0.	0.
78752	0.12425	-2.2e-002	0.	0.
78757	0.121	-2.1e-002	0.	0.
78758	0.12125	-2.2e-002	0.	0.
78759	0.12225	-2.2e-002	0.	0.
78762	0.119	-2.1e-002	0.	0.
78763	0.11925	-2.2e-002	0.	0.
78764	0.12025	-2.2e-002	0.	0.
78770	0.117	-2.1e-002	0.	0.
78771	0.11725	-2.2e-002	0.	0.
78772	0.11825	-2.2e-002	0.	0.
78777	0.115	-2.1e-002	0.	0.
78778	0.11525	-2.2e-002	0.	0.
78779	0.11625	-2.2e-002	0.	0.
78784	0.113	-2.1e-002	0.	0.
78785	0.11325	-2.2e-002	0.	0.
78786	0.11425	-2.2e-002	0.	0.
78789	0.111	-2.1e-002	0.	0.
78790	0.11125	-2.2e-002	0.	0.
78791	0.11225	-2.2e-002	0.	0.
78798	0.109	-2.1e-002	0.	0.
78799	0.10925	-2.2e-002	0.	0.
78800	0.11025	-2.2e-002	0.	0.
78803	0.107	-2.1e-002	0.	0.
78804	0.10725	-2.2e-002	0.	0.
78805	0.10825	-2.2e-002	0.	0.
78809	0.105	-2.1e-002	0.	0.
78810	0.10525	-2.2e-002	0.	0.
78811	0.10625	-2.2e-002	0.	0.
78818	0.103	-2.1e-002	0.	0.
78819	0.10325	-2.2e-002	0.	0.
78820	0.10425	-2.2e-002	0.	0.
78823	0.101	-2.1e-002	0.	0.
78824	0.10125	-2.2e-002	0.	0.
78825	0.10225	-2.2e-002	0.	0.
78831	9.9e-002	-2.1e-002	0.	0.
78832	9.925e-002	-2.2e-002	0.	0.
78833	0.10025	-2.2e-002	0.	0.
78839	9.7e-002	-2.1e-002	0.	0.
78840	9.725e-002	-2.2e-002	0.	0.
78841	9.825e-002	-2.2e-002	0.	0.
78846	9.5e-002	-2.1e-002	0.	0.
78847	9.525e-002	-2.2e-002	0.	0.
78848	9.625e-002	-2.2e-002	0.	0.
78853	9.3e-002	-2.1e-002	0.	0.
78854	9.325e-002	-2.2e-002	0.	0.
78855	9.425e-002	-2.2e-002	0.	0.
78861	9.1e-002	-2.1e-002	0.	0.
78862	9.125e-002	-2.2e-002	0.	0.
78863	9.225e-002	-2.2e-002	0.	0.
78868	8.9e-002	-2.1e-002	0.	0.
78869	8.925e-002	-2.2e-002	0.	0.
78870	9.025e-002	-2.2e-002	0.	0.
78877	8.7e-002	-2.1e-002	0.	0.
78878	8.725e-002	-2.2e-002	0.	0.
78879	8.825e-002	-2.2e-002	0.	0.
78883	8.5e-002	-2.1e-002	0.	0.
78884	8.525e-002	-2.2e-002	0.	0.
78885	8.625e-002	-2.2e-002	0.	0.
78891	8.3e-002	-2.1e-002	0.	0.
78892	8.325e-002	-2.2e-002	0.	0.
78893	8.425e-002	-2.2e-002	0.	0.
78899	8.1e-002	-2.1e-002	0.	0.
78900	8.125e-002	-2.2e-002	0.	0.
78901	8.225e-002	-2.2e-002	0.	0.
78906	7.9e-002	-2.1e-002	0.	0.
78907	7.925e-002	-2.2e-002	0.	0.
78908	8.025e-002	-2.2e-002	0.	0.
78913	7.7e-002	-2.1e-002	0.	0.
78914	7.725e-002	-2.2e-002	0.	0.
78915	7.825e-002	-2.2e-002	0.	0.
78920	7.5e-002	-2.1e-002	0.	0.
78921	7.525e-002	-2.2e-002	0.	0.
78922	7.625e-002	-2.2e-002	0.	0.
78927	7.3e-002	-2.1e-002	0.	0.
78928	7.325e-002	-2.2e-002	0.	0.
78929	7.425e-002	-2.2e-002	0.	0.
78934	7.1e-002	-2.1e-002	0.	0.
78935	7.125e-002	-2.2e-002	0.	0.
78936	7.225e-002	-2.2e-002	0.	0.
78942	6.9e-002	-2.1e-002	0.	0.
78943	6.925e-002	-2.2e-002	0.	0.
78944	7.025e-002	-2.2e-002	0.	0.
78947	6.7e-002	-2.1e-002	0.	0.
78948	6.725e-002	-2.2e-002	0.	0.
78949	6.825e-002	-2.2e-002	0.	0.
78954	6.5e-002	-2.1e-002	0.	0.
78955	6.525e-002	-2.2e-002	0.	0.
78956	6.625e-002	-2.2e-002	0.	0.
78962	6.3e-002	-2.1e-002	0.	0.
78963	6.325e-002	-2.2e-002	0.	0.
78964	6.425e-002	-2.2e-002	0.	0.
78970	6.1e-002	-2.1e-002	0.	0.
78971	6.125e-002	-2.2e-002	0.	0.
78972	6.225e-002	-2.2e-002	0.	0.
78976	5.9e-002	-2.1e-002	0.	0.
78977	5.925e-002	-2.2e-002	0.	0.
78978	6.025e-002	-2.2e-002	0.	0.
78985	5.7e-002	-2.1e-002	0.	0.
78986	5.725e-002	-2.2e-002	0.	0.
78987	5.825e-002	-2.2e-002	0.	0.
78992	5.5e-002	-2.1e-002	0.	0.
78993	5.525e-002	-2.2e-002	0.	0.
78994	5.625e-002	-2.2e-002	0.	0.
78998	5.3e-002	-2.1e-002	0.	0.
78999	5.325e-002	-2.2e-002	0.	0.
79000	5.425e-002	-2.2e-002	0.	0.
79007	5.1e-002	-2.1e-002	0.	0.
79008	5.125e-002	-2.2e-002	0.	0.
79009	5.225e-002	-2.2e-002	0.	0.
79014	4.9e-002	-2.1e-002	0.	0.
79015	4.925e-002	-2.2e-002	0.	0.
79016	5.025e-002	-2.2e-002	0.	0.
79022	4.7e-002	-2.1e-002	0.	0.
79023	4.725e-002	-2.2e-002	0.	0.
79024	4.825e-002	-2.2e-002	0.	0.
79030	4.5e-002	-2.1e-002	0.	0.
79031	4.525e-002	-2.2e-002	0.	0.
79032	4.625e-002	-2.2e-002	0.	0.
79037	4.3e-002	-2.1e-002	0.	0.
79038	4.325e-002	-2.2e-002	0.	0.
79039	4.425e-002	-2.2e-002	0.	0.
79046	4.1e-002	-2.1e-002	0.	0.
79047	4.125e-002	-2.2e-002	0.	0.
79048	4.225e-002	-2.2e-002	0.	0.
79052	3.9e-002	-2.1e-002	0.	0.
79053	3.925e-002	-2.2e-002	0.	0.
79054	4.025e-002	-2.2e-002	0.	0.
79061	3.7e-002	-2.1e-002	0.	0.
79062	3.725e-002	-2.2e-002	0.	0.
79063	3.825e-002	-2.2e-002	0.	0.
79068	3.5e-002	-2.1e-002	0.	0.
79069	3.525e-002	-2.2e-002	0.	0.
79070	3.625e-002	-2.2e-002	0.	0.
79076	3.3e-002	-2.1e-002	0.	0.
79077	3.325e-002	-2.2e-002	0.	0.
79078	3.425e-002	-2.2e-002	0.	0.
79082	3.1e-002	-2.1e-002	0.	0.
79083	3.125e-002	-2.2e-002	0.	0.
79084	3.225e-002	-2.2e-002	0.	0.
79089	2.9e-002	-2.1e-002	0.	0.
79090	2.925e-002	-2.2e-002	0.	0.
79091	3.025e-002	-2.2e-002	0.	0.
79097	2.7e-002	-2.1e-002	0.	0.
79098	2.725e-002	-2.2e-002	0.	0.
79099	2.825e-002	-2.2e-002	0.	0.
79104	2.5e-002	-2.1e-002	0.	0.
79105	2.525e-002	-2.2e-002	0.	0.
79106	2.625e-002	-2.2e-002	0.	0.
79111	2.3e-002	-2.1e-002	0.	0.
79112	2.325e-002	-2.2e-002	0.	0.
79113	2.425e-002	-2.2e-002	0.	0.
79119	2.1e-002	-2.1e-002	0.	0.
79120	2.125e-002	-2.2e-002	0.	0.
79121	2.225e-002	-2.2e-002	0.	0.
79127	1.9e-002	-2.1e-002	0.	0.
79128	1.925e-002	-2.2e-002	0.	0.
79129	2.025e-002	-2.2e-002	0.	0.
79134	1.7e-002	-2.1e-002	0.	0.
79135	1.725e-002	-2.2e-002	0.	0.
79136	1.825e-002	-2.2e-002	0.	0.
79141	1.5e-002	-2.1e-002	0.	0.
79142	1.525e-002	-2.2e-002	0.	0.
79143	1.625e-002	-2.2e-002	0.	0.
79149	1.3e-002	-2.1e-002	0.	0.
79150	1.325e-002	-2.2e-002	0.	0.
79151	1.425e-002	-2.2e-002	0.	0.
79156	1.1e-002	-2.1e-002	0.	0.
79157	1.125e-002	-2.2e-002	0.	0.
79158	1.225e-002	-2.2e-002	0.	0.
79165	9.e-003	-2.1e-002	0.	0.
79166	9.25e-003	-2.2e-002	0.	0.
79167	1.025e-002	-2.2e-002	0.	0.
79173	7.e-003	-2.1e-002	0.	0.
79174	7.25e-003	-2.2e-002	0.	0.
79175	8.25e-003	-2.2e-002	0.	0.
79181	5.e-003	-2.1e-002	0.	0.
79182	5.25e-003	-2.2e-002	0.	0.
79183	6.25e-003	-2.2e-002	0.	0.
79189	3.e-003	-2.1e-002	0.	0.
79190	3.25e-003	-2.2e-002	0.	0.
79191	4.25e-003	-2.2e-002	0.	0.
79197	1.e-003	-2.1e-002	0.	0.
79198	1.25e-003	-2.2e-002	0.	0.
79199	2.25e-003	-2.2e-002	0.	0.
79203	-1.e-003	-2.1e-002	0.	0.
79204	-7.5e-004	-2.2e-002	0.	0.
79205	2.5e-004	-2.2e-002	0.	0.
79213	-3.e-003	-2.1e-002	0.	0.
79214	-2.75e-003	-2.2e-002	0.	0.
79215	-1.75e-003	-2.2e-002	0.	0.
79219	-5.e-003	-2.1e-002	0.	0.
79220	-4.75e-003	-2.2e-002	0.	0.
79221	-3.75e-003	-2.2e-002	0.	0.
79226	-7.e-003	-2.1e-002	0.	0.
79227	-6.75e-003	-2.2e-002	0.	0.
79228	-5.75e-003	-2.2e-002	0.	0.
79233	-9.e-003	-2.1e-002	0.	0.
79234	-8.75e-003	-2.2e-002	0.	0.
79235	-7.75e-003	-2.2e-002	0.	0.
79241	-1.1e-002	-2.1e-002	0.	0.
79242	-1.075e-002	-2.2e-002	0.	0.
79243	-9.75e-003	-2.2e-002	0.	0.
79246	-1.3e-002	-2.1e-002	0.	0.
79247	-1.275e-002	-2.2e-002	0.	0.
79248	-1.175e-002	-2.2e-002	0.	0.
79253	-1.5e-002	-2.1e-002	0.	0.
79254	-1.475e-002	-2.2e-002	0.	0.
79255	-1.375e-002	-2.2e-002	0.	0.
79258	-1.7e-002	-2.1e-002	0.	0.
79259	-1.675e-002	-2.2e-002	0.	0.
79260	-1.575e-002	-2.2e-002	0.	0.
79266	-1.9e-002	-2.1e-002	0.	0.
79267	-1.875e-002	-2.2e-002	0.	0.
79268	-1.775e-002	-2.2e-002	0.	0.
79273	-2.1e-002	-2.1e-002	0.	0.
79274	-2.075e-002	-2.2e-002	0.	0.
79275	-1.975e-002	-2.2e-002	0.	0.
79282	-2.3e-002	-2.1e-002	0.	0.
79283	-2.275e-002	-2.2e-002	0.	0.
79284	-2.175e-002	-2.2e-002	0.	0.
79288	-2.5e-002	-2.1e-002	0.	0.
79289	-2.475e-002	-2.2e-002	0.	0.
79290	-2.375e-002	-2.2e-002	0.	0.
79293	-2.7e-002	-2.1e-002	0.	0.
79294	-2.675e-002	-2.2e-002	0.	0.
79295	-2.575e-002	-2.2e-002	0.	0.
79302	-2.9e-002	-2.1e-002	0.	0.
79303	-2.875e-002	-2.2e-002	0.	0.
79304	-2.775e-002	-2.2e-002	0.	0.
79309	-3.1e-002	-2.1e-002	0.	0.
79310	-3.075e-002	-2.2e-002	0.	0.
79311	-2.975e-002	-2.2e-002	0.	0.
79317	-3.3e-002	-2.1e-002	0.	0.
79318	-3.275e-002	-2.2e-002	0.	0.
79319	-3.175e-002	-2.2e-002	0.	0.
79324	-3.5e-002	-2.1e-002	0.	0.
79325	-3.475e-002	-2.2e-002	0.	0.
79326	-3.375e-002	-2.2e-002	0.	0.
79332	-3.7e-002	-2.1e-002	0.	0.
79333	-3.675e-002	-2.2e-002	0.	0.
79334	-3.575e-002	-2.2e-002	0.	0.
79338	-3.9e-002	-2.1e-002	0.	0.
79339	-3.875e-002	-2.2e-002	0.	0.
79340	-3.775e-002	-2.2e-002	0.	0.
79347	-4.1e-002	-2.1e-002	0.	0.
79348	-4.075e-002	-2.2e-002	0.	0.
79349	-3.975e-002	-2.2e-002	0.	0.
79352	-4.3e-002	-2.1e-002	0.	0.
79353	-4.275e-002	-2.2e-002	0.	0.
79354	-4.175e-002	-2.2e-002	0.	0.
79359	-4.5e-002	-2.1e-002	0.	0.
79360	-4.475e-002	-2.2e-002	0.	0.
79361	-4.375e-002	-2.2e-002	0.	0.
79366	-4.7e-002	-2.1e-002	0.	0.
79367	-4.675e-002	-2.2e-002	0.	0.
79368	-4.575e-002	-2.2e-002	0.	0.
79374	-4.9e-002	-2.1e-002	0.	0.
79375	-4.875e-002	-2.2e-002	0.	0.
79376	-4.775e-002	-2.2e-002	0.	0.
79381	-5.1e-002	-2.1e-002	0.	0.
79382	-5.075e-002	-2.2e-002	0.	0.
79383	-4.975e-002	-2.2e-002	0.	0.
79389	-5.3e-002	-2.1e-002	0.	0.
79390	-5.275e-002	-2.2e-002	0.	0.
79391	-5.175e-002	-2.2e-002	0.	0.
79396	-5.5e-002	-2.1e-002	0.	0.
79397	-5.475e-002	-2.2e-002	0.	0.
79398	-5.375e-002	-2.2e-002	0.	0.
79403	-5.7e-002	-2.1e-002	0.	0.
79404	-5.675e-002	-2.2e-002	0.	0.
79405	-5.575e-002	-2.2e-002	0.	0.
79411	-5.9e-002	-2.1e-002	0.	0.
79412	-5.875e-002	-2.2e-002	0.	0.
79413	-5.775e-002	-2.2e-002	0.	0.
79418	-6.1e-002	-2.1e-002	0.	0.
79419	-6.075e-002	-2.2e-002	0.	0.
79420	-5.975e-002	-2.2e-002	0.	0.
79426	-6.3e-002	-2.1e-002	0.	0.
79427	-6.275e-002	-2.2e-002	0.	0.
79428	-6.175e-002	-2.2e-002	0.	0.
79434	-6.5e-002	-2.1e-002	0.	0.
79435	-6.475e-002	-2.2e-002	0.	0.
79436	-6.375e-002	-2.2e-002	0.	0.
79441	-6.7e-002	-2.1e-002	0.	0.
79442	-6.675e-002	-2.2e-002	0.	0.
79443	-6.575e-002	-2.2e-002	0.	0.
79450	-6.9e-002	-2.1e-002	0.	0.
79451	-6.875e-002	-2.2e-002	0.	0.
79452	-6.775e-002	-2.2e-002	0.	0.
79455	-7.1e-002	-2.1e-002	0.	0.
79456	-7.075e-002	-2.2e-002	0.	0.
79457	-6.975e-002	-2.2e-002	0.	0.
79463	-7.3e-002	-2.1e-002	0.	0.
79464	-7.275e-002	-2.2e-002	0.	0.
79465	-7.175e-002	-2.2e-002	0.	0.
79471	-7.5e-002	-2.1e-002	0.	0.
79472	-7.475e-002	-2.2e-002	0.	0.
79473	-7.375e-002	-2.2e-002	0.	0.
79478	-7.7e-002	-2.1e-002	0.	0.
79479	-7.675e-002	-2.2e-002	0.	0.
79480	-7.575e-002	-2.2e-002	0.	0.
79486	-7.9e-002	-2.1e-002	0.	0.
79487	-7.875e-002	-2.2e-002	0.	0.
79488	-7.775e-002	-2.2e-002	0.	0.
79492	-8.1e-002	-2.1e-002	0.	0.
79493	-8.075e-002	-2.2e-002	0.	0.
79494	-7.975e-002	-2.2e-002	0.	0.
79499	-8.3e-002	-2.1e-002	0.	0.
79500	-8.275e-002	-2.2e-002	0.	0.
79501	-8.175e-002	-2.2e-002	0.	0.
79507	-8.5e-002	-2.1e-002	0.	0.
79508	-8.475e-002	-2.2e-002	0.	0.
79509	-8.375e-002	-2.2e-002	0.	0.
79515	-8.7e-002	-2.1e-002	0.	0.
79516	-8.675e-002	-2.2e-002	0.	0.
79517	-8.575e-002	-2.2e-002	0.	0.
79522	-8.9e-002	-2.1e-002	0.	0.
79523	-8.875e-002	-2.2e-002	0.	0.
79524	-8.775e-002	-2.2e-002	0.	0.
79530	-9.1e-002	-2.1e-002	0.	0.
79531	-9.075e-002	-2.2e-002	0.	0.
79532	-8.975e-002	-2.2e-002	0.	0.
79539	-9.3e-002	-2.1e-002	0.	0.
79540	-9.275e-002	-2.2e-002	0.	0.
79541	-9.175e-002	-2.2e-002	0.	0.
79546	-9.5e-002	-2.1e-002	0.	0.
79547	-9.475e-002	-2.2e-002	0.	0.
79548	-9.375e-002	-2.2e-002	0.	0.
79554	-9.7e-002	-2.1e-002	0.	0.
79555	-9.675e-002	-2.2e-002	0.	0.
79556	-9.575e-002	-2.2e-002	0.	0.
79561	-9.9e-002	-2.1e-002	0.	0.
79562	-9.875e-002	-2.2e-002	0.	0.
79563	-9.775e-002	-2.2e-002	0.	0.
79569	-0.101	-2.1e-002	0.	0.
79570	-0.10075	-2.2e-002	0.	0.
79571	-9.975e-002	-2.2e-002	0.	0.
79576	-0.103	-2.1e-002	0.	0.
79577	-0.10275	-2.2e-002	0.	0.
79578	-0.10175	-2.2e-002	0.	0.
79581	-0.105	-2.1e-002	0.	0.
79582	-0.10475	-2.2e-002	0.	0.
79583	-0.10375	-2.2e-002	0.	0.
79589	-0.107	-2.1e-002	0.	0.
79590	-0.10675	-2.2e-002	0.	0.
79591	-0.10575	-2.2e-002	0.	0.
79597	-0.109	-2.1e-002	0.	0.
79598	-0.10875	-2.2e-002	0.	0.
79599	-0.10775	-2.2e-002	0.	0.
79605	-0.111	-2.1e-002	0.	0.
79606	-0.11075	-2.2e-002	0.	0.
79607	-0.10975	-2.2e-002	0.	0.
79613	-0.113	-2.1e-002	0.	0.
79614	-0.11275	-2.2e-002	0.	0.
79615	-0.11175	-2.2e-002	0.	0.
79622	-0.115	-2.1e-002	0.	0.
79623	-0.11475	-2.2e-002	0.	0.
79624	-0.11375	-2.2e-002	0.	0.
79629	-0.117	-2.1e-002	0.	0.
79630	-0.11675	-2.2e-002	0.	0.
79631	-0.11575	-2.2e-002	0.	0.
79637	-0.119	-2.1e-002	0.	0.
79638	-0.11875	-2.2e-002	0.	0.
79639	-0.11775	-2.2e-002	0.	0.
79644	-0.121	-2.1e-002	0.	0.
79645	-0.12075	-2.2e-002	0.	0.
79646	-0.11975	-2.2e-002	0.	0.
79652	-0.123	-2.1e-002	0.	0.
79653	-0.12275	-2.2e-002	0.	0.
79654	-0.12175	-2.2e-002	0.	0.
79659	-0.125	-2.1e-002	0.	0.
79660	-0.12475	-2.2e-002	0.	0.
79661	-0.12375	-2.2e-002	0.	0.
79664	-0.127	-2.1e-002	0.	0.
79665	-0.12675	-2.2e-002	0.	0.
79666	-0.12575	-2.2e-002	0.	0.
79672	-0.129	-2.1e-002	0.	0.
79673	-0.12875	-2.2e-002	0.	0.
79674	-0.12775	-2.2e-002	0.	0.
79681	-0.131	-2.1e-002	0.	0.
79682	-0.13075	-2.2e-002	0.	0.
79683	-0.12975	-2.2e-002	0.	0.
79688	-0.133	-2.1e-002	0.	0.
79689	-0.13275	-2.2e-002	0.	0.
79690	-0.13175	-2.2e-002	0.	0.
79696	-0.135	-2.1e-002	0.	0.
79697	-0.13475	-2.2e-002	0.	0.
79698	-0.13375	-2.2e-002	0.	0.
79703	-0.137	-2.1e-002	0.	0.
79704	-0.13675	-2.2e-002	0.	0.
79705	-0.13575	-2.2e-002	0.	0.
79711	-0.139	-2.1e-002	0.	0.
79712	-0.13875	-2.2e-002	0.	0.
79713	-0.13775	-2.2e-002	0.	0.
79718	-0.141	-2.1e-002	0.	0.
79719	-0.14075	-2.2e-002	0.	0.
79720	-0.13975	-2.2e-002	0.	0.
79726	-0.143	-2.1e-002	0.	0.
79727	-0.14275	-2.2e-002	0.	0.
79728	-0.14175	-2.2e-002	0.	0.
79734	-0.145	-2.1e-002	0.	0.
79735	-0.14475	-2.2e-002	0.	0.
79736	-0.14375	-2.2e-002	0.	0.
79743	-0.147	-2.1e-002	0.	0.
79744	-0.14675	-2.2e-002	0.	0.
79745	-0.14575	-2.2e-002	0.	0.
79750	-0.149	-2.1e-002	0.	0.
79751	-0.14875	-2.2e-002	0.	0.
79752	-0.14775	-2.2e-002	0.	0.
79757	-0.151	-2.1e-002	0.	0.
79758	-0.15075	-2.2e-002	0.	0.
79759	-0.14975	-2.2e-002	0.	0.
79764	-0.153	-2.1e-002	0.	0.
79765	-0.15275	-2.2e-002	0.	0.
79766	-0.15175	-2.2e-002	0.	0.
79771	-0.155	-2.1e-002	0.	0.
79772	-0.15475	-2.2e-002	0.	0.
79773	-0.15375	-2.2e-002	0.	0.
79778	-0.157	-2.1e-002	0.	0.
79779	-0.15675	-2.2e-002	0.	0.
79780	-0.15575	-2.2e-002	0.	0.
79784	-0.159	-2.1e-002	0.	0.
79785	-0.15875	-2.2e-002	0.	0.
79786	-0.15775	-2.2e-002	0.	0.
79791	-0.161	-2.1e-002	0.	0.
79792	-0.16075	-2.2e-002	0.	0.
79793	-0.15975	-2.2e-002	0.	0.
79797	-0.163	-2.1e-002	0.	0.
79798	-0.16275	-2.2e-002	0.	0.
79799	-0.16175	-2.2e-002	0.	0.
79803	-0.165	-2.1e-002	0.	0.
79804	-0.16475	-2.2e-002	0.	0.
79805	-0.16375	-2.2e-002	0.	0.
79809	-0.167	-2.1e-002	0.	0.
79810	-0.16675	-2.2e-002	0.	0.
79811	-0.16575	-2.2e-002	0.	0.
79817	-0.169	-2.1e-002	0.	0.
79818	-0.16875	-2.2e-002	0.	0.
79819	-0.16775	-2.2e-002	0.	0.
79822	-0.171	-2.1e-002	0.	0.
79823	-0.17075	-2.2e-002	0.	0.
79824	-0.16975	-2.2e-002	0.	0.
79828	-0.173	-2.1e-002	0.	0.
79829	-0.17275	-2.2e-002	0.	0.
79830	-0.17175	-2.2e-002	0.	0.
79835	-0.175	-2.1e-002	0.	0.
79836	-0.17475	-2.2e-002	0.	0.
79837	-0.17375	-2.2e-002	0.	0.
79842	-0.177	-2.1e-002	0.	0.
79843	-0.17675	-2.2e-002	0.	0.
79844	-0.17575	-2.2e-002	0.	0.
79850	-0.179	-2.1e-002	0.	0.
79851	-0.17875	-2.2e-002	0.	0.
79852	-0.17775	-2.2e-002	0.	0.
79855	-0.181	-2.1e-002	0.	0.
79856	-0.18075	-2.2e-002	0.	0.
79857	-0.17975	-2.2e-002	0.	0.
79863	-0.183	-2.1e-002	0.	0.
79864	-0.18275	-2.2e-002	0.	0.
79865	-0.18175	-2.2e-002	0.	0.
79870	-0.185	-2.1e-002	0.	0.
79871	-0.18475	-2.2e-002	0.	0.
79872	-0.18375	-2.2e-002	0.	0.
79878	-0.187	-2.1e-002	0.	0.
79879	-0.18675	-2.2e-002	0.	0.
79880	-0.18575	-2.2e-002	0.	0.
79886	-0.189	-2.1e-002	0.	0.
79887	-0.18875	-2.2e-002	0.	0.
79888	-0.18775	-2.2e-002	0.	0.
79892	-0.191	-2.1e-002	0.	0.
79893	-0.19075	-2.2e-002	0.	0.
79894	-0.18975	-2.2e-002	0.	0.
79899	-0.193	-2.1e-002	0.	0.
79900	-0.19275	-2.2e-002	0.	0.
79901	-0.19175	-2.2e-002	0.	0.
79904	-0.195	-2.1e-002	0.	0.
79905	-0.19475	-2.2e-002	0.	0.
79906	-0.19375	-2.2e-002	0.	0.
79911	-0.197	-2.1e-002	0.	0.
79912	-0.19675	-2.2e-002	0.	0.
79913	-0.19575	-2.2e-002	0.	0.
79918	-0.199	-2.1e-002	0.	0.
79919	-0.19875	-2.2e-002	0.	0.
79920	-0.19775	-2.2e-002	0.	0.
79926	-0.201	-2.1e-002	0.	0.
79927	-0.20075	-2.2e-002	0.	0.
79928	-0.19975	-2.2e-002	0.	0.
79932	-0.203	-2.1e-002	0.	0.
79933	-0.20275	-2.2e-002	0.	0.
79934	-0.20175	-2.2e-002	0.	0.
79940	-0.205	-2.1e-002	0.	0.
79941	-0.20475	-2.2e-002	0.	0.
79942	-0.20375	-2.2e-002	0.	0.
79948	-0.207	-2.1e-002	0.	0.
79949	-0.20675	-2.2e-002	0.	0.
79950	-0.20575	-2.2e-002	0.	0.
79953	-0.209	-2.1e-002	0.	0.
79954	-0.20875	-2.2e-002	0.	0.
79955	-0.20775	-2.2e-002	0.	0.
79960	-0.211	-2.1e-002	0.	0.
79961	-0.21075	-2.2e-002	0.	0.
79962	-0.20975	-2.2e-002	0.	0.
79968	-0.213	-2.1e-002	0.	0.
79969	-0.21275	-2.2e-002	0.	0.
79970	-0.21175	-2.2e-002	0.	0.
79973	-0.215	-2.1e-002	0.	0.
79974	-0.21475	-2.2e-002	0.	0.
79975	-0.21375	-2.2e-002	0.	0.
79981	-0.217	-2.1e-002	0.	0.
79982	-0.21675	-2.2e-002	0.	0.
79983	-0.21575	-2.2e-002	0.	0.
79988	-0.219	-2.1e-002	0.	0.
79989	-0.21875	-2.2e-002	0.	0.
79990	-0.21775	-2.2e-002	0.	0.
79994	-0.221	-2.1e-002	0.	0.
79995	-0.22075	-2.2e-002	0.	0.
79996	-0.21975	-2.2e-002	0.	0.
80000	-0.223	-2.1e-002	0.	0.
80001	-0.22275	-2.2e-002	0.	0.
80002	-0.22175	-2.2e-002	0.	0.
80006	-0.225	-2.1e-002	0.	0.
80007	-0.22475	-2.2e-002	0.	0.
80008	-0.22375	-2.2e-002	0.	0.
80013	-0.227	-2.1e-002	0.	0.
80014	-0.22675	-2.2e-002	0.	0.
80015	-0.22575	-2.2e-002	0.	0.
80021	-0.229	-2.1e-002	0.	0.
80022	-0.22875	-2.2e-002	0.	0.
80023	-0.22775	-2.2e-002	0.	0.
80026	-0.231	-2.1e-002	0.	0.
80027	-0.23075	-2.2e-002	0.	0.
80028	-0.22975	-2.2e-002	0.	0.
80033	-0.233	-2.1e-002	0.	0.
80034	-0.23275	-2.2e-002	0.	0.
80035	-0.23175	-2.2e-002	0.	0.
80040	-0.235	-2.1e-002	0.	0.
80041	-0.23475	-2.2e-002	0.	0.
80042	-0.23375	-2.2e-002	0.	0.
80046	-0.237	-2.1e-002	0.	0.
80047	-0.23675	-2.2e-002	0.	0.
80048	-0.23575	-2.2e-002	0.	0.
80054	-0.239	-2.1e-002	0.	0.
80055	-0.23875	-2.2e-002	0.	0.
80056	-0.23775	-2.2e-002	0.	0.
80059	-0.241	-2.1e-002	0.	0.
80060	-0.24075	-2.2e-002	0.	0.
80061	-0.23975	-2.2e-002	0.	0.
80066	-0.243	-2.1e-002	0.	0.
80067	-0.24275	-2.2e-002	0.	0.
80068	-0.24175	-2.2e-002	0.	0.
80073	-0.245	-2.1e-002	0.	0.
80074	-0.24475	-2.2e-002	0.	0.
80075	-0.24375	-2.2e-002	0.	0.
80081	-0.247	-2.1e-002	0.	0.
80082	-0.24675	-2.2e-002	0.	0.
80083	-0.24575	-2.2e-002	0.	0.
80087	-0.249	-2.1e-002	0.	0.
80088	-0.24875	-2.2e-002	0.	0.
80089	-0.24775	-2.2e-002	0.	0.
80095	-0.251	-2.1e-002	0.	0.
80096	-0.25075	-2.2e-002	0.	0.
80097	-0.24975	-2.2e-002	0.	0.
80103	-0.253	-2.1e-002	0.	0.
80104	-0.25275	-2.2e-002	0.	0.
80105	-0.25175	-2.2e-002	0.	0.
80108	-0.255	-2.1e-002	0.	0.
80109	-0.25475	-2.2e-002	0.	0.
80110	-0.25375	-2.2e-002	0.	0.
80115	-0.257	-2.1e-002	0.	0.
80116	-0.25675	-2.2e-002	0.	0.
80117	-0.25575	-2.2e-002	0.	0.
80123	-0.259	-2.1e-002	0.	0.
80124	-0.25875	-2.2e-002	0.	0.
80125	-0.25775	-2.2e-002	0.	0.
80130	-0.261	-2.1e-002	0.	0.
80131	-0.26075	-2.2e-002	0.	0.
80132	-0.25975	-2.2e-002	0.	0.
80135	-0.263	-2.1e-002	0.	0.
80136	-0.26275	-2.2e-002	0.	0.
80137	-0.26175	-2.2e-002	0.	0.
80142	-0.265	-2.1e-002	0.	0.
80143	-0.26475	-2.2e-002	0.	0.
80144	-0.26375	-2.2e-002	0.	0.
80149	-0.267	-2.1e-002	0.	0.
80150	-0.26675	-2.2e-002	0.	0.
80151	-0.26575	-2.2e-002	0.	0.
80154	-0.269	-2.1e-002	0.	0.
80155	-0.26875	-2.2e-002	0.	0.
80156	-0.26775	-2.2e-002	0.	0.
80161	-0.271	-2.1e-002	0.	0.
80162	-0.27075	-2.2e-002	0.	0.
80163	-0.26975	-2.2e-002	0.	0.
80169	-0.273	-2.1e-002	0.	0.
80170	-0.27275	-2.2e-002	0.	0.
80171	-0.27175	-2.2e-002	0.	0.
80176	-0.275	-2.1e-002	0.	0.
80177	-0.27475	-2.2e-002	0.	0.
80178	-0.27375	-2.2e-002	0.	0.
80181	-0.277	-2.1e-002	0.	0.
80182	-0.27675	-2.2e-002	0.	0.
80183	-0.27575	-2.2e-002	0.	0.
80189	-0.279	-2.1e-002	0.	0.
80190	-0.27875	-2.2e-002	0.	0.
80191	-0.27775	-2.2e-002	0.	0.
80194	-0.281	-2.1e-002	0.	0.
80195	-0.28075	-2.2e-002	0.	0.
80196	-0.27975	-2.2e-002	0.	0.
80200	-0.283	-2.1e-002	0.	0.
80201	-0.28275	-2.2e-002	0.	0.
80202	-0.28175	-2.2e-002	0.	0.
80207	-0.285	-2.1e-002	0.	0.
80208	-0.28475	-2.2e-002	0.	0.
80209	-0.28375	-2.2e-002	0.	0.
80214	-0.287	-2.1e-002	0.	0.
80215	-0.28675	-2.2e-002	0.	0.
80216	-0.28575	-2.2e-002	0.	0.
80223	-0.289	-2.1e-002	0.	0.
80224	-0.28875	-2.2e-002	0.	0.
80225	-0.28775	-2.2e-002	0.	0.
80230	-0.291	-2.1e-002	0.	0.
80231	-0.29075	-2.2e-002	0.	0.
80232	-0.28975	-2.2e-002	0.	0.
80237	-0.293	-2.1e-002	0.	0.
80238	-0.29275	-2.2e-002	0.	0.
80239	-0.29175	-2.2e-002	0.	0.
80246	-0.295	-2.1e-002	0.	0.
80247	-0.29475	-2.2e-002	0.	0.
80248	-0.29375	-2.2e-002	0.	0.
80252	-0.297	-2.1e-002	0.	0.
80253	-0.29675	-2.2e-002	0.	0.
80254	-0.29575	-2.2e-002	0.	0.
80261	-0.29875	-2.2e-002	0.	0.
80262	-0.29775	-2.2e-002	0.	0.
96621	-0.40031	-1.2258e-003	0.	0.
96622	-0.39911	-1.0546e-003	0.	0.
96623	-0.39928	1.0361e-003	0.	0.
96624	-0.39873	8.4411e-005	0.	0.
96625	-0.40086	7.752e-005	0.	0.
96626	-0.40006	1.0152e-003	0.	0.
96629	-0.37472	1.1285e-003	0.	0.
96630	-0.37455	-1.1657e-003	0.	0.
96631	-0.37529	3.0382e-004	0.	0.
96632	-0.37339	-9.3213e-004	0.	0.
96633	-0.37294	-1.5489e-019	0.	0.
96634	-0.37357	1.0417e-003	0.	0.
96638	-0.34854	-1.0417e-003	0.	0.
96639	-0.34908	0.	0.	0.
96640	-0.347	-2.0833e-005	0.	0.
96641	-0.34854	1.0417e-003	0.	0.
96642	-0.3475	1.0312e-003	0.	0.
96643	-0.34755	-1.2091e-003	0.	0.
96645	0.32453	3.3534e-004	0.	0.
96646	0.32615	1.0901e-003	0.	0.
96647	0.32485	-7.6861e-004	0.	0.
96648	0.32596	-8.2966e-004	0.	0.
96649	0.32537	8.9197e-004	0.	0.
96650	0.32655	1.7865e-004	0.	0.
96652	0.35128	1.1285e-003	0.	0.
96653	0.35134	-1.0417e-003	0.	0.
96654	0.35062	3.4722e-004	0.	0.
96655	0.35256	-8.9699e-004	0.	0.
96656	0.35306	-1.5489e-019	0.	0.
96657	0.35243	1.0417e-003	0.	0.
96658	0.35042	-6.5104e-004	0.	0.
96662	0.37734	-9.3314e-004	0.	0.
96663	0.37843	1.1094e-003	0.	0.
96664	0.37692	0.	0.	0.
96665	0.37741	1.0339e-003	0.	0.
96666	0.37895	-5.8841e-004	0.	0.
96667	0.37815	-9.9974e-004	0.	0.
96668	0.37886	2.8294e-004	0.	0.
96672	-0.32454	5.7292e-004	0.	0.
96673	-0.32448	-1.4845e-003	0.	0.
96674	-0.32301	-3.9309e-004	0.	0.
96675	-0.32347	-1.4297e-003	0.	0.
96676	-0.325	-4.7917e-004	0.	0.
96677	-0.32363	1.969e-004	0.	0.
96680	0.4009	-1.46e-003	0.	0.
96681	0.40098	5.625e-004	0.	0.
96682	0.40197	1.4062e-004	0.	0.
96683	0.40219	-5.0838e-004	0.	0.
96684	0.40077	-4.8438e-004	0.	0.
96685	0.4017	-1.4388e-003	0.	0.
96688	0.39606	1.1193e-002	0.	0.
96689	0.39585	1.3315e-002	0.	0.
96690	0.39646	1.2279e-002	0.	0.
96691	0.39485	1.3315e-002	0.	0.
96692	0.3947	1.2153e-002	0.	0.
96693	0.39515	1.1199e-002	0.	0.
96697	0.31211	-4.6566e-003	0.	0.
96698	0.31304	-3.8275e-003	0.	0.
96699	0.3141	-4.138e-003	0.	0.
96700	0.3141	-5.3704e-003	0.	0.
96701	0.31228	-5.4417e-003	0.	0.
96702	0.31296	-5.8344e-003	0.	0.
96707	0.31305	4.222e-003	0.	0.
96708	0.31351	6.7165e-003	0.	0.
96709	0.31421	6.06e-003	0.	0.
96710	0.31232	4.904e-003	0.	0.
96711	0.31251	6.2009e-003	0.	0.
96712	0.31413	4.8728e-003	0.	0.
96715	0.37204	1.1458e-002	0.	0.
96716	0.37212	1.3536e-002	0.	0.
96717	0.371	1.1611e-002	0.	0.
96718	0.37061	1.263e-002	0.	0.
96719	0.37114	1.3698e-002	0.	0.
96720	0.37224	1.2492e-002	0.	0.
96723	0.37139	-1.3409e-002	0.	0.
96724	0.37092	-1.1511e-002	0.	0.
96725	0.37196	-1.1468e-002	0.	0.
96726	0.37074	-1.2719e-002	0.	0.
96727	0.37221	-1.3048e-002	0.	0.
96728	0.37232	-1.234e-002	0.	0.
96731	0.34471	1.1356e-002	0.	0.
96732	0.34564	1.351e-002	0.	0.
96733	0.34464	1.3004e-002	0.	0.
96734	0.34575	1.1687e-002	0.	0.
96735	0.34407	1.1947e-002	0.	0.
96736	0.34615	1.2709e-002	0.	0.
96739	0.34625	-1.3498e-002	0.	0.
96740	0.34471	-1.3498e-002	0.	0.
96741	0.34596	-1.1415e-002	0.	0.
96742	0.34487	-1.1415e-002	0.	0.
96743	0.34636	-1.2475e-002	0.	0.
96744	0.34441	-1.2457e-002	0.	0.
96745	0.34553	-1.3849e-002	0.	0.
96749	-0.34204	1.1458e-002	0.	0.
96750	-0.34099	1.3386e-002	0.	0.
96751	-0.34094	1.1533e-002	0.	0.
96752	-0.3399	1.1953e-002	0.	0.
96753	-0.33995	1.3068e-002	0.	0.
96754	-0.34212	1.3542e-002	0.	0.
96755	-0.34258	1.25e-002	0.	0.
96758	-0.35398	1.156e-002	0.	0.
96759	-0.35435	1.3542e-002	0.	0.
96760	-0.35533	1.208e-002	0.	0.
96761	-0.35522	1.3021e-002	0.	0.
96762	-0.35364	1.3129e-002	0.	0.
96763	-0.35475	1.1666e-002	0.	0.
96766	-0.35468	-1.3446e-002	0.	0.
96767	-0.35519	-1.1709e-002	0.	0.
96768	-0.35344	-1.2334e-002	0.	0.
96769	-0.35539	-1.2761e-002	0.	0.
96770	-0.3537	-1.1368e-002	0.	0.
96771	-0.35393	-1.3059e-002	0.	0.
96775	-0.37988	1.3542e-002	0.	0.
96776	-0.38104	1.1458e-002	0.	0.
96777	-0.37942	1.25e-002	0.	0.
96778	-0.38154	1.25e-002	0.	0.
96779	-0.37996	1.1458e-002	0.	0.
96780	-0.38072	1.3542e-002	0.	0.
96783	-0.381	-1.3395e-002	0.	0.
96784	-0.37988	-1.3542e-002	0.	0.
96785	-0.38104	-1.1458e-002	0.	0.
96786	-0.37996	-1.1458e-002	0.	0.
96787	-0.37942	-1.25e-002	0.	0.
96788	-0.38148	-1.2432e-002	0.	0.
96791	-0.33089	-1.362e-002	0.	0.
96792	-0.32979	-1.1629e-002	0.	0.
96793	-0.32934	-1.2593e-002	0.	0.
96794	-0.32981	-1.3543e-002	0.	0.
96795	-0.33142	-1.2674e-002	0.	0.
96796	-0.33075	-1.1652e-002	0.	0.
96800	0.39497	-1.3722e-002	0.	0.
96801	0.39677	-1.2747e-002	0.	0.
96802	0.39619	-1.173e-002	0.	0.
96803	0.39603	-1.371e-002	0.	0.
96804	0.39466	-1.2739e-002	0.	0.
96805	0.39518	-1.1717e-002	0.	0.
96808	-0.40456	-1.2277e-002	0.	0.
96809	-0.40611	-1.143e-002	0.	0.
96810	-0.40505	-1.3367e-002	0.	0.
96811	-0.40615	-1.3263e-002	0.	0.
96812	-0.40533	-1.142e-002	0.	0.
96813	-0.40633	-1.2316e-002	0.	0.
96816	-0.40635	1.1431e-002	0.	0.
96817	-0.40523	1.3587e-002	0.	0.
96818	-0.4071	1.2516e-002	0.	0.
96819	-0.40641	1.3679e-002	0.	0.
96820	-0.4047	1.2446e-002	0.	0.
96821	-0.40545	1.145e-002	0.	0.
96824	0.40585	1.1188e-002	0.	0.
96825	0.40665	1.3312e-002	0.	0.
96826	0.40513	1.225e-002	0.	0.
96827	0.4073	1.2261e-002	0.	0.
96828	0.40662	1.13e-002	0.	0.
96829	0.40581	1.2866e-002	0.	0.
96831	-0.31817	1.1917e-002	0.	0.
96832	-0.31985	1.3432e-002	0.	0.
96833	-0.31833	1.3055e-002	0.	0.
96834	-0.31896	1.1311e-002	0.	0.
96835	-0.32003	1.1633e-002	0.	0.
96836	-0.32021	1.2603e-002	0.	0.
96837	-0.31904	1.3358e-002	0.	0.
96841	0.40683	-1.1583e-002	0.	0.
96842	0.40488	-1.275e-002	0.	0.
96843	0.40749	-1.2776e-002	0.	0.
96844	0.40543	-1.1638e-002	0.	0.
96845	0.40569	-1.3771e-002	0.	0.
96846	0.40685	-1.3886e-002	0.	0.
96850	-0.31244	-6.9531e-003	0.	0.
96851	-0.31088	-5.2989e-003	0.	0.
96852	-0.31175	-4.4493e-003	0.	0.
96853	-0.31277	-4.875e-003	0.	0.
96854	-0.31297	-6.0234e-003	0.	0.
96855	-0.31152	-6.684e-003	0.	0.
96859	-0.368	-1.1357e-002	0.	0.
96860	-0.36819	-1.318e-002	0.	0.
96861	-0.36637	-1.2399e-002	0.	0.
96862	-0.3669	-1.1398e-002	0.	0.
96863	-0.36707	-1.309e-002	0.	0.
96864	-0.36832	-1.2163e-002	0.	0.
96869	-0.36682	1.3566e-002	0.	0.
96870	-0.36696	1.1458e-002	0.	0.
96871	-0.36804	1.1458e-002	0.	0.
96872	-0.36857	1.2649e-002	0.	0.
96873	-0.3664	1.2448e-002	0.	0.
96874	-0.36775	1.3542e-002	0.	0.
96877	0.35776	-1.3657e-002	0.	0.
96878	0.35799	-1.1417e-002	0.	0.
96879	0.35906	-1.3548e-002	0.	0.
96880	0.35953	-1.2506e-002	0.	0.
96881	0.35713	-1.2913e-002	0.	0.
96882	0.35905	-1.1638e-002	0.	0.
96883	0.3574	-1.2002e-002	0.	0.
96886	0.35933	1.1762e-002	0.	0.
96887	0.35787	1.3542e-002	0.	0.
96888	0.35899	1.3542e-002	0.	0.
96889	0.35742	1.25e-002	0.	0.
96890	0.35966	1.2674e-002	0.	0.
96891	0.35769	1.1458e-002	0.	0.
96895	0.36446	1.0417e-003	0.	0.
96896	0.36599	-5.2083e-004	0.	0.
96897	0.36527	9.7282e-004	0.	0.
96898	0.36392	0.	0.	0.
96899	0.36515	-1.0376e-003	0.	0.
96900	0.36603	5.264e-004	0.	0.
96901	0.36419	-1.0417e-003	0.	0.
96903	0.33884	-9.5486e-004	0.	0.
96904	0.33954	1.0417e-003	0.	0.
96905	0.33854	1.0844e-003	0.	0.
96906	0.34008	0.	0.	0.
96907	0.33808	-5.2083e-004	0.	0.
96908	0.33813	3.1996e-004	0.	0.
96912	-0.36046	-1.0417e-003	0.	0.
96913	-0.36199	5.2083e-004	0.	0.
96914	-0.35992	0.	0.	0.
96915	-0.36154	-1.0417e-003	0.	0.
96916	-0.36115	1.0376e-003	0.	0.
96917	-0.36019	1.0417e-003	0.	0.
96921	-0.38647	-9.5486e-004	0.	0.
96922	-0.38808	0.	0.	0.
96923	-0.38753	1.0417e-003	0.	0.
96924	-0.38592	0.	0.	0.
96925	-0.38645	1.0417e-003	0.	0.
96926	-0.38761	-1.1214e-003	0.	0.
96930	0.33015	-1.1311e-002	0.	0.
96931	0.32896	-1.3274e-002	0.	0.
96932	0.32894	-1.1122e-002	0.	0.
96933	0.32829	-1.2317e-002	0.	0.
96934	0.33009	-1.3279e-002	0.	0.
96935	0.33056	-1.2323e-002	0.	0.
96937	0.32806	1.2844e-002	0.	0.
96938	0.32856	1.1891e-002	0.	0.
96939	0.32897	1.3462e-002	0.	0.
96940	0.33009	1.3333e-002	0.	0.
96941	0.3304	1.24e-002	0.	0.
96942	0.32957	1.1698e-002	0.	0.
96946	-0.41201	-1.5426e-003	0.	0.
96947	-0.41364	-2.5089e-004	0.	0.
96948	-0.41155	-5.0089e-004	0.	0.
96949	-0.41332	-1.7023e-003	0.	0.
96950	-0.41201	5.4077e-004	0.	0.
96951	-0.41353	6.1574e-004	0.	0.
96952	-0.41283	9.0363e-004	0.	0.
96955	-0.39358	1.1458e-002	0.	0.
96956	-0.39404	1.25e-002	0.	0.
96957	-0.39196	1.25e-002	0.	0.
96958	-0.39351	1.3341e-002	0.	0.
96959	-0.39236	1.3281e-002	0.	0.
96960	-0.39279	1.1458e-002	0.	0.
96964	-0.39371	-1.1372e-002	0.	0.
96965	-0.39423	-1.2805e-002	0.	0.
96966	-0.39271	-1.1239e-002	0.	0.
96967	-0.39259	-1.3122e-002	0.	0.
96968	-0.39418	-1.1978e-002	0.	0.
96969	-0.39352	-1.3213e-002	0.	0.
96970	-0.39235	-1.2144e-002	0.	0.
96974	-0.33541	7.9416e-004	0.	0.
96975	-0.335	-2.7083e-004	0.	0.
96976	-0.33654	-1.2813e-003	0.	0.
96977	-0.33554	-1.3003e-003	0.	0.
96978	-0.33696	-7.7207e-005	0.	0.
96979	-0.33623	8.099e-004	0.	0.
96982	-0.34195	-1.149e-002	0.	0.
96983	-0.34307	-1.3465e-002	0.	0.
96984	-0.34154	-1.2422e-002	0.	0.
96985	-0.34349	-1.2348e-002	0.	0.
96986	-0.34215	-1.33e-002	0.	0.
96987	-0.3427	-1.148e-002	0.	0.
96991	0.41382	2.3913e-003	0.	0.
96992	0.4137	2.6107e-004	0.	0.
96993	0.41275	6.1626e-004	0.	0.
96994	0.41251	1.5637e-003	0.	0.
96995	0.41423	1.0295e-003	0.	0.
96996	0.41294	2.3479e-003	0.	0.
96998	0.38282	-1.3574e-002	0.	0.
96999	0.38391	-1.1684e-002	0.	0.
97000	0.38365	-1.3534e-002	0.	0.
97001	0.38305	-1.1802e-002	0.	0.
97002	0.38412	-1.2633e-002	0.	0.
97003	0.38255	-1.2667e-002	0.	0.
97007	0.38399	1.1415e-002	0.	0.
97008	0.38284	1.3427e-002	0.	0.
97009	0.38384	1.3422e-002	0.	0.
97010	0.38292	1.1339e-002	0.	0.
97011	0.38263	1.2383e-002	0.	0.
97012	0.38416	1.25e-002	0.	0.
97015	0.38922	8.0208e-004	0.	0.
97016	0.38922	-1.2813e-003	0.	0.
97017	0.38995	-1.2956e-003	0.	0.
97018	0.38995	7.8776e-004	0.	0.
97019	0.38902	-2.3438e-004	0.	0.
97020	0.39048	-2.6563e-004	0.	0.
97023	-0.33001	1.114e-002	0.	0.
97024	-0.33044	1.3371e-002	0.	0.
97025	-0.33146	1.1269e-002	0.	0.
97026	-0.33142	1.279e-002	0.	0.
97027	-0.32938	1.2392e-002	0.	0.
97029	-0.30997	7.1719e-003	0.	0.
97030	-0.30862	7.907e-003	0.	0.
97031	-0.31096	8.9122e-003	0.	0.
97032	-0.30993	9.4264e-003	0.	0.
97033	-0.31055	7.9694e-003	0.	0.
97034	-0.3089	8.8588e-003	0.	0.
97035	-0.30928	7.4396e-003	0.	0.
97038	-0.31421	-1.5177e-002	0.	0.
97039	-0.31658	-1.6068e-002	0.	0.
97040	-0.31492	-1.4185e-002	0.	0.
97041	-0.31563	-1.6674e-002	0.	0.
97042	-0.31444	-1.6229e-002	0.	0.
97043	-0.31596	-1.4292e-002	0.	0.
97044	-0.31634	-1.505e-002	0.	0.
97049	0.31691	1.6748e-002	0.	0.
97050	0.31746	1.59e-002	0.	0.
97051	0.31694	1.4716e-002	0.	0.
97052	0.31579	1.6545e-002	0.	0.
97053	0.31526	1.5416e-002	0.	0.
97054	0.31587	1.4763e-002	0.	0.
97059	0.3167	-1.6458e-002	0.	0.
97060	0.31741	-1.5781e-002	0.	0.
97061	0.31689	-1.4556e-002	0.	0.
97062	0.31574	-1.6131e-002	0.	0.
97063	0.31526	-1.5102e-002	0.	0.
97064	0.31582	-1.4584e-002	0.	0.
97066	-0.41733	9.6343e-003	0.	0.
97067	-0.41978	1.0545e-002	0.	0.
97068	-0.41883	1.1335e-002	0.	0.
97069	-0.41853	9.0521e-003	0.	0.
97070	-0.41938	9.4488e-003	0.	0.
97071	-0.41801	1.1114e-002	0.	0.
97075	-0.41325	-1.3226e-002	0.	0.
97076	-0.4112	-1.4136e-002	0.	0.
97077	-0.41326	-1.4194e-002	0.	0.
97078	-0.41255	-1.4785e-002	0.	0.
97079	-0.41146	-1.3251e-002	0.	0.
97080	-0.41231	-1.2754e-002	0.	0.
97081	-0.41169	-1.4923e-002	0.	0.
97085	0.41979	-1.0708e-002	0.	0.
97086	0.41777	-9.3958e-003	0.	0.
97087	0.41824	-1.1246e-002	0.	0.
97088	0.41991	-9.6613e-003	0.	0.
97089	0.41896	-9.e-003	0.	0.
97090	0.41752	-1.0663e-002	0.	0.
97091	0.41939	-1.1595e-002	0.	0.
97095	0.41979	1.3569e-002	0.	0.
97096	0.41771	1.3931e-002	0.	0.
97097	0.41868	1.5379e-002	0.	0.
97098	0.41889	1.2972e-002	0.	0.
97099	0.41979	1.4569e-002	0.	0.
97100	0.41815	1.3286e-002	0.	0.
97101	0.41804	1.4714e-002	0.	0.
97104	0.32106	7.9574e-003	0.	0.
97105	0.32198	1.0218e-002	0.	0.
97106	0.32264	9.1837e-003	0.	0.
97107	0.3206	9.8287e-003	0.	0.
97108	0.32212	8.1507e-003	0.	0.
97109	0.32037	8.6501e-003	0.	0.
97111	0.32201	-1.0313e-002	0.	0.
97112	0.32262	-9.4574e-003	0.	0.
97113	0.32042	-8.7994e-003	0.	0.
97114	0.32073	-9.8753e-003	0.	0.
97115	0.32127	-8.3597e-003	0.	0.
97116	0.32221	-8.6638e-003	0.	0.
97120	-0.3196	-6.8555e-003	0.	0.
97121	-0.32053	-8.7924e-003	0.	0.
97122	-0.31936	-8.694e-003	0.	0.
97123	-0.31897	-7.6625e-003	0.	0.
97124	-0.32052	-6.9362e-003	0.	0.
97125	-0.32085	-7.6966e-003	0.	0.
97128	-0.31816	4.1966e-003	0.	0.
97129	-0.31637	2.7737e-003	0.	0.
97130	-0.31749	2.9691e-003	0.	0.
97131	-0.31572	3.4749e-003	0.	0.
97132	-0.31719	4.9857e-003	0.	0.
97133	-0.31608	4.5404e-003	0.	0.
97135	-0.31264	1.5817e-002	0.	0.
97136	-0.31292	1.6935e-002	0.	0.
97137	-0.31159	1.5722e-002	0.	0.
97138	-0.3124	1.7547e-002	0.	0.
97139	-0.31093	1.6566e-002	0.	0.
97140	-0.31123	1.7321e-002	0.	0.
97143	0.3077	-1.2729e-002	0.	0.
97144	0.30935	-1.3773e-002	0.	0.
97145	0.30694	-1.4715e-002	0.	0.
97146	0.30879	-1.4918e-002	0.	0.
97147	0.307	-1.3734e-002	0.	0.
97148	0.30858	-1.3207e-002	0.	0.
97149	0.30774	-1.5233e-002	0.	0.
97153	0.30762	1.5484e-002	0.	0.
97154	0.30878	1.3234e-002	0.	0.
97155	0.30889	1.4795e-002	0.	0.
97156	0.30706	1.3613e-002	0.	0.
97157	0.30793	1.2935e-002	0.	0.
97158	0.30715	1.4566e-002	0.	0.
97163	0.33685	1.1458e-002	0.	0.
97164	0.33812	1.3542e-002	0.	0.
97165	0.3379	1.1458e-002	0.	0.
97166	0.33713	1.3542e-002	0.	0.
97167	0.3365	1.25e-002	0.	0.
97168	0.3385	1.25e-002	0.	0.
97170	0.33713	-1.3542e-002	0.	0.
97171	0.33812	-1.3542e-002	0.	0.
97172	0.33696	-1.1458e-002	0.	0.
97173	0.3385	-1.25e-002	0.	0.
97174	0.3365	-1.25e-002	0.	0.
97175	0.33809	-1.1719e-002	0.	0.
97177	0.41539	-1.8968e-002	0.	0.
97178	0.41704	-1.8206e-002	0.	0.
97179	0.41489	-1.8073e-002	0.	0.
97180	0.41677	-1.7097e-002	0.	0.
97181	0.41555	-1.6984e-002	0.	0.
97182	0.41627	-1.877e-002	0.	0.
97184	-0.4143	1.7107e-002	0.	0.
97185	-0.41649	1.6591e-002	0.	0.
97186	-0.41557	1.6005e-002	0.	0.
97187	-0.41495	1.8008e-002	0.	0.
97188	-0.41476	1.6331e-002	0.	0.
97189	-0.41605	1.7757e-002	0.	0.
97192	0.33351	7.2121e-003	0.	0.
97193	0.33468	7.2917e-003	0.	0.
97194	0.33361	4.8611e-003	0.	0.
97195	0.33304	5.9896e-003	0.	0.
97196	0.33455	5.1892e-003	0.	0.
97197	0.33525	6.25e-003	0.	0.
97201	0.33479	-7.2917e-003	0.	0.
97202	0.33346	-7.2917e-003	0.	0.
97203	0.33334	-5.5021e-003	0.	0.
97204	0.33525	-6.25e-003	0.	0.
97205	0.33334	-6.3121e-003	0.	0.
97206	0.33486	-5.5899e-003	0.	0.
97209	-0.30908	-1.4538e-002	0.	0.
97210	-0.30841	-1.5421e-002	0.	0.
97211	-0.30682	-1.3942e-002	0.	0.
97212	-0.3077	-1.3418e-002	0.	0.
97213	-0.30846	-1.3812e-002	0.	0.
97214	-0.30696	-1.4838e-002	0.	0.
97216	0.41056	-4.6545e-003	0.	0.
97217	0.40934	-6.8167e-003	0.	0.
97218	0.41023	-6.6284e-003	0.	0.
97219	0.41064	-5.71e-003	0.	0.
97220	0.40975	-4.7081e-003	0.	0.
97221	0.40913	-5.7817e-003	0.	0.
97225	-0.32235	-1.308e-002	0.	0.
97226	-0.3221	-1.5121e-002	0.	0.
97227	-0.32317	-1.5212e-002	0.	0.
97228	-0.32169	-1.4055e-002	0.	0.
97229	-0.32386	-1.4228e-002	0.	0.
97230	-0.32342	-1.3171e-002	0.	0.
97234	-0.40958	4.9167e-003	0.	0.
97235	-0.40854	4.9444e-003	0.	0.
97236	-0.40842	7.0833e-003	0.	0.
97237	-0.41021	5.9819e-003	0.	0.
97238	-0.40796	6.0208e-003	0.	0.
97239	-0.4095	6.8889e-003	0.	0.
97241	0.35538	1.9732e-002	0.	0.
97242	0.35538	1.7622e-002	0.	0.
97243	0.35421	1.9854e-002	0.	0.
97244	0.35347	1.8876e-002	0.	0.
97245	0.35434	1.7535e-002	0.	0.
97246	0.35578	1.8403e-002	0.	0.
97247	0.35378	1.8111e-002	0.	0.
97251	0.35414	-1.7697e-002	0.	0.
97252	0.35386	-1.9944e-002	0.	0.
97253	0.35526	-1.7859e-002	0.	0.
97254	0.35317	-1.8176e-002	0.	0.
97255	0.35523	-1.8981e-002	0.	0.
97256	0.3535	-1.8999e-002	0.	0.
97257	0.35483	-1.9826e-002	0.	0.
97259	-0.37758	-1.9792e-002	0.	0.
97260	-0.37761	-1.7679e-002	0.	0.
97261	-0.3764	-1.9855e-002	0.	0.
97262	-0.37827	-1.8706e-002	0.	0.
97263	-0.37583	-1.875e-002	0.	0.
97264	-0.37669	-1.7708e-002	0.	0.
97268	-0.37628	1.9866e-002	0.	0.
97269	-0.37629	1.7708e-002	0.	0.
97270	-0.37746	1.9792e-002	0.	0.
97271	-0.37745	1.7857e-002	0.	0.
97272	-0.37569	1.875e-002	0.	0.
97273	-0.37825	1.875e-002	0.	0.
97276	-0.34454	1.9792e-002	0.	0.
97277	-0.34458	1.7593e-002	0.	0.
97278	-0.34579	1.9854e-002	0.	0.
97279	-0.34653	1.8876e-002	0.	0.
97280	-0.34566	1.7535e-002	0.	0.
97281	-0.34413	1.8403e-002	0.	0.
97282	-0.34622	1.8115e-002	0.	0.
97284	-0.31097	3.1814e-004	0.	0.
97285	-0.31172	1.9193e-003	0.	0.
97286	-0.31085	2.6088e-003	0.	0.
97287	-0.31012	7.4704e-004	0.	0.
97288	-0.31157	9.8933e-004	0.	0.
97289	-0.31011	1.7758e-003	0.	0.
97292	0.3075	-1.8181e-003	0.	0.
97293	0.30533	-1.6306e-003	0.	0.
97294	0.30631	-1.1938e-003	0.	0.
97295	0.30609	-3.0833e-003	0.	0.
97296	0.30703	-2.6477e-003	0.	0.
97297	0.30536	-2.3885e-003	0.	0.
97301	-0.41965	-9.7393e-003	0.	0.
97302	-0.41731	-9.7083e-003	0.	0.
97303	-0.41973	-1.071e-002	0.	0.
97304	-0.41859	-1.1365e-002	0.	0.
97305	-0.41736	-1.0826e-002	0.	0.
97306	-0.41825	-9.3835e-003	0.	0.
97310	-0.32639	4.8614e-003	0.	0.
97311	-0.32579	5.6685e-003	0.	0.
97312	-0.32631	6.8143e-003	0.	0.
97313	-0.32747	6.9319e-003	0.	0.
97314	-0.3273	5.0441e-003	0.	0.
97315	-0.32781	5.9146e-003	0.	0.
97318	-0.39708	-5.2083e-003	0.	0.
97319	-0.39553	-6.3585e-003	0.	0.
97320	-0.39592	-7.2917e-003	0.	0.
97321	-0.39754	-6.2708e-003	0.	0.
97322	-0.39696	-7.3056e-003	0.	0.
97323	-0.39613	-5.4687e-003	0.	0.
97328	-0.39704	5.1181e-003	0.	0.
97329	-0.39596	4.9563e-003	0.	0.
97330	-0.39599	7.2324e-003	0.	0.
97331	-0.39539	6.1597e-003	0.	0.
97332	-0.39693	6.8744e-003	0.	0.
97333	-0.39747	6.0158e-003	0.	0.
97336	0.39278	1.7658e-002	0.	0.
97337	0.3932	1.8649e-002	0.	0.
97338	0.39268	1.9711e-002	0.	0.
97339	0.39179	1.9716e-002	0.	0.
97340	0.3919	1.7828e-002	0.	0.
97341	0.39143	1.8759e-002	0.	0.
97343	0.39929	4.9396e-003	0.	0.
97344	0.40001	5.9275e-003	0.	0.
97345	0.39949	6.99e-003	0.	0.
97346	0.3984	7.0283e-003	0.	0.
97347	0.3984	5.0718e-003	0.	0.
97348	0.39796	6.0122e-003	0.	0.
97351	0.38603	7.1146e-003	0.	0.
97352	0.38709	5.0104e-003	0.	0.
97353	0.38684	6.9727e-003	0.	0.
97354	0.38582	6.0742e-003	0.	0.
97355	0.3873	6.0508e-003	0.	0.
97356	0.38636	5.0234e-003	0.	0.
97358	0.3804	1.7536e-002	0.	0.
97359	0.37866	1.8724e-002	0.	0.
97360	0.37932	1.9761e-002	0.	0.
97361	0.37919	1.7649e-002	0.	0.
97362	0.38023	1.9739e-002	0.	0.
97363	0.38076	1.8686e-002	0.	0.
97367	0.319	3.8711e-003	0.	0.
97368	0.32066	2.4282e-003	0.	0.
97369	0.32075	3.3841e-003	0.	0.
97370	0.31865	2.956e-003	0.	0.
97371	0.31993	4.1021e-003	0.	0.
97372	0.31909	2.2902e-003	0.	0.
97373	0.31981	2.17e-003	0.	0.
97377	0.32685	1.7697e-002	0.	0.
97378	0.3266	1.9761e-002	0.	0.
97379	0.32551	1.7501e-002	0.	0.
97380	0.32487	1.8758e-002	0.	0.
97381	0.32532	1.9803e-002	0.	0.
97382	0.32717	1.8801e-002	0.	0.
97385	0.32544	-1.7558e-002	0.	0.
97386	0.32501	-1.8763e-002	0.	0.
97387	0.32693	-1.7569e-002	0.	0.
97388	0.32742	-1.8662e-002	0.	0.
97389	0.32553	-1.9609e-002	0.	0.
97390	0.32698	-1.9339e-002	0.	0.
97391	0.32634	-1.9543e-002	0.	0.
97394	-0.38321	-7.2917e-003	0.	0.
97395	-0.38267	-6.25e-003	0.	0.
97396	-0.38491	-5.7292e-003	0.	0.
97397	-0.38432	-5.0409e-003	0.	0.
97398	-0.38321	-5.2083e-003	0.	0.
97399	-0.38399	-7.2917e-003	0.	0.
97400	-0.38481	-6.6521e-003	0.	0.
97403	-0.38309	4.8376e-003	0.	0.
97404	-0.38418	4.8621e-003	0.	0.
97405	-0.38242	5.6452e-003	0.	0.
97406	-0.38461	5.732e-003	0.	0.
97407	-0.3843	6.8156e-003	0.	0.
97408	-0.38311	6.5166e-003	0.	0.
97411	-0.36495	5.3939e-003	0.	0.
97412	-0.36489	7.3423e-003	0.	0.
97413	-0.36376	7.1958e-003	0.	0.
97414	-0.36545	6.3559e-003	0.	0.
97415	-0.364	5.37e-003	0.	0.
97416	-0.3636	6.1629e-003	0.	0.
97419	-0.36317	-6.25e-003	0.	0.
97420	-0.36371	-5.2083e-003	0.	0.
97421	-0.36371	-7.2917e-003	0.	0.
97422	-0.36479	-5.2083e-003	0.	0.
97423	-0.36533	-6.25e-003	0.	0.
97424	-0.36488	-7.2988e-003	0.	0.
97428	-0.35829	-7.2917e-003	0.	0.
97429	-0.35631	-6.25e-003	0.	0.
97430	-0.35829	-5.2083e-003	0.	0.
97431	-0.35713	-5.3571e-003	0.	0.
97432	-0.35883	-6.25e-003	0.	0.
97433	-0.35712	-7.0186e-003	0.	0.
97436	-0.35721	5.2083e-003	0.	0.
97437	-0.35829	5.2083e-003	0.	0.
97438	-0.35829	7.2917e-003	0.	0.
97439	-0.35667	6.25e-003	0.	0.
97440	-0.35722	7.3281e-003	0.	0.
97441	-0.35865	6.25e-003	0.	0.
97444	0.34279	-5.2083e-003	0.	0.
97445	0.34279	-7.2917e-003	0.	0.
97446	0.34334	-6.2954e-003	0.	0.
97447	0.34179	-7.2917e-003	0.	0.
97448	0.34127	-6.1105e-003	0.	0.
97449	0.34193	-5.2256e-003	0.	0.
97452	0.34185	5.199e-003	0.	0.
97453	0.34125	6.25e-003	0.	0.
97454	0.34283	7.2917e-003	0.	0.
97455	0.34166	7.0313e-003	0.	0.
97456	0.34267	5.5685e-003	0.	0.
97457	0.34319	6.2054e-003	0.	0.
97462	0.36816	7.2356e-003	0.	0.
97463	0.36835	5.2938e-003	0.	0.
97464	0.36906	5.7292e-003	0.	0.
97465	0.36744	6.7708e-003	0.	0.
97466	0.36897	6.5972e-003	0.	0.
97467	0.36753	5.9028e-003	0.	0.
97469	0.36896	-5.3935e-003	0.	0.
97470	0.36889	-7.3423e-003	0.	0.
97471	0.36786	-7.2645e-003	0.	0.
97472	0.36944	-6.3559e-003	0.	0.
97473	0.368	-5.37e-003	0.	0.
97474	0.36762	-6.3006e-003	0.	0.
97476	0.36229	7.2917e-003	0.	0.
97477	0.3628	6.3513e-003	0.	0.
97478	0.36242	5.2273e-003	0.	0.
97479	0.36116	5.3391e-003	0.	0.
97480	0.36126	7.1523e-003	0.	0.
97481	0.36096	6.3716e-003	0.	0.
97485	0.36129	-5.3168e-003	0.	0.
97486	0.36229	-5.2083e-003	0.	0.
97487	0.36229	-7.2917e-003	0.	0.
97488	0.36067	-6.25e-003	0.	0.
97489	0.36117	-7.3508e-003	0.	0.
97490	0.36265	-6.25e-003	0.	0.
97492	0.36242	1.7708e-002	0.	0.
97493	0.36115	1.7708e-002	0.	0.
97494	0.36129	1.9792e-002	0.	0.
97495	0.36271	1.8833e-002	0.	0.
97496	0.36062	1.8792e-002	0.	0.
97497	0.36218	1.9644e-002	0.	0.
97501	0.35579	7.2917e-003	0.	0.
97502	0.35417	6.25e-003	0.	0.
97503	0.35471	5.2083e-003	0.	0.
97504	0.35579	5.2083e-003	0.	0.
97505	0.35471	7.2917e-003	0.	0.
97506	0.35629	6.211e-003	0.	0.
97509	0.36224	-1.7857e-002	0.	0.
97510	0.36053	-1.8899e-002	0.	0.
97511	0.3615	-2.0127e-002	0.	0.
97512	0.36111	-1.7857e-002	0.	0.
97513	0.36276	-1.8899e-002	0.	0.
97514	0.36231	-1.9888e-002	0.	0.
97515	0.36087	-1.9688e-002	0.	0.
97518	0.35597	-5.1639e-003	0.	0.
97519	0.35648	-6.1121e-003	0.	0.
97520	0.35483	-5.4248e-003	0.	0.
97521	0.35562	-6.7852e-003	0.	0.
97522	0.35481	-6.3853e-003	0.	0.
97524	-0.36358	1.749e-002	0.	0.
97525	-0.36357	1.9733e-002	0.	0.
97526	-0.36465	1.765e-002	0.	0.
97527	-0.36515	1.8691e-002	0.	0.
97528	-0.3646	1.9733e-002	0.	0.
97529	-0.36308	1.893e-002	0.	0.
97530	-0.36309	1.8184e-002	0.	0.
97532	-0.37021	7.2917e-003	0.	0.
97533	-0.37183	6.3988e-003	0.	0.
97534	-0.36962	6.5357e-003	0.	0.
97535	-0.37129	5.2083e-003	0.	0.
97536	-0.37043	5.2951e-003	0.	0.
97537	-0.37102	7.2917e-003	0.	0.
97538	-0.36993	5.8412e-003	0.	0.
97540	-0.3636	-1.7737e-002	0.	0.
97541	-0.36472	-1.7897e-002	0.	0.
97542	-0.3646	-1.9882e-002	0.	0.
97543	-0.36521	-1.8953e-002	0.	0.
97544	-0.36308	-1.8779e-002	0.	0.
97545	-0.36353	-1.9835e-002	0.	0.
97549	-0.37021	-5.2083e-003	0.	0.
97550	-0.36967	-6.25e-003	0.	0.
97551	-0.37139	-5.4832e-003	0.	0.
97552	-0.37007	-7.2834e-003	0.	0.
97553	-0.37129	-7.2917e-003	0.	0.
97554	-0.37186	-6.3247e-003	0.	0.
97557	-0.40161	1.9792e-002	0.	0.
97558	-0.40175	1.7708e-002	0.	0.
97559	-0.40349	1.8899e-002	0.	0.
97560	-0.40104	1.875e-002	0.	0.
97561	-0.4029	1.7708e-002	0.	0.
97562	-0.40273	1.9839e-002	0.	0.
97568	-0.40264	-1.7734e-002	0.	0.
97569	-0.40255	-1.9818e-002	0.	0.
97570	-0.40104	-1.8169e-002	0.	0.
97571	-0.40305	-1.8877e-002	0.	0.
97572	-0.40153	-1.9818e-002	0.	0.
97573	-0.40097	-1.9068e-002	0.	0.
97574	-0.40165	-1.7436e-002	0.	0.
97578	-0.38429	-1.9792e-002	0.	0.
97579	-0.38424	-1.7783e-002	0.	0.
97580	-0.38281	-1.824e-002	0.	0.
97581	-0.38503	-1.875e-002	0.	0.
97582	-0.38318	-1.9792e-002	0.	0.
97583	-0.38258	-1.9074e-002	0.	0.
97586	-0.38301	1.7727e-002	0.	0.
97587	-0.38249	1.8787e-002	0.	0.
97588	-0.3835	1.9915e-002	0.	0.
97589	-0.3847	1.8331e-002	0.	0.
97590	-0.38445	1.9308e-002	0.	0.
97591	-0.38282	1.9564e-002	0.	0.
97592	-0.38394	1.7889e-002	0.	0.
97596	-0.35179	-7.2917e-003	0.	0.
97597	-0.35025	-6.2656e-003	0.	0.
97598	-0.35079	-7.3056e-003	0.	0.
97599	-0.35071	-5.2083e-003	0.	0.
97600	-0.35179	-5.2083e-003	0.	0.
97601	-0.35215	-6.25e-003	0.	0.
97604	-0.35179	5.2083e-003	0.	0.
97605	-0.35233	6.25e-003	0.	0.
97606	-0.34981	6.25e-003	0.	0.
97607	-0.35194	7.3135e-003	0.	0.
97608	-0.35065	7.146e-003	0.	0.
97609	-0.35063	5.3571e-003	0.	0.
97611	-0.33776	1.7734e-002	0.	0.
97612	-0.33928	1.853e-002	0.	0.
97613	-0.33904	1.9605e-002	0.	0.
97614	-0.33816	2.0223e-002	0.	0.
97615	-0.33714	1.9479e-002	0.	0.
97616	-0.33697	1.8345e-002	0.	0.
97617	-0.33867	1.7987e-002	0.	0.
97622	-0.34529	5.2083e-003	0.	0.
97623	-0.34429	5.1875e-003	0.	0.
97624	-0.34375	6.2292e-003	0.	0.
97625	-0.34421	7.2917e-003	0.	0.
97626	-0.34529	7.2917e-003	0.	0.
97627	-0.34565	6.25e-003	0.	0.
97632	0.37397	-7.4666e-003	0.	0.
97633	0.37349	-6.6564e-003	0.	0.
97634	0.37529	-5.8301e-003	0.	0.
97635	0.37484	-7.3972e-003	0.	0.
97636	0.37533	-6.4737e-003	0.	0.
97637	0.37396	-5.968e-003	0.	0.
97640	0.37409	5.2046e-003	0.	0.
97641	0.37508	5.1982e-003	0.	0.
97642	0.37357	6.1444e-003	0.	0.
97643	0.37393	7.2735e-003	0.	0.
97644	0.37483	7.2776e-003	0.	0.
97645	0.37537	6.2346e-003	0.	0.
97649	0.3986	1.9687e-002	0.	0.
97650	0.39856	1.7563e-002	0.	0.
97651	0.39931	1.8625e-002	0.	0.
97652	0.3976	1.9687e-002	0.	0.
97653	0.39713	1.8625e-002	0.	0.
97654	0.3976	1.7563e-002	0.	0.
97658	-0.34618	-1.9842e-002	0.	0.
97659	-0.34699	-1.8877e-002	0.	0.
97660	-0.34508	-1.7787e-002	0.	0.
97661	-0.34633	-1.7772e-002	0.	0.
97662	-0.34469	-1.8905e-002	0.	0.
97663	-0.34529	-1.9847e-002	0.	0.
97667	-0.33871	-5.4063e-003	0.	0.
97668	-0.33879	-7.4792e-003	0.	0.
97669	-0.3397	-5.2392e-003	0.	0.
97670	-0.33979	-7.4688e-003	0.	0.
97671	-0.33825	-6.4514e-003	0.	0.
97672	-0.34025	-6.4219e-003	0.	0.
97674	0.41638	8.6418e-003	0.	0.
97675	0.41544	8.5856e-003	0.	0.
97676	0.41554	6.5972e-003	0.	0.
97677	0.41705	7.8229e-003	0.	0.
97678	0.41652	6.7431e-003	0.	0.
97679	0.41499	7.5174e-003	0.	0.
97684	0.38722	-5.4069e-003	0.	0.
97685	0.38715	-7.4798e-003	0.	0.
97686	0.38783	-6.3061e-003	0.	0.
97687	0.38616	-7.4694e-003	0.	0.
97688	0.38602	-6.3204e-003	0.	0.
97689	0.38648	-5.3939e-003	0.	0.
97692	0.37944	-1.9851e-002	0.	0.
97693	0.37879	-1.8874e-002	0.	0.
97694	0.3806	-1.7779e-002	0.	0.
97695	0.37948	-1.777e-002	0.	0.
97696	0.38028	-1.9844e-002	0.	0.
97697	0.38074	-1.8894e-002	0.	0.
97699	-0.40842	-7.5e-003	0.	0.
97700	-0.40794	-6.3892e-003	0.	0.
97701	-0.41019	-6.9583e-003	0.	0.
97702	-0.40992	-5.7814e-003	0.	0.
97703	-0.40899	-5.1495e-003	0.	0.
97704	-0.40816	-5.4598e-003	0.	0.
97705	-0.40923	-7.3255e-003	0.	0.
97710	-0.33938	5.0854e-003	0.	0.
97711	-0.3379	7.0253e-003	0.	0.
97712	-0.33921	7.1875e-003	0.	0.
97713	-0.33975	6.1458e-003	0.	0.
97714	-0.33856	5.0697e-003	0.	0.
97715	-0.33805	5.9768e-003	0.	0.
97717	-0.32188	1.7699e-002	0.	0.
97718	-0.32293	1.9888e-002	0.	0.
97719	-0.32306	1.8205e-002	0.	0.
97720	-0.32149	1.8861e-002	0.	0.
97721	-0.32331	1.9091e-002	0.	0.
97722	-0.32207	1.9787e-002	0.	0.
97726	-0.32663	-5.5377e-003	0.	0.
97727	-0.3277	-5.4386e-003	0.	0.
97728	-0.32825	-6.6094e-003	0.	0.
97729	-0.32771	-7.6052e-003	0.	0.
97730	-0.32618	-6.5339e-003	0.	0.
97731	-0.32672	-7.5547e-003	0.	0.
97735	-0.33423	-2.0199e-002	0.	0.
97736	-0.33298	-1.8037e-002	0.	0.
97737	-0.33319	-2.0141e-002	0.	0.
97738	-0.33269	-1.9171e-002	0.	0.
97739	-0.33417	-1.8129e-002	0.	0.
97740	-0.33458	-1.9266e-002	0.	0.
97743	0.39802	-7.6453e-003	0.	0.
97744	0.39925	-7.4214e-003	0.	0.
97745	0.39874	-5.5753e-003	0.	0.
97746	0.39797	-5.9575e-003	0.	0.
97747	0.39757	-6.8282e-003	0.	0.
97748	0.39912	-6.4411e-003	0.	0.
97751	0.39168	-1.9916e-002	0.	0.
97752	0.39265	-1.7854e-002	0.	0.
97753	0.3926	-1.9896e-002	0.	0.
97754	0.39172	-1.8227e-002	0.	0.
97755	0.39299	-1.913e-002	0.	0.
97756	0.39131	-1.8999e-002	0.	0.
97759	0.40902	1.9687e-002	0.	0.
97760	0.4073	1.8452e-002	0.	0.
97761	0.40986	1.8897e-002	0.	0.
97762	0.40786	1.9687e-002	0.	0.
97763	0.40823	1.7563e-002	0.	0.
97764	0.40927	1.7715e-002	0.	0.
97768	0.40347	4.6986e-003	0.	0.
97769	0.40474	5.9588e-003	0.	0.
97770	0.40236	5.8095e-003	0.	0.
97771	0.40321	6.872e-003	0.	0.
97772	0.40446	5.0749e-003	0.	0.
97773	0.40242	4.747e-003	0.	0.
97774	0.40405	6.5705e-003	0.	0.
97778	0.39746	-1.9878e-002	0.	0.
97779	0.3976	-1.7727e-002	0.	0.
97780	0.39864	-1.7836e-002	0.	0.
97781	0.39854	-1.9823e-002	0.	0.
97782	0.39876	-1.8853e-002	0.	0.
97783	0.39685	-1.9112e-002	0.	0.
97784	0.3971	-1.8378e-002	0.	0.
97786	-0.41959	-1.4647e-002	0.	0.
97787	-0.41742	-1.4286e-002	0.	0.
97788	-0.4186	-1.3706e-002	0.	0.
97789	-0.41774	-1.5262e-002	0.	0.
97790	-0.41879	-1.5766e-002	0.	0.
97791	-0.41953	-1.3875e-002	0.	0.
97794	0.33438	-1.9868e-002	0.	0.
97795	0.33558	-1.9864e-002	0.	0.
97796	0.33387	-1.8904e-002	0.	0.
97797	0.33603	-1.8889e-002	0.	0.
97798	0.33434	-1.8038e-002	0.	0.
97799	0.33536	-1.7998e-002	0.	0.
97803	0.33565	1.9986e-002	0.	0.
97804	0.33535	1.78e-002	0.	0.
97805	0.33614	1.8815e-002	0.	0.
97806	0.3339	1.892e-002	0.	0.
97807	0.33446	1.9857e-002	0.	0.
97808	0.33432	1.8164e-002	0.	0.
97810	-0.41156	1.0539e-002	0.	0.
97811	-0.41283	1.05e-002	0.	0.
97812	-0.41147	1.2355e-002	0.	0.
97813	-0.41328	1.1462e-002	0.	0.
97814	-0.41111	1.1471e-002	0.	0.
97815	-0.41219	1.2484e-002	0.	0.
97819	0.30532	6.7127e-003	0.	0.
97820	0.30632	7.3533e-003	0.	0.
97821	0.30722	5.4731e-003	0.	0.
97822	0.30726	6.7271e-003	0.	0.
97823	0.30532	5.671e-003	0.	0.
97824	0.30632	5.4576e-003	0.	0.
97827	-0.37779	-7.2917e-003	0.	0.
97828	-0.37617	-6.25e-003	0.	0.
97829	-0.37671	-5.2083e-003	0.	0.
97830	-0.37779	-5.2083e-003	0.	0.
97831	-0.37671	-7.2917e-003	0.	0.
97832	-0.37833	-6.25e-003	0.	0.
97835	-0.37671	7.2917e-003	0.	0.
97836	-0.37779	5.2083e-003	0.	0.
97837	-0.37788	7.3165e-003	0.	0.
97838	-0.37671	5.2083e-003	0.	0.
97839	-0.37617	6.25e-003	0.	0.
97840	-0.37834	6.2041e-003	0.	0.
97843	0.34803	-7.5014e-003	0.	0.
97844	0.34976	-6.3554e-003	0.	0.
97845	0.34753	-6.6725e-003	0.	0.
97846	0.34895	-7.3971e-003	0.	0.
97847	0.34854	-5.6505e-003	0.	0.
97848	0.34799	-5.9821e-003	0.	0.
97852	0.34806	5.2269e-003	0.	0.
97853	0.34815	7.3379e-003	0.	0.
97854	0.34915	7.3103e-003	0.	0.
97855	0.34969	6.2686e-003	0.	0.
97856	0.34915	5.2269e-003	0.	0.
97857	0.34726	5.9298e-003	0.	0.
97858	0.34762	6.739e-003	0.	0.
97862	-0.37996	-1.0417e-003	0.	0.
97863	-0.38104	-1.0417e-003	0.	0.
97864	-0.38158	0.	0.	0.
97865	-0.38104	1.0417e-003	0.	0.
97866	-0.37996	1.0417e-003	0.	0.
97867	-0.37938	5.8936e-005	0.	0.
97869	-0.39279	-9.0422e-004	0.	0.
97870	-0.39445	2.0019e-004	0.	0.
97871	-0.39285	1.0851e-003	0.	0.
97872	-0.39233	4.3403e-005	0.	0.
97873	-0.3938	-7.3785e-004	0.	0.
97874	-0.39366	1.0851e-003	0.	0.
97878	-0.35396	-1.0417e-003	0.	0.
97879	-0.35504	-1.0417e-003	0.	0.
97880	-0.35558	0.	0.	0.
97881	-0.35504	1.0417e-003	0.	0.
97882	-0.35396	1.0417e-003	0.	0.
97883	-0.35342	0.	0.	0.
97887	-0.36804	9.3485e-004	0.	0.
97888	-0.36696	-1.1485e-003	0.	0.
97889	-0.36854	-1.0682e-004	0.	0.
97890	-0.368	-1.1568e-003	0.	0.
97891	-0.36687	4.1402e-004	0.	0.
97895	0.34504	9.9585e-004	0.	0.
97896	0.34619	-8.7839e-004	0.	0.
97897	0.34452	-4.5814e-005	0.	0.
97898	0.34609	1.114e-003	0.	0.
97899	0.3446	-1.0145e-003	0.	0.
97900	0.34664	2.5146e-004	0.	0.
97901	0.34528	-1.4902e-003	0.	0.
97904	0.37204	-1.0417e-003	0.	0.
97905	0.37094	8.7893e-004	0.	0.
97906	0.37258	0.	0.	0.
97907	0.37204	1.0417e-003	0.	0.
97908	0.37087	-5.2083e-004	0.	0.
97912	0.35794	1.1719e-003	0.	0.
97913	0.35903	1.1719e-003	0.	0.
97914	0.35957	1.3021e-004	0.	0.
97915	0.35745	1.3021e-004	0.	0.
97916	0.35898	-6.5104e-004	0.	0.
97917	0.35798	-4.4788e-004	0.	0.
97921	0.35121	1.3542e-002	0.	0.
97922	0.35254	1.1458e-002	0.	0.
97923	0.3515	1.1372e-002	0.	0.
97924	0.35311	1.2413e-002	0.	0.
97925	0.35105	1.224e-002	0.	0.
97926	0.35266	1.3074e-002	0.	0.
97927	0.35205	1.3382e-002	0.	0.
97930	0.3656	1.1328e-002	0.	0.
97931	0.36404	1.2278e-002	0.	0.
97932	0.36458	1.3281e-002	0.	0.
97933	0.36565	1.3008e-002	0.	0.
97934	0.36479	1.1328e-002	0.	0.
97935	0.36597	1.207e-002	0.	0.
97939	0.36446	-1.1458e-002	0.	0.
97940	0.36552	-1.1347e-002	0.	0.
97941	0.36502	-1.3802e-002	0.	0.
97942	0.36395	-1.25e-002	0.	0.
97943	0.36607	-1.224e-002	0.	0.
97944	0.36581	-1.3261e-002	0.	0.
97948	0.35124	-1.136e-002	0.	0.
97949	0.35061	-1.231e-002	0.	0.
97950	0.35101	-1.3292e-002	0.	0.
97951	0.35226	-1.1528e-002	0.	0.
97952	0.35189	-1.3067e-002	0.	0.
97955	-0.37346	1.131e-002	0.	0.
97956	-0.37292	1.25e-002	0.	0.
97957	-0.37342	1.3542e-002	0.	0.
97958	-0.37454	1.1458e-002	0.	0.
97959	-0.37508	1.25e-002	0.	0.
97960	-0.37448	1.3542e-002	0.	0.
97964	-0.3605	1.1369e-002	0.	0.
97965	-0.36159	1.1268e-002	0.	0.
97966	-0.36217	1.2125e-002	0.	0.
97967	-0.36021	1.2976e-002	0.	0.
97968	-0.3612	1.3449e-002	0.	0.
97969	-0.36011	1.2089e-002	0.	0.
97970	-0.36182	1.2816e-002	0.	0.
97974	-0.36154	-1.1458e-002	0.	0.
97975	-0.36016	-1.2339e-002	0.	0.
97976	-0.36145	-1.3473e-002	0.	0.
97977	-0.36216	-1.2649e-002	0.	0.
97978	-0.36046	-1.3314e-002	0.	0.
97979	-0.36073	-1.1458e-002	0.	0.
97982	-0.37342	-1.3542e-002	0.	0.
97983	-0.37454	-1.1458e-002	0.	0.
97984	-0.37346	-1.1458e-002	0.	0.
97985	-0.37508	-1.25e-002	0.	0.
97986	-0.37448	-1.3542e-002	0.	0.
97987	-0.37303	-1.2481e-002	0.	0.
97992	-0.34734	1.1364e-002	0.	0.
97993	-0.34842	1.1364e-002	0.	0.
97994	-0.34676	1.2303e-002	0.	0.
97995	-0.34723	1.2973e-002	0.	0.
97996	-0.34876	1.2406e-002	0.	0.
97997	-0.34789	1.3187e-002	0.	0.
98001	-0.4198	1.8705e-003	0.	0.
98002	-0.41753	1.8438e-003	0.	0.
98003	-0.41918	2.445e-005	0.	0.
98004	-0.41821	1.5278e-004	0.	0.
98005	-0.41872	2.3646e-003	0.	0.
98006	-0.41773	9.2599e-004	0.	0.
98007	-0.41992	8.0771e-004	0.	0.
98011	0.32806	7.2112e-003	0.	0.
98012	0.32856	5.4687e-003	0.	0.
98013	0.32672	5.8125e-003	0.	0.
98014	0.3288	6.5749e-003	0.	0.
98015	0.32749	5.1198e-003	0.	0.
98016	0.32711	6.8883e-003	0.	0.
98020	0.32876	-6.3413e-003	0.	0.
98021	0.32746	-5.2083e-003	0.	0.
98022	0.32725	-7.2031e-003	0.	0.
98023	0.32689	-6.0104e-003	0.	0.
98024	0.32817	-7.1017e-003	0.	0.
98025	0.32821	-5.6169e-003	0.	0.
98029	-0.40688	1.9792e-002	0.	0.
98030	-0.40654	1.7708e-002	0.	0.
98031	-0.40599	1.8899e-002	0.	0.
98032	-0.40802	1.9868e-002	0.	0.
98033	-0.40784	1.7823e-002	0.	0.
98034	-0.40854	1.8903e-002	0.	0.
98037	-0.3515	1.875e-002	0.	0.
98038	-0.35196	1.7708e-002	0.	0.
98039	-0.35394	1.9184e-002	0.	0.
98040	-0.35385	1.8124e-002	0.	0.
98041	-0.35292	1.7864e-002	0.	0.
98042	-0.35306	1.9792e-002	0.	0.
98043	-0.35186	1.9531e-002	0.	0.
98047	0.34794	-1.793e-002	0.	0.
98048	0.34857	-1.8676e-002	0.	0.
98049	0.34817	-1.9792e-002	0.	0.
98050	0.34701	-1.7708e-002	0.	0.
98051	0.34713	-1.9792e-002	0.	0.
98052	0.34657	-1.8869e-002	0.	0.
98054	0.3485	1.875e-002	0.	0.
98055	0.34796	1.7738e-002	0.	0.
98056	0.34604	1.9172e-002	0.	0.
98057	0.3461	1.8144e-002	0.	0.
98058	0.34703	1.789e-002	0.	0.
98059	0.34692	1.9792e-002	0.	0.
98060	0.34814	1.9531e-002	0.	0.
98063	-0.38952	7.3134e-003	0.	0.
98064	-0.39052	5.1897e-003	0.	0.
98065	-0.39102	6.2314e-003	0.	0.
98066	-0.38938	5.101e-003	0.	0.
98067	-0.39045	7.2731e-003	0.	0.
98068	-0.3887	5.8408e-003	0.	0.
98071	-0.38885	-6.2227e-003	0.	0.
98072	-0.38906	-5.1976e-003	0.	0.
98073	-0.39075	-5.0608e-003	0.	0.
98074	-0.38945	-7.1567e-003	0.	0.
98075	-0.39111	-6.2857e-003	0.	0.
98076	-0.39024	-7.1567e-003	0.	0.
98077	-0.3898	-4.9412e-003	0.	0.
98080	0.36981	-1.9812e-002	0.	0.
98081	0.37094	-1.9815e-002	0.	0.
98082	0.3713	-1.8105e-002	0.	0.
98083	0.3693	-1.89e-002	0.	0.
98084	0.37058	-1.7728e-002	0.	0.
98085	0.37169	-1.9037e-002	0.	0.
98086	0.36974	-1.8009e-002	0.	0.
98089	0.37079	1.979e-002	0.	0.
98090	0.37055	1.7834e-002	0.	0.
98091	0.37154	1.8668e-002	0.	0.
98092	0.36925	1.8896e-002	0.	0.
98093	0.36975	1.979e-002	0.	0.
98094	0.36978	1.8188e-002	0.	0.
98096	0.41552	-5.5911e-003	0.	0.
98097	0.4168	-3.3983e-003	0.	0.
98098	0.41733	-4.4306e-003	0.	0.
98099	0.41687	-5.4158e-003	0.	0.
98100	0.41575	-3.546e-003	0.	0.
98101	0.41536	-4.5121e-003	0.	0.
98104	0.4119	-1.0413e-002	0.	0.
98105	0.41166	-1.2252e-002	0.	0.
98106	0.41127	-1.1321e-002	0.	0.
98107	0.41288	-9.9752e-003	0.	0.
98108	0.41261	-1.2186e-002	0.	0.
98109	0.41309	-1.1361e-002	0.	0.
98113	-0.35589	-1.97e-002	0.	0.
98114	-0.35475	-1.8143e-002	0.	0.
98115	-0.35667	-1.8789e-002	0.	0.
98116	-0.35537	-1.7575e-002	0.	0.
98117	-0.35483	-1.9183e-002	0.	0.
98118	-0.3563	-1.7884e-002	0.	0.
98122	-0.32902	1.9756e-002	0.	0.
98123	-0.32875	1.8847e-002	0.	0.
98124	-0.32957	1.7781e-002	0.	0.
98125	-0.33059	1.8073e-002	0.	0.
98126	-0.33101	1.8995e-002	0.	0.
98127	-0.33046	1.9986e-002	0.	0.
98130	-0.39433	-1.9984e-002	0.	0.
98131	-0.39313	-1.9951e-002	0.	0.
98132	-0.39288	-1.8198e-002	0.	0.
98133	-0.39487	-1.8793e-002	0.	0.
98134	-0.39353	-1.781e-002	0.	0.
98135	-0.39234	-1.9017e-002	0.	0.
98136	-0.39426	-1.8125e-002	0.	0.
98139	-0.39165	1.9872e-002	0.	0.
98140	-0.39301	1.9872e-002	0.	0.
98141	-0.39358	1.8941e-002	0.	0.
98142	-0.39116	1.8973e-002	0.	0.
98143	-0.39176	1.8049e-002	0.	0.
98144	-0.39298	1.8078e-002	0.	0.
98148	0.41185	1.4076e-002	0.	0.
98149	0.41146	1.3014e-002	0.	0.
98150	0.41323	1.4229e-002	0.	0.
98151	0.41207	1.2101e-002	0.	0.
98152	0.4131	1.2252e-002	0.	0.
98153	0.41368	1.3317e-002	0.	0.
98155	0.40719	-1.9896e-002	0.	0.
98156	0.40728	-1.7945e-002	0.	0.
98157	0.40654	-1.8742e-002	0.	0.
98158	0.40823	-1.7953e-002	0.	0.
98159	0.40873	-1.8846e-002	0.	0.
98160	0.4082	-1.9818e-002	0.	0.
98162	-0.40567	-1.2708e-003	0.	0.
98163	-0.40521	-2.0833e-004	0.	0.
98164	-0.40671	-1.3056e-003	0.	0.
98165	-0.40567	8.125e-004	0.	0.
98166	-0.40721	-2.4855e-004	0.	0.
98167	-0.40671	7.7778e-004	0.	0.
98171	-0.4032	-7.5481e-003	0.	0.
98172	-0.40172	-6.1994e-003	0.	0.
98173	-0.40333	-5.3542e-003	0.	0.
98174	-0.40379	-6.3958e-003	0.	0.
98175	-0.40217	-7.3889e-003	0.	0.
98176	-0.40255	-5.3281e-003	0.	0.
98178	-0.40217	7.1875e-003	0.	0.
98179	-0.40333	5.0625e-003	0.	0.
98180	-0.40379	6.1042e-003	0.	0.
98181	-0.40232	4.9841e-003	0.	0.
98182	-0.40321	7.1771e-003	0.	0.
98183	-0.4017	6.085e-003	0.	0.
98187	-0.36984	-1.7749e-002	0.	0.
98188	-0.36923	-1.9216e-002	0.	0.
98189	-0.37138	-1.8791e-002	0.	0.
98190	-0.37078	-1.986e-002	0.	0.
98191	-0.36977	-1.9933e-002	0.	0.
98192	-0.36905	-1.8357e-002	0.	0.
98193	-0.37063	-1.8049e-002	0.	0.
98197	-0.3699	1.994e-002	0.	0.
98198	-0.37108	1.7708e-002	0.	0.
98199	-0.36946	1.875e-002	0.	0.
98200	-0.37002	1.756e-002	0.	0.
98201	-0.37153	1.875e-002	0.	0.
98202	-0.37094	1.9792e-002	0.	0.
98205	0.33474	-9.2209e-004	0.	0.
98206	0.33367	-1.4156e-003	0.	0.
98207	0.33333	6.6777e-004	0.	0.
98208	0.33487	-2.6488e-006	0.	0.
98209	0.33322	-2.8106e-004	0.	0.
98210	0.33419	8.226e-004	0.	0.
98212	-0.38735	-1.1313e-002	0.	0.
98213	-0.38574	-1.2354e-002	0.	0.
98214	-0.3863	-1.1143e-002	0.	0.
98215	-0.38644	-1.3136e-002	0.	0.
98216	-0.38754	-1.3006e-002	0.	0.
98217	-0.38763	-1.209e-002	0.	0.
98219	-0.39962	-1.1333e-002	0.	0.
98220	-0.39859	-1.1214e-002	0.	0.
98221	-0.39789	-1.212e-002	0.	0.
98222	-0.39814	-1.3261e-002	0.	0.
98223	-0.40009	-1.2478e-002	0.	0.
98224	-0.39917	-1.3297e-002	0.	0.
98227	-0.39879	1.1458e-002	0.	0.
98228	-0.40029	1.25e-002	0.	0.
98229	-0.39975	1.3542e-002	0.	0.
98230	-0.39821	1.25e-002	0.	0.
98231	-0.39883	1.3399e-002	0.	0.
98232	-0.39956	1.1739e-002	0.	0.
98236	-0.38613	1.1508e-002	0.	0.
98237	-0.38779	1.25e-002	0.	0.
98238	-0.3873	1.3528e-002	0.	0.
98239	-0.38571	1.25e-002	0.	0.
98240	-0.38634	1.322e-002	0.	0.
98241	-0.38705	1.1741e-002	0.	0.
98245	-0.30585	-5.9232e-003	0.	0.
98246	-0.30492	-6.8515e-003	0.	0.
98247	-0.30668	-6.5115e-003	0.	0.
98248	-0.30602	-8.166e-003	0.	0.
98249	-0.30514	-7.9527e-003	0.	0.
98250	-0.30701	-7.9166e-003	0.	0.
98254	-0.3192	-8.6465e-004	0.	0.
98255	-0.31976	-2.0215e-003	0.	0.
98256	-0.31787	-9.4665e-004	0.	0.
98257	-0.31933	-2.9427e-003	0.	0.
98258	-0.31769	-2.2349e-003	0.	0.
98259	-0.3186	-3.058e-003	0.	0.
98263	0.40949	5.5304e-003	0.	0.
98264	0.41036	7.8368e-003	0.	0.
98265	0.41095	6.9201e-003	0.	0.
98266	0.40893	6.6215e-003	0.	0.
98267	0.41061	5.8569e-003	0.	0.
98268	0.40947	7.7049e-003	0.	0.
98271	0.41458	1.825e-002	0.	0.
98272	0.41429	2.0069e-002	0.	0.
98273	0.41243	1.9126e-002	0.	0.
98274	0.41311	2.0031e-002	0.	0.
98275	0.41304	1.809e-002	0.	0.
98276	0.41523	1.9585e-002	0.	0.
98277	0.41535	1.8757e-002	0.	0.
98280	-0.41099	-2.0211e-002	0.	0.
98281	-0.41062	-1.8349e-002	0.	0.
98282	-0.41132	-1.9129e-002	0.	0.
98283	-0.40968	-1.8369e-002	0.	0.
98284	-0.4098	-2.0129e-002	0.	0.
98285	-0.40926	-1.9228e-002	0.	0.
98290	-0.33064	5.6541e-004	0.	0.
98291	-0.32913	-5.8174e-004	0.	0.
98292	-0.33062	-1.4361e-003	0.	0.
98293	-0.33108	-3.8925e-004	0.	0.
98294	-0.32973	3.7768e-004	0.	0.
98295	-0.32987	-1.45e-003	0.	0.
98299	-0.34104	-2.9179e-004	0.	0.
98300	-0.34146	9.1667e-004	0.	0.
98301	-0.34254	-1.1615e-003	0.	0.
98302	-0.34246	9.375e-004	0.	0.
98303	-0.343	-1.0417e-004	0.	0.
98304	-0.34179	-1.1753e-003	0.	0.
98308	-0.33379	-7.5573e-003	0.	0.
98309	-0.33271	-5.5052e-003	0.	0.
98310	-0.33371	-5.4878e-003	0.	0.
98311	-0.33425	-6.5148e-003	0.	0.
98312	-0.33226	-6.693e-003	0.	0.
98313	-0.33299	-7.4382e-003	0.	0.
98318	-0.34579	-7.3802e-003	0.	0.
98319	-0.34471	-5.3073e-003	0.	0.
98320	-0.34425	-6.3594e-003	0.	0.
98321	-0.34624	-6.1773e-003	0.	0.
98322	-0.3448	-7.5413e-003	0.	0.
98323	-0.34546	-5.293e-003	0.	0.
98325	-0.33604	-1.3719e-002	0.	0.
98326	-0.3355	-1.2698e-002	0.	0.
98327	-0.33596	-1.1661e-002	0.	0.
98328	-0.33719	-1.3661e-002	0.	0.
98329	-0.33696	-1.1648e-002	0.	0.
98330	-0.33756	-1.2584e-002	0.	0.
98335	-0.34804	-1.3604e-002	0.	0.
98336	-0.3475	-1.2573e-002	0.	0.
98337	-0.3491	-1.3575e-002	0.	0.
98338	-0.34796	-1.1526e-002	0.	0.
98339	-0.34896	-1.1514e-002	0.	0.
98340	-0.3495	-1.2552e-002	0.	0.
98345	-0.33921	-1.7818e-002	0.	0.
98346	-0.3403	-2.0016e-002	0.	0.
98347	-0.3407	-1.897e-002	0.	0.
98348	-0.33929	-1.9873e-002	0.	0.
98349	-0.33873	-1.8699e-002	0.	0.
98350	-0.34009	-1.8068e-002	0.	0.
98354	0.34208	1.7903e-002	0.	0.
98355	0.34212	1.9702e-002	0.	0.
98356	0.34088	1.7641e-002	0.	0.
98357	0.34035	1.8735e-002	0.	0.
98358	0.34097	1.9776e-002	0.	0.
98359	0.3424	1.8722e-002	0.	0.
98362	0.34196	-1.7708e-002	0.	0.
98363	0.34078	-1.764e-002	0.	0.
98364	0.34285	-1.8676e-002	0.	0.
98365	0.34025	-1.875e-002	0.	0.
98366	0.34174	-1.9781e-002	0.	0.
98367	0.34071	-1.9792e-002	0.	0.
98368	0.34255	-1.9666e-002	0.	0.
98373	-0.30683	1.4446e-002	0.	0.
98374	-0.30481	1.4062e-002	0.	0.
98375	-0.3057	1.6099e-002	0.	0.
98376	-0.30596	1.3708e-002	0.	0.
98377	-0.30482	1.5886e-002	0.	0.
98378	-0.3046	1.497e-002	0.	0.
98379	-0.30637	1.5421e-002	0.	0.
98382	0.30598	-7.6777e-003	0.	0.
98383	0.3068	-7.0172e-003	0.	0.
98384	0.30652	-8.4542e-003	0.	0.
98385	0.30758	-7.18e-003	0.	0.
98386	0.30733	-8.7823e-003	0.	0.
98387	0.30814	-8.3201e-003	0.	0.
98389	0.38668	-1.7818e-002	0.	0.
98390	0.38563	-1.987e-002	0.	0.
98391	0.38703	-1.8591e-002	0.	0.
98392	0.38582	-1.8024e-002	0.	0.
98393	0.38638	-1.9872e-002	0.	0.
98394	0.38536	-1.8935e-002	0.	0.
98395	0.38681	-1.924e-002	0.	0.
98398	0.38569	1.7609e-002	0.	0.
98399	0.38563	1.9714e-002	0.	0.
98400	0.38668	1.7599e-002	0.	0.
98401	0.38638	1.9711e-002	0.	0.
98402	0.38685	1.8761e-002	0.	0.
98403	0.38541	1.866e-002	0.	0.
98406	0.3213	-3.5156e-003	0.	0.
98407	0.31945	-2.7344e-003	0.	0.
98408	0.32048	-3.8594e-003	0.	0.
98409	0.32027	-2.3906e-003	0.	0.
98410	0.31954	-3.457e-003	0.	0.
98411	0.32123	-2.7982e-003	0.	0.
98415	0.41865	1.0231e-003	0.	0.
98416	0.41989	7.5418e-004	0.	0.
98417	0.41885	2.9149e-003	0.	0.
98418	0.42055	1.8618e-003	0.	0.
98419	0.41992	3.0267e-003	0.	0.
98420	0.4185	2.0278e-003	0.	0.
98423	0.40774	1.375e-003	0.	0.
98424	0.40641	8.538e-004	0.	0.
98425	0.40662	-5.6627e-006	0.	0.
98426	0.40703	1.2572e-003	0.	0.
98427	0.40801	5.2415e-004	0.	0.
98428	0.40749	-5.1599e-004	0.	0.
98432	0.37828	1.3344e-002	0.	0.
98433	0.37719	1.3435e-002	0.	0.
98434	0.37827	1.2328e-002	0.	0.
98435	0.3767	1.2445e-002	0.	0.
98436	0.37733	1.1504e-002	0.	0.
98438	0.38984	1.1255e-002	0.	0.
98439	0.38878	1.3276e-002	0.	0.
98440	0.38964	1.3129e-002	0.	0.
98441	0.38903	1.1396e-002	0.	0.
98442	0.39011	1.2205e-002	0.	0.
98443	0.38857	1.232e-002	0.	0.
98447	0.38969	-1.3613e-002	0.	0.
98448	0.38873	-1.3642e-002	0.	0.
98449	0.38976	-1.1659e-002	0.	0.
98450	0.38885	-1.1646e-002	0.	0.
98451	0.39005	-1.2695e-002	0.	0.
98452	0.38857	-1.268e-002	0.	0.
98455	0.37773	-1.3604e-002	0.	0.
98456	0.37664	-1.3462e-002	0.	0.
98457	0.37797	-1.1526e-002	0.	0.
98458	0.37818	-1.257e-002	0.	0.
98459	0.37673	-1.242e-002	0.	0.
98460	0.37723	-1.1517e-002	0.	0.
98464	0.39299	-5.5052e-003	0.	0.
98465	0.39187	-7.5552e-003	0.	0.
98466	0.39334	-6.2865e-003	0.	0.
98467	0.39161	-6.5169e-003	0.	0.
98468	0.39268	-7.5677e-003	0.	0.
98469	0.39226	-5.4922e-003	0.	0.
98470	0.39312	-6.9684e-003	0.	0.
98473	0.38119	-5.3073e-003	0.	0.
98474	0.38012	-7.3802e-003	0.	0.
98475	0.38097	-7.187e-003	0.	0.
98476	0.38039	-5.4238e-003	0.	0.
98477	0.38145	-6.2567e-003	0.	0.
98478	0.37992	-6.332e-003	0.	0.
98481	0.38089	7.0618e-003	0.	0.
98482	0.38106	5.0092e-003	0.	0.
98483	0.38016	5.0272e-003	0.	0.
98484	0.38009	6.5832e-003	0.	0.
98485	0.37978	5.9785e-003	0.	0.
98486	0.38143	5.9531e-003	0.	0.
98489	0.39181	6.9378e-003	0.	0.
98490	0.39313	4.9997e-003	0.	0.
98491	0.39268	7.0156e-003	0.	0.
98492	0.39315	6.0813e-003	0.	0.
98493	0.39179	5.8569e-003	0.	0.
98494	0.39226	4.9245e-003	0.	0.
98497	-0.32757	-1.5421e-002	0.	0.
98498	-0.32688	-1.6438e-002	0.	0.
98499	-0.32737	-1.7504e-002	0.	0.
98500	-0.32866	-1.5437e-002	0.	0.
98501	-0.32854	-1.7349e-002	0.	0.
98502	-0.32908	-1.6371e-002	0.	0.
98505	0.38334	9.2188e-004	0.	0.
98506	0.38334	-1.1615e-003	0.	0.
98507	0.38407	-1.1758e-003	0.	0.
98508	0.38407	9.0755e-004	0.	0.
98509	0.38461	-1.4063e-004	0.	0.
98510	0.38314	-1.0938e-004	0.	0.
98513	0.3951	6.8229e-004	0.	0.
98514	0.39599	-1.3092e-003	0.	0.
98515	0.3951	-1.401e-003	0.	0.
98516	0.3959	5.3581e-004	0.	0.
98517	0.39636	-3.9063e-004	0.	0.
98518	0.39489	-3.5938e-004	0.	0.
98521	-0.33245	5.0474e-003	0.	0.
98522	-0.3335	7.099e-003	0.	0.
98523	-0.33338	4.995e-003	0.	0.
98524	-0.33372	6.043e-003	0.	0.
98525	-0.33235	6.1394e-003	0.	0.
98526	-0.33275	6.9583e-003	0.	0.
98529	-0.35792	1.7763e-002	0.	0.
98530	-0.35776	1.9738e-002	0.	0.
98531	-0.3596	1.8354e-002	0.	0.
98532	-0.35758	1.8638e-002	0.	0.
98533	-0.35893	1.7893e-002	0.	0.
98534	-0.35947	1.9141e-002	0.	0.
98535	-0.35865	1.9792e-002	0.	0.
98538	-0.30563	1.5206e-003	0.	0.
98539	-0.30463	1.9783e-003	0.	0.
98540	-0.30608	2.2989e-003	0.	0.
98541	-0.30544	3.6816e-003	0.	0.
98542	-0.30601	3.1004e-003	0.	0.
98543	-0.30462	3.075e-003	0.	0.
98547	-0.41764	-3.673e-003	0.	0.
98548	-0.41969	-3.5966e-003	0.	0.
98549	-0.4178	-4.8286e-003	0.	0.
98550	-0.41867	-3.3514e-003	0.	0.
98551	-0.41871	-5.0758e-003	0.	0.
98552	-0.41971	-4.4821e-003	0.	0.
98556	0.40348	-7.151e-003	0.	0.
98557	0.40461	-5.0938e-003	0.	0.
98558	0.4049	-7.2448e-003	0.	0.
98559	0.40389	-5.1849e-003	0.	0.
98560	0.40477	-6.1328e-003	0.	0.
98561	0.4034	-6.1176e-003	0.	0.
98564	-0.31054	-1.8951e-002	0.	0.
98565	-0.3108	-1.9957e-002	0.	0.
98566	-0.30864	-1.8786e-002	0.	0.
98567	-0.30878	-1.9831e-002	0.	0.
98568	-0.30976	-2.0463e-002	0.	0.
98569	-0.30968	-1.8628e-002	0.	0.
98572	0.30758	2.0157e-002	0.	0.
98573	0.30613	2.1079e-002	0.	0.
98574	0.30543	1.9959e-002	0.	0.
98575	0.30716	2.1148e-002	0.	0.
98576	0.30602	1.8989e-002	0.	0.
98577	0.30725	1.9177e-002	0.	0.
98581	0.30603	-1.8391e-002	0.	0.
98582	0.30532	-1.9877e-002	0.	0.
98583	0.30748	-1.9759e-002	0.	0.
98584	0.30515	-1.8836e-002	0.	0.
98585	0.30674	-2.0211e-002	0.	0.
98586	0.307	-1.8859e-002	0.	0.
98591	-0.32087	-1.899e-002	0.	0.
98592	-0.32314	-1.8988e-002	0.	0.
98593	-0.32308	-2.0158e-002	0.	0.
98594	-0.32199	-2.0608e-002	0.	0.
98595	-0.32096	-2.0096e-002	0.	0.
98596	-0.32157	-1.868e-002	0.	0.
98600	-0.31745	1.6454e-002	0.	0.
98601	-0.31809	1.72e-002	0.	0.
98602	-0.31782	1.8225e-002	0.	0.
98603	-0.31632	1.6329e-002	0.	0.
98604	-0.31674	1.8196e-002	0.	0.
98605	-0.31629	1.7435e-002	0.	0.
98610	-0.33572	1.1227e-002	0.	0.
98611	-0.33723	1.19e-002	0.	0.
98612	-0.33728	1.3015e-002	0.	0.
98613	-0.3353	1.3197e-002	0.	0.
98614	-0.33643	1.3601e-002	0.	0.
98615	-0.33509	1.2121e-002	0.	0.
98616	-0.33688	1.1102e-002	0.	0.
98619	-0.32564	1.3375e-002	0.	0.
98620	-0.3246	1.1296e-002	0.	0.
98621	-0.32374	1.334e-002	0.	0.
98622	-0.32373	1.2226e-002	0.	0.
98623	-0.32564	1.2356e-002	0.	0.
98627	0.40213	-1.275e-002	0.	0.
98628	0.39938	-1.275e-002	0.	0.
98629	0.40161	-1.388e-002	0.	0.
98630	0.4013	-1.1656e-002	0.	0.
98631	0.39991	-1.1693e-002	0.	0.
98632	0.39966	-1.3828e-002	0.	0.
98633	0.40065	-1.3771e-002	0.	0.
98637	0.4011	1.1188e-002	0.	0.
98638	0.40165	1.3312e-002	0.	0.
98639	0.39988	1.134e-002	0.	0.
98640	0.40046	1.3336e-002	0.	0.
98641	0.4016	1.2101e-002	0.	0.
98642	0.39992	1.2503e-002	0.	0.
98645	0.31408	4.5833e-004	0.	0.
98646	0.313	-1.375e-003	0.	0.
98647	0.31291	1.4742e-003	0.	0.
98648	0.31191	-2.4132e-004	0.	0.
98649	0.31205	8.9063e-004	0.	0.
98650	0.31392	-5.4696e-004	0.	0.
98651	0.31368	1.0858e-003	0.	0.
98655	0.32313	-1.2656e-002	0.	0.
98656	0.32419	-1.512e-002	0.	0.
98657	0.3249	-1.4096e-002	0.	0.
98658	0.32425	-1.2922e-002	0.	0.
98659	0.32247	-1.3438e-002	0.	0.
98660	0.32309	-1.4656e-002	0.	0.
98664	0.32519	1.3531e-002	0.	0.
98665	0.32438	1.5094e-002	0.	0.
98666	0.32313	1.2656e-002	0.	0.
98667	0.32425	1.2922e-002	0.	0.
98668	0.32247	1.3438e-002	0.	0.
98669	0.32309	1.4656e-002	0.	0.
98670	0.32523	1.4431e-002	0.	0.
98674	0.31716	-2.0562e-002	0.	0.
98675	0.31819	-2.1596e-002	0.	0.
98676	0.3193	-2.1147e-002	0.	0.
98677	0.31888	-1.9441e-002	0.	0.
98678	0.3179	-1.9798e-002	0.	0.
98679	0.31952	-2.0327e-002	0.	0.
98682	0.31712	2.0506e-002	0.	0.
98683	0.31787	1.8985e-002	0.	0.
98684	0.31808	2.1431e-002	0.	0.
98685	0.31909	2.0965e-002	0.	0.
98686	0.31892	1.9241e-002	0.	0.
98687	0.31727	1.9614e-002	0.	0.
98688	0.31929	2.0092e-002	0.	0.
98692	0.41933	2.0847e-002	0.	0.
98693	0.41867	1.8048e-002	0.	0.
98694	0.41981	1.8604e-002	0.	0.
98695	0.41806	2.0543e-002	0.	0.
98696	0.41772	1.9754e-002	0.	0.
98697	0.41983	1.9849e-002	0.	0.
98698	0.41784	1.8927e-002	0.	0.
98702	-0.41524	3.0605e-003	0.	0.
98703	-0.41536	4.1534e-003	0.	0.
98704	-0.4131	3.7063e-003	0.	0.
98705	-0.41428	2.7501e-003	0.	0.
98706	-0.41367	4.4028e-003	0.	0.
98707	-0.41447	4.7086e-003	0.	0.
98708	-0.41357	3.038e-003	0.	0.
98713	-0.30686	-2.7068e-003	0.	0.
98714	-0.30677	-1.5555e-003	0.	0.
98715	-0.30589	-8.537e-004	0.	0.
98716	-0.30589	-3.419e-003	0.	0.
98717	-0.30507	-1.5479e-003	0.	0.
98718	-0.3052	-2.5791e-003	0.	0.
98721	-0.32077	4.7656e-003	0.	0.
98722	-0.32336	5.2344e-003	0.	0.
98723	-0.32109	5.7891e-003	0.	0.
98724	-0.32271	6.1927e-003	0.	0.
98725	-0.3218	4.1282e-003	0.	0.
98726	-0.32295	4.4297e-003	0.	0.
98727	-0.32177	6.3668e-003	0.	0.
98729	0.40385	1.9633e-002	0.	0.
98730	0.40366	1.7357e-002	0.	0.
98731	0.40181	1.8571e-002	0.	0.
98732	0.40454	1.8397e-002	0.	0.
98733	0.40244	1.9633e-002	0.	0.
98734	0.40238	1.7508e-002	0.	0.
98740	-0.41537	-2.018e-002	0.	0.
98741	-0.41706	-1.8813e-002	0.	0.
98742	-0.41619	-2.1272e-002	0.	0.
98743	-0.41603	-1.9199e-002	0.	0.
98744	-0.41752	-1.9811e-002	0.	0.
98745	-0.41706	-2.0653e-002	0.	0.
98749	0.31007	-1.7223e-002	0.	0.
98750	0.31221	-1.6781e-002	0.	0.
98751	0.31033	-1.643e-002	0.	0.
98752	0.3113	-1.6358e-002	0.	0.
98753	0.31069	-1.8009e-002	0.	0.
98754	0.31179	-1.7709e-002	0.	0.
98758	0.3117	1.6321e-002	0.	0.
98759	0.31051	1.6436e-002	0.	0.
98760	0.31223	1.7273e-002	0.	0.
98761	0.31025	1.7398e-002	0.	0.
98762	0.31061	1.8082e-002	0.	0.
98763	0.31195	1.7931e-002	0.	0.
98764	0.31136	1.8137e-002	0.	0.
98767	-0.31499	1.1747e-002	0.	0.
98768	-0.31585	1.0987e-002	0.	0.
98769	-0.31341	1.0081e-002	0.	0.
98770	-0.31379	1.1711e-002	0.	0.
98771	-0.31438	9.5808e-003	0.	0.
98772	-0.31552	9.9636e-003	0.	0.
98773	-0.31319	1.0998e-002	0.	0.
98776	-0.39666	1.7863e-002	0.	0.
98777	-0.39672	1.989e-002	0.	0.
98778	-0.39794	1.7607e-002	0.	0.
98779	-0.39859	1.8779e-002	0.	0.
98780	-0.39806	1.9821e-002	0.	0.
98781	-0.3961	1.889e-002	0.	0.
98785	-0.3894	-1.7903e-002	0.	0.
98786	-0.38963	-2.0115e-002	0.	0.
98787	-0.38748	-1.8793e-002	0.	0.
98788	-0.38798	-1.9882e-002	0.	0.
98789	-0.38983	-1.9017e-002	0.	0.
98790	-0.38884	-2.0356e-002	0.	0.
98791	-0.38834	-1.8041e-002	0.	0.
98794	-0.31272	-1.1557e-002	0.	0.
98795	-0.31313	-9.349e-003	0.	0.
98796	-0.31386	-1.1769e-002	0.	0.
98797	-0.31224	-1.0718e-002	0.	0.
98798	-0.3141	-9.6224e-003	0.	0.
98799	-0.31454	-1.0826e-002	0.	0.
98800	-0.31254	-9.9293e-003	0.	0.
98804	0.31405	-1.1493e-002	0.	0.
98805	0.31523	-1.1131e-002	0.	0.
98806	0.31467	-9.035e-003	0.	0.
98807	0.31553	-1.0329e-002	0.	0.
98808	0.31381	-1.053e-002	0.	0.
98809	0.31401	-9.8162e-003	0.	0.
98811	0.3139	1.1713e-002	0.	0.
98812	0.31503	1.1273e-002	0.	0.
98813	0.31399	9.1587e-003	0.	0.
98814	0.31499	9.5205e-003	0.	0.
98815	0.31333	9.8149e-003	0.	0.
98816	0.31523	1.0332e-002	0.	0.
98817	0.31325	1.101e-002	0.	0.
98820	-0.41348	-7.1868e-003	0.	0.
98821	-0.41494	-8.7917e-003	0.	0.
98822	-0.41256	-7.875e-003	0.	0.
98823	-0.41456	-7.6875e-003	0.	0.
98824	-0.41398	-9.415e-003	0.	0.
98825	-0.41297	-8.9422e-003	0.	0.
98827	-0.30494	1.9245e-002	0.	0.
98828	-0.30479	2.0418e-002	0.	0.
98829	-0.30587	2.0763e-002	0.	0.
98830	-0.30582	1.8458e-002	0.	0.
98831	-0.30663	1.863e-002	0.	0.
98832	-0.30683	1.9516e-002	0.	0.
98836	-0.35134	-1.7755e-002	0.	0.
98837	-0.34974	-1.7628e-002	0.	0.
98838	-0.34938	-1.8742e-002	0.	0.
98839	-0.3496	-1.9805e-002	0.	0.
98840	-0.35065	-1.9686e-002	0.	0.
98841	-0.35146	-1.8917e-002	0.	0.
98842	-0.35062	-1.7485e-002	0.	0.
98845	0.3746	1.7682e-002	0.	0.
98846	0.37559	1.7672e-002	0.	0.
98847	0.37587	1.9891e-002	0.	0.
98848	0.37395	1.8654e-002	0.	0.
98849	0.37635	1.8737e-002	0.	0.
98850	0.37449	1.9905e-002	0.	0.
98853	0.37471	-1.7774e-002	0.	0.
98854	0.37443	-1.9815e-002	0.	0.
98855	0.376	-1.7747e-002	0.	0.
98856	0.37643	-1.886e-002	0.	0.
98857	0.3762	-1.9821e-002	0.	0.
98858	0.37532	-1.9818e-002	0.	0.
98859	0.37405	-1.9033e-002	0.	0.
98861	-0.41906	1.9707e-002	0.	0.
98862	-0.42059	2.039e-002	0.	0.
98863	-0.41951	1.8712e-002	0.	0.
98864	-0.42061	1.8479e-002	0.	0.
98865	-0.41959	2.0492e-002	0.	0.
98866	-0.42102	1.9477e-002	0.	0.
98868	-0.30558	9.4586e-003	0.	0.
98869	-0.30399	8.1449e-003	0.	0.
98870	-0.30446	9.8037e-003	0.	0.
98871	-0.30513	7.7529e-003	0.	0.
98872	-0.30349	9.1783e-003	0.	0.
98873	-0.30559	8.6361e-003	0.	0.
98878	-0.31488	-1.9724e-002	0.	0.
98879	-0.31578	-2.1427e-002	0.	0.
98880	-0.31685	-2.0944e-002	0.	0.
98881	-0.31584	-1.9118e-002	0.	0.
98882	-0.31689	-1.9769e-002	0.	0.
98883	-0.31517	-2.0618e-002	0.	0.
98886	0.41935	-1.9885e-002	0.	0.
98887	0.42094	-2.0192e-002	0.	0.
98888	0.4193	-1.8891e-002	0.	0.
98889	0.42032	-1.8075e-002	0.	0.
98890	0.42158	-1.9346e-002	0.	0.
98891	0.42134	-1.8482e-002	0.	0.
98894	0.40344	-1.7854e-002	0.	0.
98895	0.40264	-1.9948e-002	0.	0.
98896	0.40417	-1.8742e-002	0.	0.
98897	0.40366	-1.9896e-002	0.	0.
98898	0.40262	-1.7901e-002	0.	0.
98899	0.40195	-1.8365e-002	0.	0.
98900	0.40194	-1.9318e-002	0.	0.
98903	-0.30345	-1.9552e-002	0.	0.
98904	-0.30442	-1.9236e-002	0.	0.
98905	-0.30412	-2.1624e-002	0.	0.
98906	-0.30339	-2.0544e-002	0.	0.
98907	-0.30528	-2.1635e-002	0.	0.
98908	-0.30536	-1.9831e-002	0.	0.
98909	-0.30546	-2.068e-002	0.	0.
98913	-0.42036	1.5024e-002	0.	0.
98914	-0.41852	1.5359e-002	0.	0.
98915	-0.4193	1.3533e-002	0.	0.
98916	-0.42025	1.3954e-002	0.	0.
98917	-0.41851	1.4221e-002	0.	0.
98918	-0.41956	1.5449e-002	0.	0.
98921	0.42095	-1.5336e-002	0.	0.
98922	0.42058	-1.4155e-002	0.	0.
98923	0.41989	-1.5809e-002	0.	0.
98924	0.41861	-1.5517e-002	0.	0.
98925	0.41981	-1.3861e-002	0.	0.
98926	0.41911	-1.413e-002	0.	0.
98929	0.42021	-4.9786e-003	0.	0.
98930	0.42134	-4.6671e-003	0.	0.
98931	0.41946	-4.2017e-003	0.	0.
98932	0.42154	-3.8084e-003	0.	0.
98933	0.42057	-3.1602e-003	0.	0.
98934	0.41982	-3.4834e-003	0.	0.
98938	0.42163	9.e-003	0.	0.
98939	0.42114	7.2604e-003	0.	0.
98940	0.4199	7.2431e-003	0.	0.
98941	0.4193	8.1563e-003	0.	0.
98942	0.42065	9.5697e-003	0.	0.
98943	0.42147	8.1346e-003	0.	0.
98944	0.41962	9.1128e-003	0.	0.
98948	0.33199	3.2986e-003	0.	0.
98949	0.33142	4.4271e-003	0.	0.
98950	0.32988	2.6963e-003	0.	0.
98951	0.33181	2.3438e-003	0.	0.
98952	0.33019	3.9063e-003	0.	0.
98953	0.33085	2.0833e-003	0.	0.
98957	0.33107	-2.2166e-003	0.	0.
98958	0.33215	-2.8646e-003	0.	0.
98959	0.33171	-3.9396e-003	0.	0.
98960	0.33009	-3.3203e-003	0.	0.
98961	0.33073	-3.9063e-003	0.	0.
98962	0.33042	-2.6673e-003	0.	0.
98966	0.30981	4.578e-003	0.	0.
98967	0.30955	2.1293e-003	0.	0.
98968	0.30892	4.0095e-003	0.	0.
98969	0.31041	2.5564e-003	0.	0.
98970	0.31054	3.822e-003	0.	0.
98971	0.30892	2.947e-003	0.	0.
98975	0.31057	9.4766e-003	0.	0.
98976	0.3101	7.1689e-003	0.	0.
98977	0.30921	9.0299e-003	0.	0.
98978	0.30925	7.8544e-003	0.	0.
98979	0.31102	7.7098e-003	0.	0.
98980	0.31136	8.8817e-003	0.	0.
98982	0.33101	1.99e-002	0.	0.
98983	0.32941	1.894e-002	0.	0.
98984	0.33163	1.8964e-002	0.	0.
98985	0.32992	1.99e-002	0.	0.
98986	0.33095	1.82e-002	0.	0.
98987	0.32997	1.8268e-002	0.	0.
98991	0.33001	-1.9856e-002	0.	0.
98992	0.3302	-1.7978e-002	0.	0.
98993	0.33167	-1.8892e-002	0.	0.
98994	0.3296	-1.8726e-002	0.	0.
98995	0.33109	-1.9856e-002	0.	0.
98996	0.33108	-1.8033e-002	0.	0.
99000	0.32471	4.8752e-003	0.	0.
99001	0.32279	4.0602e-003	0.	0.
99002	0.32454	3.857e-003	0.	0.
99003	0.32298	4.9721e-003	0.	0.
99004	0.32365	3.4776e-003	0.	0.
99005	0.32382	5.1667e-003	0.	0.
99008	0.31735	-8.4738e-003	0.	0.
99009	0.31581	-7.6551e-003	0.	0.
99010	0.31815	-7.9594e-003	0.	0.
99011	0.31605	-6.672e-003	0.	0.
99012	0.31668	-8.9496e-003	0.	0.
99013	0.318	-7.0939e-003	0.	0.
99014	0.31713	-6.7062e-003	0.	0.
99018	0.31746	8.4996e-003	0.	0.
99019	0.31619	7.085e-003	0.	0.
99020	0.31649	8.1034e-003	0.	0.
99021	0.31825	7.9238e-003	0.	0.
99022	0.31696	6.6165e-003	0.	0.
99023	0.31799	6.9688e-003	0.	0.
99027	-0.41756	6.2536e-003	0.	0.
99028	-0.41958	6.2188e-003	0.	0.
99029	-0.4197	5.1354e-003	0.	0.
99030	-0.41759	5.1658e-003	0.	0.
99031	-0.41866	4.5937e-003	0.	0.
99032	-0.41859	6.8229e-003	0.	0.
99035	0.40935	-1.3865e-002	0.	0.
99036	0.4094	-1.598e-002	0.	0.
99037	0.41052	-1.4007e-002	0.	0.
99038	0.40871	-1.4975e-002	0.	0.
99039	0.41043	-1.5823e-002	0.	0.
99040	0.411	-1.4891e-002	0.	0.
99045	-0.33261	1.4384e-002	0.	0.
99046	-0.33403	1.5833e-002	0.	0.
99047	-0.33209	1.6344e-002	0.	0.
99048	-0.33366	1.4781e-002	0.	0.
99049	-0.33316	1.6352e-002	0.	0.
99050	-0.33194	1.5659e-002	0.	0.
99052	-0.41025	1.6083e-002	0.	0.
99053	-0.40901	1.3765e-002	0.	0.
99054	-0.40832	1.4927e-002	0.	0.
99055	-0.41089	1.5071e-002	0.	0.
99056	-0.40903	1.5969e-002	0.	0.
99057	-0.41022	1.4115e-002	0.	0.
99062	-0.41218	2.1132e-002	0.	0.
99063	-0.41434	2.2108e-002	0.	0.
99064	-0.41454	2.0958e-002	0.	0.
99065	-0.41279	2.0269e-002	0.	0.
99066	-0.41394	2.0141e-002	0.	0.
99067	-0.41336	2.2337e-002	0.	0.
99068	-0.41259	2.2527e-002	0.	0.
99070	-0.32895	-2.0243e-002	0.	0.
99071	-0.32866	-2.1556e-002	0.	0.
99072	-0.32733	-1.9578e-002	0.	0.
99073	-0.32851	-1.9423e-002	0.	0.
99074	-0.32775	-2.1626e-002	0.	0.
99075	-0.32708	-2.0701e-002	0.	0.
99078	0.32519	-8.8202e-003	0.	0.
99079	0.32707	-9.9984e-003	0.	0.
99080	0.32642	-1.1193e-002	0.	0.
99081	0.32474	-9.8946e-003	0.	0.
99082	0.32625	-9.1094e-003	0.	0.
99083	0.32525	-1.1016e-002	0.	0.
99086	-0.31697	7.7031e-003	0.	0.
99087	-0.31916	7.3672e-003	0.	0.
99088	-0.31786	7.1328e-003	0.	0.
99089	-0.31841	9.1441e-003	0.	0.
99090	-0.3173	8.7266e-003	0.	0.
99091	-0.31916	8.4427e-003	0.	0.
99094	0.3051	1.1635e-002	0.	0.
99095	0.30436	1.3563e-002	0.	0.
99096	0.30415	1.1144e-002	0.	0.
99097	0.30327	1.3685e-002	0.	0.
99098	0.30301	1.1412e-002	0.	0.
99099	0.30307	1.2602e-002	0.	0.
99100	0.30513	1.2762e-002	0.	0.
99105	0.30293	-1.3255e-002	0.	0.
99106	0.30493	-1.3036e-002	0.	0.
99107	0.30387	-1.3626e-002	0.	0.
99108	0.30453	-1.2161e-002	0.	0.
99109	0.30255	-1.2324e-002	0.	0.
99110	0.30371	-1.197e-002	0.	0.
99113	-0.32567	-1.1365e-002	0.	0.
99114	-0.32458	-9.3229e-003	0.	0.
99115	-0.3262	-1.0435e-002	0.	0.
99116	-0.32459	-1.1273e-002	0.	0.
99117	-0.32566	-9.4141e-003	0.	0.
99118	-0.32419	-1.0508e-002	0.	0.
99121	-0.31803	-1.2471e-002	0.	0.
99122	-0.31719	-1.0337e-002	0.	0.
99123	-0.3187	-1.1631e-002	0.	0.
99124	-0.31822	-1.0519e-002	0.	0.
99125	-0.31666	-1.1266e-002	0.	0.
99126	-0.31703	-1.2316e-002	0.	0.
99130	-0.32242	-5.2396e-003	0.	0.
99131	-0.32137	-3.153e-003	0.	0.
99132	-0.32295	-4.3099e-003	0.	0.
99133	-0.32241	-3.2891e-003	0.	0.
99134	-0.32093	-4.0742e-003	0.	0.
99135	-0.32149	-5.1589e-003	0.	0.
99140	-0.3335	1.9766e-002	0.	0.
99141	-0.33502	1.9463e-002	0.	0.
99142	-0.33485	1.8329e-002	0.	0.
99143	-0.33308	1.8844e-002	0.	0.
99144	-0.33439	2.0077e-002	0.	0.
99145	-0.33372	1.793e-002	0.	0.
99148	-0.36048	-1.9943e-002	0.	0.
99149	-0.35927	-1.9943e-002	0.	0.
99150	-0.36104	-1.8902e-002	0.	0.
99151	-0.35883	-1.9032e-002	0.	0.
99152	-0.35954	-1.8233e-002	0.	0.
99153	-0.36048	-1.8308e-002	0.	0.
99156	0.30515	2.4668e-003	0.	0.
99157	0.3063	8.6039e-004	0.	0.
99158	0.30532	1.4548e-003	0.	0.
99159	0.30721	2.2673e-003	0.	0.
99160	0.30666	2.7644e-003	0.	0.
99161	0.30599	2.7799e-003	0.	0.
99162	0.30704	1.3008e-003	0.	0.
99167	0.36639	1.99e-002	0.	0.
99168	0.36503	1.99e-002	0.	0.
99169	0.36472	1.8942e-002	0.	0.
99170	0.36693	1.9007e-002	0.	0.
99171	0.36646	1.8101e-002	0.	0.
99172	0.36531	1.8233e-002	0.	0.
99175	0.36546	-1.9895e-002	0.	0.
99176	0.3649	-1.8853e-002	0.	0.
99177	0.36702	-1.8983e-002	0.	0.
99178	0.36649	-1.9895e-002	0.	0.
99179	0.36541	-1.8144e-002	0.	0.
99180	0.36637	-1.8072e-002	0.	0.
99183	0.33105	1.5918e-002	0.	0.
99184	0.33141	1.4991e-002	0.	0.
99185	0.33297	1.5794e-002	0.	0.
99186	0.33176	1.6625e-002	0.	0.
99187	0.33246	1.5e-002	0.	0.
99188	0.33287	1.6632e-002	0.	0.
99192	0.33347	-1.5365e-002	0.	0.
99193	0.33153	-1.4936e-002	0.	0.
99194	0.33302	-1.6399e-002	0.	0.
99195	0.33197	-1.6406e-002	0.	0.
99196	0.33252	-1.4791e-002	0.	0.
99197	0.33094	-1.5568e-002	0.	0.
99200	0.31383	2.0243e-002	0.	0.
99201	0.31471	2.109e-002	0.	0.
99202	0.31228	2.0996e-002	0.	0.
99203	0.31442	2.2074e-002	0.	0.
99204	0.31275	2.2209e-002	0.	0.
99205	0.31302	2.0512e-002	0.	0.
99206	0.3136	2.2285e-002	0.	0.
99210	0.31218	-2.0986e-002	0.	0.
99211	0.31371	-2.0363e-002	0.	0.
99212	0.31462	-2.099e-002	0.	0.
99213	0.31442	-2.2074e-002	0.	0.
99214	0.31272	-2.2127e-002	0.	0.
99215	0.31287	-2.0533e-002	0.	0.
99216	0.3136	-2.2286e-002	0.	0.
99218	-0.31453	6.7969e-003	0.	0.
99219	-0.31373	7.4375e-003	0.	0.
99220	-0.31431	5.7813e-003	0.	0.
99221	-0.3132	5.3359e-003	0.	0.
99222	-0.31233	6.9947e-003	0.	0.
99223	-0.31249	5.9552e-003	0.	0.
99226	-0.30401	-1.3878e-002	0.	0.
99227	-0.30488	-1.199e-002	0.	0.
99228	-0.30398	-1.1625e-002	0.	0.
99229	-0.30291	-1.3195e-002	0.	0.
99230	-0.30291	-1.2195e-002	0.	0.
99231	-0.30484	-1.2992e-002	0.	0.
99234	-0.30948	-8.1727e-003	0.	0.
99235	-0.30952	-1.0301e-002	0.	0.
99236	-0.3088	-9.8207e-003	0.	0.
99237	-0.31043	-1.008e-002	0.	0.
99238	-0.3104	-8.4418e-003	0.	0.
99239	-0.31073	-9.2912e-003	0.	0.
99240	-0.30898	-8.9895e-003	0.	0.
99242	-0.31038	2.0915e-002	0.	0.
99243	-0.31093	2.1962e-002	0.	0.
99244	-0.31285	2.1248e-002	0.	0.
99245	-0.31121	2.039e-002	0.	0.
99246	-0.31207	2.215e-002	0.	0.
99247	-0.31218	2.047e-002	0.	0.
99251	-0.30916	1.3363e-002	0.	0.
99252	-0.31165	1.2766e-002	0.	0.
99253	-0.30934	1.2123e-002	0.	0.
99254	-0.3108	1.3694e-002	0.	0.
99255	-0.31023	1.165e-002	0.	0.
99256	-0.31104	1.2053e-002	0.	0.
99257	-0.30997	1.3743e-002	0.	0.
99261	0.41132	-1.9539e-002	0.	0.
99262	0.41239	-1.7466e-002	0.	0.
99263	0.41284	-1.8338e-002	0.	0.
99264	0.41234	-1.9434e-002	0.	0.
99265	0.41083	-1.8645e-002	0.	0.
99266	0.41137	-1.7596e-002	0.	0.
99268	-0.40681	-1.6e-002	0.	0.
99269	-0.40844	-1.675e-002	0.	0.
99270	-0.4073	-1.5072e-002	0.	0.
99271	-0.40747	-1.6761e-002	0.	0.
99272	-0.40873	-1.6009e-002	0.	0.
99273	-0.40824	-1.535e-002	0.	0.
99277	-0.42006	-2.0227e-002	0.	0.
99278	-0.42078	-1.8135e-002	0.	0.
99279	-0.42183	-1.8637e-002	0.	0.
99280	-0.42193	-1.9636e-002	0.	0.
99281	-0.41966	-1.9449e-002	0.	0.
99282	-0.42009	-1.8672e-002	0.	0.
99283	-0.42109	-2.0092e-002	0.	0.
99287	-0.40675	-2.0056e-002	0.	0.
99288	-0.40521	-1.9046e-002	0.	0.
99289	-0.40573	-2.0021e-002	0.	0.
99290	-0.40667	-1.8342e-002	0.	0.
99291	-0.40576	-1.8363e-002	0.	0.
99292	-0.40723	-1.9189e-002	0.	0.
99295	-0.41432	-1.5601e-002	0.	0.
99296	-0.41361	-1.6192e-002	0.	0.
99297	-0.41497	-1.7552e-002	0.	0.
99298	-0.41412	-1.7577e-002	0.	0.
99299	-0.41525	-1.6767e-002	0.	0.
99300	-0.41348	-1.6963e-002	0.	0.
99303	-0.38722	2.0068e-002	0.	0.
99304	-0.38762	1.7898e-002	0.	0.
99305	-0.38674	1.8413e-002	0.	0.
99306	-0.38882	1.9012e-002	0.	0.
99307	-0.3883	1.9911e-002	0.	0.
99308	-0.38648	1.939e-002	0.	0.
99309	-0.38839	1.83e-002	0.	0.
99312	-0.39869	-1.9784e-002	0.	0.
99313	-0.39839	-1.7545e-002	0.	0.
99314	-0.39922	-1.8135e-002	0.	0.
99315	-0.39717	-1.8742e-002	0.	0.
99316	-0.39766	-1.9784e-002	0.	0.
99317	-0.39915	-1.9034e-002	0.	0.
99318	-0.39773	-1.8116e-002	0.	0.
99321	-0.41491	1.327e-002	0.	0.
99322	-0.41602	1.0963e-002	0.	0.
99323	-0.41581	1.3904e-002	0.	0.
99324	-0.41516	1.2113e-002	0.	0.
99325	-0.41673	1.3352e-002	0.	0.
99326	-0.4167	1.2443e-002	0.	0.
99329	-0.31471	-1.2928e-003	0.	0.
99330	-0.31584	-9.375e-005	0.	0.
99331	-0.31524	7.1766e-004	0.	0.
99332	-0.31384	-8.0644e-004	0.	0.
99333	-0.31416	3.9063e-004	0.	0.
99336	-0.35952	-1.5777e-002	0.	0.
99337	-0.35914	-1.4876e-002	0.	0.
99338	-0.35875	-1.6518e-002	0.	0.
99339	-0.35739	-1.5412e-002	0.	0.
99340	-0.35767	-1.6413e-002	0.	0.
99341	-0.35819	-1.4653e-002	0.	0.
99345	0.32038	1.5676e-002	0.	0.
99346	0.32125	1.7782e-002	0.	0.
99347	0.31972	1.6457e-002	0.	0.
99348	0.32166	1.6113e-002	0.	0.
99349	0.32023	1.7561e-002	0.	0.
99350	0.32181	1.7019e-002	0.	0.
99354	0.32289	1.9914e-002	0.	0.
99355	0.32334	2.0958e-002	0.	0.
99356	0.32098	2.1391e-002	0.	0.
99357	0.32293	2.1979e-002	0.	0.
99358	0.3218	2.2e-002	0.	0.
99359	0.32184	1.9888e-002	0.	0.
99360	0.32119	2.0518e-002	0.	0.
99362	0.32038	-1.5676e-002	0.	0.
99363	0.32132	-1.7777e-002	0.	0.
99364	0.31972	-1.6457e-002	0.	0.
99365	0.32006	-1.7605e-002	0.	0.
99366	0.32166	-1.6113e-002	0.	0.
99367	0.32181	-1.6994e-002	0.	0.
99370	0.32309	-1.9901e-002	0.	0.
99371	0.32125	-2.143e-002	0.	0.
99372	0.3236	-2.0747e-002	0.	0.
99373	0.32344	-2.1528e-002	0.	0.
99374	0.32199	-2.2144e-002	0.	0.
99375	0.32209	-1.9896e-002	0.	0.
99376	0.32297	-2.2173e-002	0.	0.
99377	0.32147	-2.0611e-002	0.	0.
99380	0.36771	1.406e-002	0.	0.
99381	0.36643	1.5484e-002	0.	0.
99382	0.36825	1.4742e-002	0.	0.
99383	0.36683	1.4439e-002	0.	0.
99384	0.36732	1.6167e-002	0.	0.
99385	0.36831	1.5607e-002	0.	0.
99390	0.36634	-1.5365e-002	0.	0.
99391	0.36792	-1.4583e-002	0.	0.
99392	0.36849	-1.5365e-002	0.	0.
99393	0.36712	-1.4824e-002	0.	0.
99394	0.36722	-1.6406e-002	0.	0.
99395	0.3683	-1.6427e-002	0.	0.
99398	0.31949	-1.3562e-002	0.	0.
99399	0.32015	-1.278e-002	0.	0.
99400	0.31831	-1.3118e-002	0.	0.
99401	0.31952	-1.1562e-002	0.	0.
99402	0.31843	-1.1999e-002	0.	0.
99404	0.31948	1.3573e-002	0.	0.
99405	0.32013	1.2792e-002	0.	0.
99406	0.3183	1.3171e-002	0.	0.
99407	0.31941	1.1622e-002	0.	0.
99408	0.31838	1.2034e-002	0.	0.
99411	-0.39618	-1.4914e-002	0.	0.
99412	-0.39513	-1.443e-002	0.	0.
99413	-0.39422	-1.6181e-002	0.	0.
99414	-0.39495	-1.6495e-002	0.	0.
99415	-0.39594	-1.5857e-002	0.	0.
99416	-0.39442	-1.4838e-002	0.	0.
99421	-0.39187	1.5581e-002	0.	0.
99422	-0.39135	1.4773e-002	0.	0.
99423	-0.39043	1.4851e-002	0.	0.
99424	-0.3911	1.6336e-002	0.	0.
99425	-0.39021	1.5731e-002	0.	0.
99427	-0.31631	-8.0469e-003	0.	0.
99428	-0.31566	-5.7448e-003	0.	0.
99429	-0.31534	-7.7734e-003	0.	0.
99430	-0.31694	-7.1977e-003	0.	0.
99431	-0.31491	-6.5703e-003	0.	0.
99432	-0.31666	-6.3672e-003	0.	0.
99435	-0.41633	7.9504e-003	0.	0.
99436	-0.41652	5.711e-003	0.	0.
99437	-0.41753	7.3682e-003	0.	0.
99438	-0.41547	7.177e-003	0.	0.
99439	-0.41563	6.2662e-003	0.	0.
99442	0.31584	-2.5896e-003	0.	0.
99443	0.31755	-2.0759e-003	0.	0.
99444	0.3157	-1.451e-003	0.	0.
99445	0.31651	-9.9851e-004	0.	0.
99446	0.31738	-1.3721e-003	0.	0.
99447	0.31679	-2.4455e-003	0.	0.
99450	0.32429	-6.2718e-003	0.	0.
99451	0.32341	-5.8422e-003	0.	0.
99452	0.32309	-4.4359e-003	0.	0.
99453	0.32499	-5.3682e-003	0.	0.
99454	0.32454	-4.2615e-003	0.	0.
99455	0.32312	-5.1218e-003	0.	0.
99456	0.32373	-4.1667e-003	0.	0.
99460	0.33758	5.2083e-003	0.	0.
99461	0.33879	7.2917e-003	0.	0.
99462	0.33768	7.2917e-003	0.	0.
99463	0.33865	5.2083e-003	0.	0.
99464	0.33925	6.25e-003	0.	0.
99465	0.33725	6.25e-003	0.	0.
99469	0.33747	-5.2778e-003	0.	0.
99470	0.33871	-7.225e-003	0.	0.
99471	0.33717	-6.1833e-003	0.	0.
99472	0.33919	-6.0438e-003	0.	0.
99473	0.3384	-5.1417e-003	0.	0.
99474	0.33758	-6.9646e-003	0.	0.
99477	0.33396	-1.1458e-002	0.	0.
99478	0.33403	-1.3802e-002	0.	0.
99479	0.3345	-1.25e-002	0.	0.
99480	0.33256	-1.2417e-002	0.	0.
99481	0.33305	-1.159e-002	0.	0.
99482	0.33308	-1.3229e-002	0.	0.
99486	0.34096	-1.1458e-002	0.	0.
99487	0.34112	-1.3542e-002	0.	0.
99488	0.34196	-1.1458e-002	0.	0.
99489	0.3405	-1.25e-002	0.	0.
99490	0.3425	-1.25e-002	0.	0.
99491	0.34196	-1.3542e-002	0.	0.
99493	0.34081	1.1484e-002	0.	0.
99494	0.34096	1.3418e-002	0.	0.
99495	0.34035	1.2525e-002	0.	0.
99496	0.34208	1.2004e-002	0.	0.
99497	0.34186	1.3226e-002	0.	0.
99501	0.33412	1.3542e-002	0.	0.
99502	0.33385	1.1458e-002	0.	0.
99503	0.3345	1.25e-002	0.	0.
99504	0.3324	1.24e-002	0.	0.
99505	0.33314	1.3342e-002	0.	0.
99506	0.33297	1.1883e-002	0.	0.
99510	-0.32581	1.5087e-002	0.	0.
99511	-0.32456	1.4116e-002	0.	0.
99512	-0.32735	1.328e-002	0.	0.
99513	-0.32675	1.5178e-002	0.	0.
99514	-0.32744	1.4305e-002	0.	0.
99515	-0.32646	1.3133e-002	0.	0.
99516	-0.32494	1.4985e-002	0.	0.
99520	-0.41229	-6.7285e-003	0.	0.
99521	-0.41203	-5.5516e-003	0.	0.
99522	-0.41429	-6.541e-003	0.	0.
99523	-0.41401	-5.3586e-003	0.	0.
99524	-0.41304	-5.0723e-003	0.	0.
99527	0.30451	-8.6046e-003	0.	0.
99528	0.30354	-6.8772e-003	0.	0.
99529	0.30353	-7.8524e-003	0.	0.
99530	0.30557	-6.8021e-003	0.	0.
99531	0.30529	-8.2391e-003	0.	0.
99532	0.30457	-6.4648e-003	0.	0.
99536	-0.32791	1.9582e-002	0.	0.
99537	-0.32702	2.0633e-002	0.	0.
99538	-0.329	2.1732e-002	0.	0.
99539	-0.32727	2.1837e-002	0.	0.
99540	-0.32962	2.0721e-002	0.	0.
99541	-0.32805	2.214e-002	0.	0.
99543	-0.3203	-9.3036e-004	0.	0.
99544	-0.31841	1.445e-004	0.	0.
99545	-0.31893	1.1514e-003	0.	0.
99546	-0.32088	-2.9841e-005	0.	0.
99547	-0.32066	8.1421e-004	0.	0.
99548	-0.31987	1.2176e-003	0.	0.
99550	-0.32323	9.6482e-003	0.	0.
99551	-0.32564	1.011e-002	0.	0.
99552	-0.3235	1.0924e-002	0.	0.
99553	-0.32503	8.8773e-003	0.	0.
99554	-0.32387	8.6898e-003	0.	0.
99555	-0.32542	1.1054e-002	0.	0.
99558	0.35127	1.5228e-002	0.	0.
99559	0.34954	1.5655e-002	0.	0.
99560	0.34933	1.4583e-002	0.	0.
99561	0.35026	1.3281e-002	0.	0.
99562	0.35061	1.5972e-002	0.	0.
99563	0.35126	1.4424e-002	0.	0.
99564	0.34966	1.3894e-002	0.	0.
99568	0.34926	-1.7856e-002	0.	0.
99569	0.3477	-1.6888e-002	0.	0.
99570	0.34946	-1.6754e-002	0.	0.
99571	0.34866	-1.6247e-002	0.	0.
99576	-0.34871	1.5546e-002	0.	0.
99577	-0.35036	1.5924e-002	0.	0.
99578	-0.35038	1.4786e-002	0.	0.
99579	-0.34965	1.384e-002	0.	0.
99580	-0.34927	1.6173e-002	0.	0.
99581	-0.34879	1.4622e-002	0.	0.
99585	0.32959	-1.0123e-002	0.	0.
99586	0.33174	-9.3228e-003	0.	0.
99587	0.33051	-9.3668e-003	0.	0.
99588	0.33122	-1.1324e-002	0.	0.
99589	0.3317	-1.0497e-002	0.	0.
99593	0.33394	8.2538e-003	0.	0.
99594	0.3323	6.9517e-003	0.	0.
99595	0.33348	9.2954e-003	0.	0.
99596	0.33131	7.537e-003	0.	0.
99597	0.33164	8.6017e-003	0.	0.
99598	0.3325	9.0522e-003	0.	0.
99602	-0.31119	-1.3578e-002	0.	0.
99603	-0.31163	-1.4781e-002	0.	0.
99604	-0.30966	-1.5467e-002	0.	0.
99605	-0.31068	-1.5576e-002	0.	0.
99606	-0.30971	-1.3857e-002	0.	0.
99609	0.41483	-8.1988e-003	0.	0.
99610	0.41384	-5.9045e-003	0.	0.
99611	0.4158	-7.6128e-003	0.	0.
99612	0.41361	-6.9178e-003	0.	0.
99613	0.41616	-6.5087e-003	0.	0.
99614	0.41417	-7.6089e-003	0.	0.
99615	0.41465	-5.605e-003	0.	0.
99621	0.41203	-4.3649e-003	0.	0.
99622	0.41226	-3.3776e-003	0.	0.
99623	0.41096	-2.6848e-003	0.	0.
99624	0.41171	-2.7423e-003	0.	0.
99625	0.41126	-4.6603e-003	0.	0.
99626	0.41037	-3.6585e-003	0.	0.
99629	0.40808	-1.1609e-002	0.	0.
99630	0.40658	-9.3594e-003	0.	0.
99631	0.40808	-9.173e-003	0.	0.
99632	0.40602	-1.0471e-002	0.	0.
99633	0.40887	-1.0821e-002	0.	0.
99634	0.40839	-1.0027e-002	0.	0.
99635	0.40729	-9.3047e-003	0.	0.
99640	0.41435	-1.3536e-002	0.	0.
99641	0.41558	-1.1835e-002	0.	0.
99642	0.41393	-1.2775e-002	0.	0.
99643	0.4144	-1.195e-002	0.	0.
99644	0.41513	-1.3324e-002	0.	0.
99645	0.41556	-1.2678e-002	0.	0.
99649	0.30512	1.0356e-002	0.	0.
99650	0.30711	1.0197e-002	0.	0.
99651	0.3062	9.6479e-003	0.	0.
99652	0.3061	1.1974e-002	0.	0.
99653	0.30697	1.1296e-002	0.	0.
99655	0.31286	1.414e-002	0.	0.
99656	0.31097	1.5351e-002	0.	0.
99657	0.31268	1.6188e-002	0.	0.
99658	0.31165	1.438e-002	0.	0.
99659	0.31316	1.5196e-002	0.	0.
99663	0.31223	-1.1963e-002	0.	0.
99664	0.31206	-1.307e-002	0.	0.
99665	0.3146	-1.2357e-002	0.	0.
99666	0.31247	-1.4143e-002	0.	0.
99667	0.31384	-1.3743e-002	0.	0.
99668	0.31317	-1.1755e-002	0.	0.
99669	0.3144	-1.3225e-002	0.	0.
99673	-0.30421	-1.6589e-002	0.	0.
99674	-0.30504	-1.605e-002	0.	0.
99675	-0.30304	-1.4479e-002	0.	0.
99676	-0.30296	-1.5561e-002	0.	0.
99677	-0.30498	-1.4276e-002	0.	0.
99678	-0.30511	-1.5172e-002	0.	0.
99679	-0.30346	-1.6123e-002	0.	0.
99685	-0.31871	-1.7605e-002	0.	0.
99686	-0.31983	-1.9555e-002	0.	0.
99687	-0.3188	-1.8863e-002	0.	0.
99688	-0.32044	-1.8139e-002	0.	0.
99689	-0.31974	-1.7656e-002	0.	0.
99691	0.31087	-1.2315e-002	0.	0.
99692	0.31087	-1.0301e-002	0.	0.
99693	0.3101	-1.1749e-002	0.	0.
99694	0.31007	-1.0818e-002	0.	0.
99695	0.31198	-1.1e-002	0.	0.
99696	0.31152	-1.0507e-002	0.	0.
99699	-0.31688	2.2455e-002	0.	0.
99700	-0.31746	2.1777e-002	0.	0.
99701	-0.31692	2.3236e-002	0.	0.
99702	-0.31869	2.2837e-002	0.	0.
99703	-0.31822	2.1983e-002	0.	0.
99707	-0.31436	1.3852e-002	0.	0.
99708	-0.31621	1.2104e-002	0.	0.
99709	-0.31416	1.2828e-002	0.	0.
99710	-0.31637	1.3242e-002	0.	0.
99711	-0.31545	1.4116e-002	0.	0.
99715	-0.34509	2.0895e-002	0.	0.
99716	-0.34292	2.0139e-002	0.	0.
99717	-0.34487	2.2004e-002	0.	0.
99718	-0.34292	2.1207e-002	0.	0.
99719	-0.34365	2.1567e-002	0.	0.
99720	-0.34342	1.9444e-002	0.	0.
99724	-0.37888	2.1875e-002	0.	0.
99725	-0.38	2.1788e-002	0.	0.
99726	-0.38062	2.2439e-002	0.	0.
99727	-0.37875	2.2917e-002	0.	0.
99728	-0.38056	2.3219e-002	0.	0.
99732	-0.37928	-2.0833e-002	0.	0.
99733	-0.37699	-2.0896e-002	0.	0.
99734	-0.37886	-1.9748e-002	0.	0.
99735	-0.37721	-2.1875e-002	0.	0.
99736	-0.37893	-2.1875e-002	0.	0.
99737	-0.37807	-2.1875e-002	0.	0.
99740	0.34149	-1.6598e-002	0.	0.
99741	0.34369	-1.6667e-002	0.	0.
99742	0.34356	-1.7634e-002	0.	0.
99743	0.34337	-1.5625e-002	0.	0.
99744	0.34171	-1.5625e-002	0.	0.
99745	0.34254	-1.5625e-002	0.	0.
99748	0.34152	1.6825e-002	0.	0.
99749	0.34384	1.7312e-002	0.	0.
99750	0.3434	1.6302e-002	0.	0.
99751	0.34303	1.7905e-002	0.	0.
99752	0.34235	1.6324e-002	0.	0.
99756	0.35719	-2.1884e-002	0.	0.
99757	0.35802	-2.1788e-002	0.	0.
99758	0.35862	-2.2445e-002	0.	0.
99759	0.35856	-2.3219e-002	0.	0.
99760	0.35688	-2.2917e-002	0.	0.
99765	0.35686	2.0203e-002	0.	0.
99766	0.35483	2.0835e-002	0.	0.
99767	0.35691	2.1208e-002	0.	0.
99768	0.35618	2.1524e-002	0.	0.
99769	0.35641	1.9385e-002	0.	0.
99771	0.35042	1.9705e-002	0.	0.
99772	0.34921	1.7738e-002	0.	0.
99773	0.35097	1.8876e-002	0.	0.
99774	0.35028	1.8056e-002	0.	0.
99775	0.34939	1.9531e-002	0.	0.
99779	0.35036	-1.9718e-002	0.	0.
99780	0.3509	-1.8114e-002	0.	0.
99781	0.34949	-1.9718e-002	0.	0.
99782	0.35123	-1.8936e-002	0.	0.
99783	0.3501	-1.75e-002	0.	0.
99788	-0.34958	1.9705e-002	0.	0.
99789	-0.35071	1.7708e-002	0.	0.
99790	-0.34903	1.8876e-002	0.	0.
99791	-0.34961	1.7958e-002	0.	0.
99792	-0.35061	1.9531e-002	0.	0.
99796	0.41439	-2.1372e-002	0.	0.
99797	0.415	-2.2177e-002	0.	0.
99798	0.41339	-2.1573e-002	0.	0.
99799	0.41291	-2.2802e-002	0.	0.
99800	0.41485	-2.3099e-002	0.	0.
99803	-0.39013	-1.5867e-002	0.	0.
99804	-0.39112	-1.7265e-002	0.	0.
99805	-0.39058	-1.8084e-002	0.	0.
99806	-0.38909	-1.7108e-002	0.	0.
99807	-0.39097	-1.6421e-002	0.	0.
99808	-0.38948	-1.6427e-002	0.	0.
99811	-0.39725	1.6661e-002	0.	0.
99812	-0.39621	1.5784e-002	0.	0.
99813	-0.39541	1.7945e-002	0.	0.
99814	-0.39482	1.7082e-002	0.	0.
99815	-0.39527	1.6327e-002	0.	0.
99817	-0.41006	-1.0121e-002	0.	0.
99818	-0.41148	-1.0086e-002	0.	0.
99819	-0.41072	-1.1614e-002	0.	0.
99820	-0.41157	-1.1116e-002	0.	0.
99821	-0.41008	-1.0987e-002	0.	0.
99824	-0.31169	-1.9453e-002	0.	0.
99825	-0.31263	-1.8817e-002	0.	0.
99826	-0.3124	-1.7765e-002	0.	0.
99827	-0.31123	-1.7508e-002	0.	0.
99828	-0.31057	-1.8124e-002	0.	0.
99831	0.3048	-1.693e-002	0.	0.
99832	0.30585	-1.634e-002	0.	0.
99833	0.30494	-1.7819e-002	0.	0.
99834	0.30665	-1.6858e-002	0.	0.
99835	0.30679	-1.7842e-002	0.	0.
99838	0.30429	1.5604e-002	0.	0.
99839	0.3035	1.4825e-002	0.	0.
99840	0.30536	1.3901e-002	0.	0.
99841	0.30544	1.4855e-002	0.	0.
99844	0.33436	-2.1107e-003	0.	0.
99845	0.33556	-6.9778e-004	0.	0.
99846	0.3354	-2.5326e-003	0.	0.
99847	0.3363	-1.3294e-003	0.	0.
99848	0.33624	-2.1107e-003	0.	0.
99850	0.33655	3.1807e-003	0.	0.
99851	0.3375	3.1677e-003	0.	0.
99852	0.33798	4.1667e-003	0.	0.
99853	0.33589	4.1475e-003	0.	0.
99854	0.33658	5.2083e-003	0.	0.
99856	-0.35735	1.568e-002	0.	0.
99857	-0.35825	1.6121e-002	0.	0.
99858	-0.35615	1.7137e-002	0.	0.
99859	-0.35644	1.62e-002	0.	0.
99860	-0.357	1.765e-002	0.	0.
99861	-0.35835	1.6906e-002	0.	0.
99863	-0.40913	3.8611e-003	0.	0.
99864	-0.41075	2.75e-003	0.	0.
99865	-0.40971	2.7847e-003	0.	0.
99866	-0.4108	4.8985e-003	0.	0.
99867	-0.41109	3.7812e-003	0.	0.
99872	-0.40766	1.1403e-002	0.	0.
99873	-0.40737	9.2422e-003	0.	0.
99874	-0.40633	9.263e-003	0.	0.
99875	-0.40787	1.0131e-002	0.	0.
99876	-0.40601	1.0336e-002	0.	0.
99878	0.41985	-2.0765e-002	0.	0.
99879	0.41718	-2.1031e-002	0.	0.
99880	0.41821	-1.9464e-002	0.	0.
99881	0.41855	-2.1484e-002	0.	0.
99882	0.41744	-2.0028e-002	0.	0.
99883	0.41768	-2.1737e-002	0.	0.
99888	0.40206	-7.2604e-003	0.	0.
99889	0.40151	-8.1662e-003	0.	0.
99890	0.40432	-8.2083e-003	0.	0.
99891	0.40376	-9.3203e-003	0.	0.
99892	0.40238	-9.3385e-003	0.	0.
99893	0.40282	-7.0811e-003	0.	0.
99896	0.40567	-3.0308e-003	0.	0.
99897	0.40498	-3.0941e-003	0.	0.
99898	0.40444	-4.0911e-003	0.	0.
99899	0.40589	-3.9271e-003	0.	0.
99900	0.40533	-5.0391e-003	0.	0.
99903	0.40356	2.1813e-002	0.	0.
99904	0.40528	1.9514e-002	0.	0.
99905	0.40584	2.075e-002	0.	0.
99906	0.40318	2.075e-002	0.	0.
99907	0.40456	2.1898e-002	0.	0.
99908	0.40554	2.1813e-002	0.	0.
99911	0.41915	-1.1994e-004	0.	0.
99912	0.41707	7.7381e-004	0.	0.
99913	0.41765	-1.0747e-003	0.	0.
99914	0.41693	-2.214e-004	0.	0.
99915	0.41776	1.1536e-003	0.	0.
99916	0.41853	-1.3886e-003	0.	0.
99918	-0.35301	-1.7343e-002	0.	0.
99919	-0.35203	-1.5801e-002	0.	0.
99920	-0.3528	-1.6301e-002	0.	0.
99921	-0.35227	-1.8129e-002	0.	0.
99922	-0.35142	-1.6697e-002	0.	0.
99926	0.37549	-1.674e-002	0.	0.
99927	0.37502	-1.5564e-002	0.	0.
99928	0.37315	-1.7093e-002	0.	0.
99929	0.37409	-1.5668e-002	0.	0.
99930	0.37336	-1.6201e-002	0.	0.
99931	0.37354	-1.8025e-002	0.	0.
99934	-0.41675	-4.2944e-003	0.	0.
99935	-0.41527	-2.9792e-003	0.	0.
99936	-0.41713	-2.0417e-003	0.	0.
99937	-0.41569	-3.9079e-003	0.	0.
99938	-0.41608	-2.3333e-003	0.	0.
99939	-0.41762	-2.8172e-003	0.	0.
99943	-0.41204	1.7156e-002	0.	0.
99944	-0.41151	1.6113e-002	0.	0.
99945	-0.40966	1.701e-002	0.	0.
99946	-0.41154	1.8186e-002	0.	0.
99947	-0.41035	1.809e-002	0.	0.
99949	0.34256	-2.2853e-002	0.	0.
99950	0.34462	-2.1875e-002	0.	0.
99951	0.34299	-2.1864e-002	0.	0.
99952	0.345	-2.2917e-002	0.	0.
99953	0.3438	-2.175e-002	0.	0.
99956	0.33978	-1.764e-002	0.	0.
99957	0.33904	-1.6579e-002	0.	0.
99958	0.33953	-1.5556e-002	0.	0.
99959	0.34053	-1.5556e-002	0.	0.
99963	0.34381	2.0139e-002	0.	0.
99964	0.34227	2.1801e-002	0.	0.
99965	0.34327	2.1801e-002	0.	0.
99966	0.34165	2.0759e-002	0.	0.
99967	0.34307	1.9704e-002	0.	0.
99968	0.3437	2.103e-002	0.	0.
99971	0.33954	1.5573e-002	0.	0.
99972	0.34052	1.5425e-002	0.	0.
99973	0.33979	1.7657e-002	0.	0.
99974	0.33916	1.6615e-002	0.	0.
99975	0.34115	1.6062e-002	0.	0.
99979	0.33738	2.0962e-002	0.	0.
99980	0.33535	2.2025e-002	0.	0.
99981	0.33675	1.992e-002	0.	0.
99982	0.33507	2.0962e-002	0.	0.
99983	0.337	2.2004e-002	0.	0.
99984	0.33621	2.2143e-002	0.	0.
99987	0.33624	-2.2818e-002	0.	0.
99988	0.33679	-2.1926e-002	0.	0.
99989	0.33788	-2.193e-002	0.	0.
99990	0.33842	-2.2972e-002	0.	0.
99991	0.33672	-2.3493e-002	0.	0.
99996	-0.34333	1.5509e-002	0.	0.
99997	-0.3445	1.5422e-002	0.	0.
99998	-0.34268	1.6377e-002	0.	0.
99999	-0.34499	1.6377e-002	0.	0.
100000	-0.34345	1.7245e-002	0.	0.
100003	-0.37879	1.3542e-002	0.	0.
100004	-0.37817	1.4583e-002	0.	0.
100005	-0.3787	1.5774e-002	0.	0.
100006	-0.37979	1.5625e-002	0.	0.
100007	-0.38009	1.4583e-002	0.	0.
100011	-0.37463	2.0908e-002	0.	0.
100012	-0.37699	2.0908e-002	0.	0.
100013	-0.37522	1.9866e-002	0.	0.
100014	-0.37502	2.1949e-002	0.	0.
100015	-0.37603	2.1949e-002	0.	0.
100019	-0.37503	-2.1938e-002	0.	0.
100020	-0.37525	-2.2917e-002	0.	0.
100021	-0.37393	-2.1875e-002	0.	0.
100022	-0.3733	-2.292e-002	0.	0.
100027	-0.37875	-1.5596e-002	0.	0.
100028	-0.37889	-1.7636e-002	0.	0.
100029	-0.37766	-1.5596e-002	0.	0.
100030	-0.37939	-1.6464e-002	0.	0.
100031	-0.37732	-1.6638e-002	0.	0.
100035	0.35856	-1.4693e-002	0.	0.
100036	0.35668	-1.5897e-002	0.	0.
100037	0.3578	-1.5735e-002	0.	0.
100038	0.35663	-1.4058e-002	0.	0.
100039	0.35632	-1.4997e-002	0.	0.
100043	0.35663	1.5538e-002	0.	0.
100044	0.35715	1.658e-002	0.	0.
100045	0.35545	1.5458e-002	0.	0.
100046	0.35497	1.6406e-002	0.	0.
100047	0.35642	1.7274e-002	0.	0.
100050	-0.41849	1.8963e-002	0.	0.
100051	-0.41764	2.113e-002	0.	0.
100052	-0.41688	2.0292e-002	0.	0.
100053	-0.41856	2.0743e-002	0.	0.
100054	-0.41738	1.9223e-002	0.	0.
100056	-0.30772	-2.1508e-003	0.	0.
100057	-0.30684	-4.0143e-003	0.	0.
100058	-0.30878	-4.0749e-003	0.	0.
100059	-0.30867	-2.7161e-003	0.	0.
100060	-0.30767	-4.6026e-003	0.	0.
100065	-0.31052	4.9153e-003	0.	0.
100066	-0.31078	6.8481e-003	0.	0.
100067	-0.31093	5.8087e-003	0.	0.
100068	-0.30951	6.3184e-003	0.	0.
100069	-0.30968	5.2148e-003	0.	0.
100071	-0.31128	-1.9749e-003	0.	0.
100072	-0.31021	-3.7231e-004	0.	0.
100073	-0.3103	-1.4657e-003	0.	0.
100074	-0.31207	-1.0821e-003	0.	0.
100075	-0.31166	-1.3002e-004	0.	0.
100077	-0.40256	9.3125e-003	0.	0.
100078	-0.40041	7.866e-003	0.	0.
100079	-0.40152	9.3125e-003	0.	0.
100080	-0.40262	8.2396e-003	0.	0.
100081	-0.40077	8.7917e-003	0.	0.
100082	-0.40112	7.1475e-003	0.	0.
100085	-0.40437	5.0417e-003	0.	0.
100086	-0.4045	2.9375e-003	0.	0.
100087	-0.40496	3.9722e-003	0.	0.
100088	-0.4029	3.9216e-003	0.	0.
100089	-0.40372	2.9687e-003	0.	0.
100091	0.31207	-3.5792e-003	0.	0.
100092	0.31131	-5.1934e-003	0.	0.
100093	0.31099	-3.4958e-003	0.	0.
100094	0.31024	-4.0427e-003	0.	0.
100095	0.31042	-5.1215e-003	0.	0.
100097	-0.42015	-2.0935e-003	0.	0.
100098	-0.42178	-3.5694e-003	0.	0.
100099	-0.42179	-2.5937e-003	0.	0.
100100	-0.41967	-2.7407e-003	0.	0.
100101	-0.42107	-2.1801e-003	0.	0.
100102	-0.42071	-3.8714e-003	0.	0.
100106	0.37497	1.6635e-002	0.	0.
100107	0.37333	1.7617e-002	0.	0.
100108	0.37336	1.5609e-002	0.	0.
100109	0.37434	1.5432e-002	0.	0.
100110	0.37315	1.6651e-002	0.	0.
100112	-0.41529	-1.3139e-002	0.	0.
100113	-0.41524	-1.2021e-002	0.	0.
100114	-0.41426	-1.3525e-002	0.	0.
100115	-0.41423	-1.1526e-002	0.	0.
100116	-0.41332	-1.2084e-002	0.	0.
100119	-0.42087	-1.0283e-002	0.	0.
100120	-0.41992	-8.3773e-003	0.	0.
100121	-0.42181	-8.6837e-003	0.	0.
100122	-0.4194	-8.9561e-003	0.	0.
100123	-0.42181	-9.4754e-003	0.	0.
100124	-0.42083	-8.4929e-003	0.	0.
100127	-0.33097	1.0034e-002	0.	0.
100128	-0.32821	1.0066e-002	0.	0.
100129	-0.32889	1.1157e-002	0.	0.
100130	-0.32876	8.9505e-003	0.	0.
100131	-0.33027	8.9348e-003	0.	0.
100132	-0.32953	8.7372e-003	0.	0.
100135	-0.32526	4.6617e-003	0.	0.
100136	-0.32547	2.7502e-003	0.	0.
100137	-0.32639	3.2667e-003	0.	0.
100138	-0.32485	3.857e-003	0.	0.
100139	-0.32677	4.0373e-003	0.	0.
100142	-0.42065	5.6459e-003	0.	0.
100143	-0.42168	6.4213e-003	0.	0.
100144	-0.41955	7.3334e-003	0.	0.
100145	-0.42039	7.7301e-003	0.	0.
100146	-0.42123	7.2239e-003	0.	0.
100152	-0.35607	2.0172e-002	0.	0.
100153	-0.35759	2.1821e-002	0.	0.
100154	-0.35661	2.1821e-002	0.	0.
100155	-0.35684	1.9626e-002	0.	0.
100156	-0.35607	2.1064e-002	0.	0.
100157	-0.35791	2.078e-002	0.	0.
100160	-0.36886	1.994e-002	0.	0.
100161	-0.36829	2.0982e-002	0.	0.
100162	-0.37034	2.0982e-002	0.	0.
100163	-0.37	2.2024e-002	0.	0.
100164	-0.36848	2.2024e-002	0.	0.
100168	-0.37225	1.5625e-002	0.	0.
100169	-0.3706	1.6518e-002	0.	0.
100170	-0.37271	1.6667e-002	0.	0.
100171	-0.37212	1.7708e-002	0.	0.
100172	-0.37144	1.5625e-002	0.	0.
100175	-0.36922	-2.2934e-002	0.	0.
100176	-0.36772	-2.1962e-002	0.	0.
100177	-0.36715	-2.296e-002	0.	0.
100178	-0.36877	-2.1976e-002	0.	0.
100183	-0.37381	-1.5625e-002	0.	0.
100184	-0.3739	-1.4583e-002	0.	0.
100185	-0.37277	-1.5625e-002	0.	0.
100186	-0.3719	-1.5061e-002	0.	0.
100187	-0.37244	-1.3523e-002	0.	0.
100188	-0.37198	-1.4227e-002	0.	0.
100191	-0.39463	1.1458e-002	0.	0.
100192	-0.39487	9.406e-003	0.	0.
100193	-0.39369	9.375e-003	0.	0.
100194	-0.39523	1.0518e-002	0.	0.
100195	-0.39338	1.0417e-002	0.	0.
100198	-0.39659	4.005e-003	0.	0.
100199	-0.39871	4.1389e-003	0.	0.
100200	-0.39825	3.125e-003	0.	0.
100201	-0.3981	5.0645e-003	0.	0.
100202	-0.39744	3.125e-003	0.	0.
100206	-0.39475	-9.375e-003	0.	0.
100207	-0.39316	-1.0284e-002	0.	0.
100208	-0.39513	-1.0284e-002	0.	0.
100209	-0.39395	-9.375e-003	0.	0.
100210	-0.39463	-1.1023e-002	0.	0.
100212	-0.39808	-3.1323e-003	0.	0.
100213	-0.39812	-5.2292e-003	0.	0.
100214	-0.39723	-3.5039e-003	0.	0.
100215	-0.39671	-4.4271e-003	0.	0.
100216	-0.39845	-4.1823e-003	0.	0.
100218	0.30228	-1.3565e-003	0.	0.
100219	0.30325	-6.8229e-004	0.	0.
100220	0.30325	3.4896e-004	0.	0.
100221	0.30217	6.3021e-004	0.	0.
100225	0.30417	4.0224e-003	0.	0.
100226	0.30417	1.9495e-003	0.	0.
100227	0.30309	3.7515e-003	0.	0.
100228	0.30309	2.2307e-003	0.	0.
100229	0.30485	3.2745e-003	0.	0.
100231	-0.39012	9.4153e-003	0.	0.
100232	-0.38794	7.7922e-003	0.	0.
100233	-0.39017	8.3736e-003	0.	0.
100234	-0.38908	9.4153e-003	0.	0.
100235	-0.38825	8.7423e-003	0.	0.
100236	-0.38843	6.9413e-003	0.	0.
100241	-0.38888	-1.0528e-002	0.	0.
100242	-0.38843	-9.375e-003	0.	0.
100243	-0.38683	-1.0247e-002	0.	0.
100244	-0.38815	-1.1194e-002	0.	0.
100245	-0.38764	-9.375e-003	0.	0.
100248	-0.39192	-3.0184e-003	0.	0.
100249	-0.39123	-1.9893e-003	0.	0.
100250	-0.39179	-9.4763e-004	0.	0.
100251	-0.39275	-2.6433e-003	0.	0.
100252	-0.39326	-1.7289e-003	0.	0.
100254	-0.39175	5.2083e-003	0.	0.
100255	-0.39181	3.125e-003	0.	0.
100256	-0.39074	3.125e-003	0.	0.
100257	-0.39232	4.1667e-003	0.	0.
100258	-0.39011	4.0779e-003	0.	0.
100260	0.40023	1.0277e-002	0.	0.
100261	0.40077	9.0625e-003	0.	0.
100262	0.40214	9.0625e-003	0.	0.
100263	0.40245	1.0177e-002	0.	0.
100264	0.40195	1.1039e-002	0.	0.
100266	0.39782	1.028e-002	0.	0.
100267	0.39703	1.1217e-002	0.	0.
100268	0.39726	9.104e-003	0.	0.
100269	0.39572	1.0137e-002	0.	0.
100270	0.39624	9.0761e-003	0.	0.
100272	0.4004	4.8871e-003	0.	0.
100273	0.40007	2.7621e-003	0.	0.
100274	0.40047	3.8246e-003	0.	0.
100275	0.3992	3.0421e-003	0.	0.
100276	0.39879	4.0314e-003	0.	0.
100280	0.39113	2.2876e-002	0.	0.
100281	0.39076	2.1818e-002	0.	0.
100282	0.38938	2.2877e-002	0.	0.
100283	0.3899	2.1816e-002	0.	0.
100286	0.39371	1.7635e-002	0.	0.
100287	0.39423	1.6572e-002	0.	0.
100288	0.39375	1.551e-002	0.	0.
100289	0.39285	1.5851e-002	0.	0.
100290	0.39241	1.6815e-002	0.	0.
100294	0.39656	2.1813e-002	0.	0.
100295	0.39556	2.1813e-002	0.	0.
100296	0.39504	2.2875e-002	0.	0.
100297	0.39704	2.2875e-002	0.	0.
100301	0.39418	2.8851e-003	0.	0.
100302	0.39492	2.5195e-003	0.	0.
100303	0.39537	1.5931e-003	0.	0.
100304	0.39384	1.7539e-003	0.	0.
100305	0.39436	6.9792e-004	0.	0.
100308	0.39076	9.0524e-003	0.	0.
100309	0.39002	9.4154e-003	0.	0.
100310	0.38956	1.0339e-002	0.	0.
100311	0.39063	1.1147e-002	0.	0.
100312	0.39111	1.0189e-002	0.	0.
100316	0.38773	1.5391e-002	0.	0.
100317	0.38726	1.4173e-002	0.	0.
100318	0.38865	1.5049e-002	0.	0.
100319	0.38911	1.4093e-002	0.	0.
100320	0.38804	1.3284e-002	0.	0.
100323	0.38458	2.1828e-002	0.	0.
100324	0.3848	2.2884e-002	0.	0.
100325	0.3833	2.2887e-002	0.	0.
100326	0.38383	2.1831e-002	0.	0.
100329	-0.33616	8.993e-003	0.	0.
100330	-0.33384	1.0111e-002	0.	0.
100331	-0.33463	9.1135e-003	0.	0.
100332	-0.33463	1.0954e-002	0.	0.
100333	-0.33642	9.9351e-003	0.	0.
100334	-0.33532	8.9863e-003	0.	0.
100337	-0.33151	2.8198e-003	0.	0.
100338	-0.33156	6.2132e-004	0.	0.
100339	-0.33206	1.689e-003	0.	0.
100340	-0.33071	2.456e-003	0.	0.
100341	-0.33021	1.3882e-003	0.	0.
100345	-0.32422	-1.9615e-002	0.	0.
100346	-0.325	-1.7457e-002	0.	0.
100347	-0.32549	-1.8523e-002	0.	0.
100348	-0.32392	-1.7366e-002	0.	0.
100349	-0.32524	-1.9646e-002	0.	0.
100350	-0.32271	-1.8137e-002	0.	0.
100354	0.3773	2.1979e-002	0.	0.
100355	0.37843	2.1863e-002	0.	0.
100356	0.37881	2.2895e-002	0.	0.
100357	0.37725	2.3024e-002	0.	0.
100360	0.38004	1.5316e-002	0.	0.
100361	0.38163	1.543e-002	0.	0.
100362	0.37974	1.6494e-002	0.	0.
100363	0.38207	1.6632e-002	0.	0.
100364	0.38132	1.753e-002	0.	0.
100365	0.38092	1.5301e-002	0.	0.
100368	0.38816	2.9063e-003	0.	0.
100369	0.38889	2.8932e-003	0.	0.
100370	0.38942	1.8398e-003	0.	0.
100371	0.38795	1.8685e-003	0.	0.
100372	0.38848	8.1771e-004	0.	0.
100376	0.38505	9.3104e-003	0.	0.
100377	0.38451	8.0226e-003	0.	0.
100378	0.38598	8.934e-003	0.	0.
100379	0.38631	8.0247e-003	0.	0.
100380	0.38529	7.1263e-003	0.	0.
100382	0.41469	1.6354e-002	0.	0.
100383	0.41387	1.7257e-002	0.	0.
100384	0.41618	1.7924e-002	0.	0.
100385	0.41564	1.6393e-002	0.	0.
100386	0.41637	1.6381e-002	0.	0.
100390	0.38219	3.0184e-003	0.	0.
100391	0.38184	1.9094e-003	0.	0.
100392	0.383	3.0026e-003	0.	0.
100393	0.38354	1.9544e-003	0.	0.
100394	0.3826	9.375e-004	0.	0.
100396	0.30425	8.5156e-003	0.	0.
100397	0.30325	6.625e-003	0.	0.
100398	0.30533	7.8073e-003	0.	0.
100399	0.30323	7.7122e-003	0.	0.
100400	0.30433	6.125e-003	0.	0.
100404	0.31551	1.8297e-003	0.	0.
100405	0.315	-8.8628e-005	0.	0.
100406	0.31599	1.1971e-003	0.	0.
100407	0.31581	3.6389e-004	0.	0.
100408	0.31477	1.5441e-003	0.	0.
100411	0.32367	-5.3015e-004	0.	0.
100412	0.32251	1.2036e-003	0.	0.
100413	0.32265	-2.3133e-004	0.	0.
100414	0.32346	1.5767e-003	0.	0.
100415	0.32419	1.1304e-003	0.	0.
100419	-0.39921	-1.0275e-002	0.	0.
100420	-0.39987	-9.3913e-003	0.	0.
100421	-0.40091	-9.3982e-003	0.	0.
100422	-0.40071	-1.1539e-002	0.	0.
100423	-0.40111	-1.0426e-002	0.	0.
100425	-0.40462	-1.2292e-003	0.	0.
100426	-0.40613	-2.3264e-003	0.	0.
100427	-0.4045	-3.3125e-003	0.	0.
100428	-0.40404	-2.25e-003	0.	0.
100429	-0.40528	-3.3316e-003	0.	0.
100433	-0.34762	2.0809e-002	0.	0.
100434	-0.34836	1.9831e-002	0.	0.
100435	-0.3485	2.1788e-002	0.	0.
100436	-0.34944	2.1389e-002	0.	0.
100437	-0.34994	2.0486e-002	0.	0.
100440	0.35328	-2.2785e-002	0.	0.
100441	0.3526	-2.2039e-002	0.	0.
100442	0.35137	-2.1875e-002	0.	0.
100443	0.35104	-2.2917e-002	0.	0.
100447	0.35238	2.0809e-002	0.	0.
100448	0.35164	1.9831e-002	0.	0.
100449	0.3515	2.1788e-002	0.	0.
100450	0.35056	2.1389e-002	0.	0.
100451	0.35006	2.0486e-002	0.	0.
100455	0.33987	9.375e-003	0.	0.
100456	0.33822	8.3333e-003	0.	0.
100457	0.33882	9.375e-003	0.	0.
100458	0.33979	7.2917e-003	0.	0.
100459	0.3402	8.0729e-003	0.	0.
100462	0.33987	-9.375e-003	0.	0.
100463	0.34087	-9.375e-003	0.	0.
100464	0.34142	-1.0417e-002	0.	0.
100465	0.33996	-1.1458e-002	0.	0.
100466	0.33955	-1.0677e-002	0.	0.
100469	-0.34046	3.0021e-003	0.	0.
100470	-0.34038	5.1062e-003	0.	0.
100471	-0.34092	4.0646e-003	0.	0.
100472	-0.3396	3.0089e-003	0.	0.
100473	-0.33918	4.0301e-003	0.	0.
100478	-0.348	1.0417e-002	0.	0.
100479	-0.34633	1.1356e-002	0.	0.
100480	-0.34638	9.375e-003	0.	0.
100481	-0.34746	9.375e-003	0.	0.
100482	-0.34583	1.0417e-002	0.	0.
100486	-0.34957	9.2293e-003	0.	0.
100487	-0.34854	9.375e-003	0.	0.
100488	-0.35022	1.0562e-002	0.	0.
100489	-0.34942	1.1458e-002	0.	0.
100491	-0.374	-1.0417e-002	0.	0.
100492	-0.37562	-1.1458e-002	0.	0.
100493	-0.37454	-9.375e-003	0.	0.
100494	-0.37617	-1.0417e-002	0.	0.
100495	-0.37562	-9.375e-003	0.	0.
100497	-0.37346	-9.375e-003	0.	0.
100498	-0.37238	-9.375e-003	0.	0.
100499	-0.37181	-1.0564e-002	0.	0.
100500	-0.37249	-1.1439e-002	0.	0.
100503	-0.35992	-8.3333e-003	0.	0.
100504	-0.35938	-7.2917e-003	0.	0.
100505	-0.35766	-8.0603e-003	0.	0.
100506	-0.35883	-9.375e-003	0.	0.
100507	-0.35965	-9.375e-003	0.	0.
100508	-0.35807	-9.0459e-003	0.	0.
100511	-0.36428	-1.6826e-002	0.	0.
100512	-0.36403	-1.5702e-002	0.	0.
100513	-0.36191	-1.6298e-002	0.	0.
100514	-0.36254	-1.5557e-002	0.	0.
100515	-0.36265	-1.7708e-002	0.	0.
100516	-0.36209	-1.7114e-002	0.	0.
100519	-0.36317	-1.0417e-002	0.	0.
100520	-0.36263	-9.375e-003	0.	0.
100521	-0.3627	-1.1607e-002	0.	0.
100522	-0.36154	-9.375e-003	0.	0.
100523	-0.36127	-1.0417e-002	0.	0.
100528	-0.36101	1.0316e-002	0.	0.
100529	-0.35883	1.0417e-002	0.	0.
100530	-0.35938	9.375e-003	0.	0.
100531	-0.36046	9.375e-003	0.	0.
100532	-0.35952	1.1137e-002	0.	0.
100535	-0.36326	1.542e-002	0.	0.
100536	-0.36426	1.6508e-002	0.	0.
100537	-0.36225	1.5463e-002	0.	0.
100538	-0.36386	1.5842e-002	0.	0.
100539	-0.3621	1.6432e-002	0.	0.
100540	-0.36269	1.7042e-002	0.	0.
100543	-0.36267	1.1072e-002	0.	0.
100544	-0.36259	9.1281e-003	0.	0.
100545	-0.36155	9.2746e-003	0.	0.
100546	-0.36317	1.0235e-002	0.	0.
100548	-0.37734	8.3581e-003	0.	0.
100549	-0.37671	9.375e-003	0.	0.
100550	-0.37562	9.375e-003	0.	0.
100551	-0.37562	7.2917e-003	0.	0.
100552	-0.37535	8.3333e-003	0.	0.
100555	-0.37238	1.131e-002	0.	0.
100556	-0.37183	1.0268e-002	0.	0.
100557	-0.374	1.0268e-002	0.	0.
100558	-0.3721	9.2262e-003	0.	0.
100559	-0.37373	9.2262e-003	0.	0.
100562	0.35029	-1.1367e-002	0.	0.
100563	0.34983	-1.0417e-002	0.	0.
100564	0.35193	-1.0585e-002	0.	0.
100565	0.3501	-9.375e-003	0.	0.
100566	0.35173	-9.375e-003	0.	0.
100570	0.36498	-1.0306e-002	0.	0.
100571	0.36283	-1.0417e-002	0.	0.
100572	0.36338	-9.375e-003	0.	0.
100573	0.36449	-9.2291e-003	0.	0.
100574	0.36341	-1.1458e-002	0.	0.
100577	0.36265	-1.5625e-002	0.	0.
100578	0.36394	-1.5885e-002	0.	0.
100579	0.36171	-1.6667e-002	0.	0.
100580	0.36335	-1.7708e-002	0.	0.
100581	0.36387	-1.7e-002	0.	0.
100583	0.36666	-9.1861e-003	0.	0.
100584	0.36556	-9.118e-003	0.	0.
100585	0.3666	-1.1087e-002	0.	0.
100586	0.36708	-1.0181e-002	0.	0.
100591	0.36334	7.3929e-003	0.	0.
100592	0.36392	8.3333e-003	0.	0.
100593	0.3618	8.194e-003	0.	0.
100594	0.36365	9.375e-003	0.	0.
100595	0.3621	9.0348e-003	0.	0.
100599	0.36183	1.6667e-002	0.	0.
100600	0.36423	1.6267e-002	0.	0.
100601	0.3624	1.5625e-002	0.	0.
100602	0.36356	1.5495e-002	0.	0.
100603	0.36338	1.7792e-002	0.	0.
100604	0.36397	1.7083e-002	0.	0.
100609	0.36711	1.0514e-002	0.	0.
100610	0.36554	9.375e-003	0.	0.
100611	0.36527	1.0417e-002	0.	0.
100612	0.36645	1.1159e-002	0.	0.
100613	0.36635	9.6719e-003	0.	0.
100615	0.35205	1.033e-002	0.	0.
100616	0.35365	1.1372e-002	0.	0.
100617	0.35254	9.375e-003	0.	0.
100618	0.35417	1.0417e-002	0.	0.
100619	0.35362	9.375e-003	0.	0.
100621	0.3515	9.2882e-003	0.	0.
100622	0.35042	9.2882e-003	0.	0.
100623	0.35056	1.1111e-002	0.	0.
100624	0.35001	1.0069e-002	0.	0.
100628	0.3585	2.0833e-003	0.	0.
100629	0.35633	2.0833e-003	0.	0.
100630	0.35688	3.125e-003	0.	0.
100631	0.35796	3.125e-003	0.	0.
100632	0.35692	1.0417e-003	0.	0.
100634	0.3569	-5.3018e-003	0.	0.
100635	0.3561	-3.1433e-003	0.	0.
100636	0.35525	-4.6145e-003	0.	0.
100637	0.35725	-3.618e-003	0.	0.
100638	0.3554	-3.8066e-003	0.	0.
100639	0.35755	-4.4397e-003	0.	0.
100644	0.36183	-4.2752e-003	0.	0.
100645	0.36113	-3.2676e-003	0.	0.
100646	0.3602	-5.3168e-003	0.	0.
100647	0.35976	-4.4548e-003	0.	0.
100648	0.36027	-3.7424e-003	0.	0.
100653	0.36013	1.0417e-003	0.	0.
100654	0.36007	3.2558e-003	0.	0.
100655	0.35904	3.125e-003	0.	0.
100656	0.36067	2.0833e-003	0.	0.
100660	0.37465	4.1602e-003	0.	0.
100661	0.37314	5.1064e-003	0.	0.
100662	0.37258	4.1667e-003	0.	0.
100663	0.37421	3.125e-003	0.	0.
100664	0.37313	3.125e-003	0.	0.
100668	0.37313	-1.0417e-003	0.	0.
100669	0.37267	-3.1166e-003	0.	0.
100670	0.37378	-2.7574e-003	0.	0.
100671	0.37177	-2.6042e-003	0.	0.
100672	0.37367	-1.7798e-003	0.	0.
100673	0.37141	-1.5625e-003	0.	0.
100676	0.36912	-3.3853e-003	0.	0.
100677	0.36996	-5.3981e-003	0.	0.
100678	0.37022	-3.7804e-003	0.	0.
100679	0.36851	-4.4122e-003	0.	0.
100680	0.3702	-4.5036e-003	0.	0.
100684	0.36944	1.9995e-003	0.	0.
100685	0.37094	2.9623e-003	0.	0.
100686	0.37148	1.9206e-003	0.	0.
100687	0.3695	8.7893e-004	0.	0.
100688	0.37031	3.581e-004	0.	0.
100689	0.37006	2.6501e-003	0.	0.
100692	0.34262	-3.125e-003	0.	0.
100693	0.34346	-3.1702e-003	0.	0.
100694	0.34388	-5.2537e-003	0.	0.
100695	0.34415	-3.6458e-003	0.	0.
100696	0.34466	-4.8385e-003	0.	0.
100697	0.34248	-4.184e-003	0.	0.
100701	0.34395	8.0536e-004	0.	0.
100702	0.34341	1.8591e-003	0.	0.
100703	0.34553	1.9652e-003	0.	0.
100704	0.34397	2.6162e-003	0.	0.
100705	0.34506	2.6162e-003	0.	0.
100707	0.34712	3.125e-003	0.	0.
100708	0.34875	4.1667e-003	0.	0.
100709	0.34686	4.8695e-003	0.	0.
100710	0.34812	3.2986e-003	0.	0.
100711	0.34665	3.776e-003	0.	0.
100715	0.34678	-3.01e-003	0.	0.
100716	0.34787	-2.6442e-003	0.	0.
100717	0.34792	-1.6018e-003	0.	0.
100718	0.34723	-7.716e-004	0.	0.
100719	0.34587	-2.5132e-003	0.	0.
100724	-0.36967	2.0833e-003	0.	0.
100725	-0.36845	3.1738e-003	0.	0.
100726	-0.36908	1.0417e-003	0.	0.
100727	-0.36765	2.6026e-003	0.	0.
100728	-0.36935	3.2118e-003	0.	0.
100729	-0.36741	1.5625e-003	0.	0.
100731	-0.36913	-5.2083e-003	0.	0.
100732	-0.37	-3.0683e-003	0.	0.
100733	-0.37085	-4.4416e-003	0.	0.
100734	-0.36858	-4.1667e-003	0.	0.
100735	-0.36908	-3.1334e-003	0.	0.
100736	-0.3706	-3.6886e-003	0.	0.
100739	-0.36542	-2.0089e-003	0.	0.
100740	-0.36696	-3.125e-003	0.	0.
100741	-0.36588	-3.125e-003	0.	0.
100742	-0.36553	-9.2151e-004	0.	0.
100743	-0.36746	-2.0917e-003	0.	0.
100744	-0.36633	-5.2083e-004	0.	0.
100748	-0.36512	3.3857e-003	0.	0.
100749	-0.36596	5.3986e-003	0.	0.
100750	-0.36609	3.7792e-003	0.	0.
100751	-0.36451	4.4126e-003	0.	0.
100752	-0.36618	4.5034e-003	0.	0.
100754	-0.35287	5.2083e-003	0.	0.
100755	-0.35179	3.125e-003	0.	0.
100756	-0.35287	3.125e-003	0.	0.
100757	-0.35117	4.3155e-003	0.	0.
100758	-0.35342	4.1667e-003	0.	0.
100762	-0.3545	-2.0833e-003	0.	0.
100763	-0.35287	-3.125e-003	0.	0.
100764	-0.35386	-3.1498e-003	0.	0.
100765	-0.35287	-1.0417e-003	0.	0.
100766	-0.35233	-2.0833e-003	0.	0.
100770	-0.35775	4.1667e-003	0.	0.
100771	-0.35721	3.125e-003	0.	0.
100772	-0.35612	3.125e-003	0.	0.
100773	-0.35612	5.2083e-003	0.	0.
100774	-0.35558	4.1667e-003	0.	0.
100778	-0.35612	-1.0417e-003	0.	0.
100779	-0.35605	-3.2738e-003	0.	0.
100780	-0.35494	-3.1498e-003	0.	0.
100781	-0.35667	-2.0833e-003	0.	0.
100784	-0.3805	-2.0833e-003	0.	0.
100785	-0.37996	-3.125e-003	0.	0.
100786	-0.37887	-3.125e-003	0.	0.
100787	-0.37833	-2.0833e-003	0.	0.
100788	-0.37884	-9.8273e-004	0.	0.
100792	-0.37887	3.125e-003	0.	0.
100793	-0.37725	4.1667e-003	0.	0.
100794	-0.37888	5.1625e-003	0.	0.
100795	-0.37933	3.9931e-003	0.	0.
100796	-0.37788	3.2986e-003	0.	0.
100800	-0.38365	3.9648e-003	0.	0.
100801	-0.38189	4.7479e-003	0.	0.
100802	-0.38316	3.0118e-003	0.	0.
100803	-0.38207	3.0118e-003	0.	0.
100804	-0.38144	3.8799e-003	0.	0.
100806	-0.38212	-1.0417e-003	0.	0.
100807	-0.38104	-3.125e-003	0.	0.
100808	-0.38212	-3.125e-003	0.	0.
100809	-0.38267	-2.0833e-003	0.	0.
100812	0.34884	8.361e-003	0.	0.
100813	0.34682	8.6195e-003	0.	0.
100814	0.34843	9.1422e-003	0.	0.
100815	0.34764	9.1451e-003	0.	0.
100816	0.34731	7.7897e-003	0.	0.
100821	0.35013	1.4757e-003	0.	0.
100822	0.35139	3.2118e-003	0.	0.
100823	0.35031	3.2118e-003	0.	0.
100824	0.35194	2.1701e-003	0.	0.
100825	0.34968	2.3438e-003	0.	0.
100829	0.34696	-7.7131e-003	0.	0.
100830	0.34702	-9.4794e-003	0.	0.
100831	0.34811	-9.4794e-003	0.	0.
100832	0.34639	-8.6113e-003	0.	0.
100833	0.34838	-8.4377e-003	0.	0.
100837	0.35213	-1.9387e-003	0.	0.
100838	0.34994	-2.7351e-003	0.	0.
100839	0.35092	-3.125e-003	0.	0.
100840	0.34999	-1.6927e-003	0.	0.
100841	0.35177	-2.8204e-003	0.	0.
100845	-0.37788	9.3998e-003	0.	0.
100846	-0.37897	9.3998e-003	0.	0.
100847	-0.37897	7.2706e-003	0.	0.
100848	-0.37935	8.7585e-003	0.	0.
100849	-0.37973	7.724e-003	0.	0.
100852	-0.37578	1.4323e-003	0.	0.
100853	-0.37461	3.2118e-003	0.	0.
100854	-0.37569	3.2118e-003	0.	0.
100855	-0.37406	2.1701e-003	0.	0.
100856	-0.37632	2.3438e-003	0.	0.
100861	-0.37779	-9.375e-003	0.	0.
100862	-0.37887	-9.375e-003	0.	0.
100863	-0.37725	-8.3333e-003	0.	0.
100864	-0.37887	-7.2917e-003	0.	0.
100865	-0.37942	-8.3333e-003	0.	0.
100867	-0.3756	-8.6189e-004	0.	0.
100868	-0.3737	-2.0978e-003	0.	0.
100869	-0.37551	-3.249e-003	0.	0.
100870	-0.37606	-2.2074e-003	0.	0.
100871	-0.37452	-3.4227e-003	0.	0.
100872	-0.37398	-2.8334e-003	0.	0.
100874	0.37296	9.3605e-003	0.	0.
100875	0.37154	1.057e-002	0.	0.
100876	0.3721	9.7942e-003	0.	0.
100877	0.37278	1.1451e-002	0.	0.
100878	0.37332	1.0408e-002	0.	0.
100881	0.37519	3.1185e-003	0.	0.
100882	0.37622	3.1107e-003	0.	0.
100883	0.37668	4.3131e-003	0.	0.
100884	0.37593	5.1901e-003	0.	0.
100887	0.37583	-2.6488e-003	0.	0.
100888	0.37626	-9.3314e-004	0.	0.
100889	0.37703	-2.8761e-003	0.	0.
100890	0.37572	-1.6712e-003	0.	0.
100891	0.37749	-1.9329e-003	0.	0.
100893	0.37292	-7.6828e-003	0.	0.
100894	0.37284	-9.5052e-003	0.	0.
100895	0.37236	-8.5868e-003	0.	0.
100896	0.37373	-9.4639e-003	0.	0.
100897	0.37427	-8.4236e-003	0.	0.
100900	-0.34692	4.1667e-003	0.	0.
100901	-0.34483	4.1458e-003	0.	0.
100902	-0.34538	3.1042e-003	0.	0.
100903	-0.34642	3.1146e-003	0.	0.
100904	-0.34619	5.2083e-003	0.	0.
100906	-0.34148	1.0491e-002	0.	0.
100907	-0.34212	9.3542e-003	0.	0.
100908	-0.34313	9.375e-003	0.	0.
100909	-0.34313	1.1458e-002	0.	0.
100910	-0.34367	1.0417e-002	0.	0.
100913	-0.33944	1.3953e-002	0.	0.
100914	-0.34161	1.4427e-002	0.	0.
100915	-0.34097	1.5295e-002	0.	0.
100916	-0.33972	1.4943e-002	0.	0.
100921	-0.3541	9.8752e-003	0.	0.
100922	-0.35248	1.156e-002	0.	0.
100923	-0.35304	9.4981e-003	0.	0.
100924	-0.3524	1.0664e-002	0.	0.
100925	-0.35312	1.2189e-002	0.	0.
100926	-0.35422	1.0726e-002	0.	0.
100928	-0.34962	-1.0417e-003	0.	0.
100929	-0.34962	-3.125e-003	0.	0.
100930	-0.35017	-2.0833e-003	0.	0.
100931	-0.34809	-2.2507e-003	0.	0.
100932	-0.34888	-3.1367e-003	0.	0.
100936	-0.35333	-8.3828e-003	0.	0.
100937	-0.35133	-8.3472e-003	0.	0.
100938	-0.35188	-9.3872e-003	0.	0.
100939	-0.35269	-7.2917e-003	0.	0.
100940	-0.35265	-9.3811e-003	0.	0.
100945	-0.38194	1.769e-002	0.	0.
100946	-0.3814	1.6648e-002	0.	0.
100947	-0.38254	1.5606e-002	0.	0.
100948	-0.3817	1.5606e-002	0.	0.
100949	-0.38339	1.6792e-002	0.	0.
100953	-0.38037	-1.4436e-002	0.	0.
100954	-0.38102	-1.5304e-002	0.	0.
100955	-0.38198	-1.3327e-002	0.	0.
100956	-0.3822	-1.5033e-002	0.	0.
100957	-0.38231	-1.4125e-002	0.	0.
100961	-0.38557	-1.9792e-002	0.	0.
100962	-0.38438	-2.1875e-002	0.	0.
100963	-0.38372	-2.0833e-002	0.	0.
100964	-0.38607	-2.088e-002	0.	0.
100965	-0.38541	-2.1896e-002	0.	0.
100969	-0.40455	-1.6344e-002	0.	0.
100970	-0.40394	-1.5521e-002	0.	0.
100971	-0.40375	-1.781e-002	0.	0.
100972	-0.40234	-1.6369e-002	0.	0.
100973	-0.40296	-1.5559e-002	0.	0.
100974	-0.4043	-1.7127e-002	0.	0.
100978	-0.40584	1.4721e-002	0.	0.
100979	-0.40525	1.5648e-002	0.	0.
100980	-0.4041	1.5648e-002	0.	0.
100981	-0.4035	1.4606e-002	0.	0.
100982	-0.40413	1.3488e-002	0.	0.
100986	-0.4004	1.9792e-002	0.	0.
100987	-0.39987	2.0833e-002	0.	0.
100988	-0.40152	2.1875e-002	0.	0.
100989	-0.40043	2.1875e-002	0.	0.
100990	-0.40209	2.0881e-002	0.	0.
100994	-0.36798	-9.6644e-003	0.	0.
100995	-0.36899	-9.3667e-003	0.	0.
100996	-0.36964	-1.0564e-002	0.	0.
100997	-0.36749	-1.0458e-002	0.	0.
100998	-0.36891	-1.1223e-002	0.	0.
101001	-0.36514	-1.5862e-002	0.	0.
101002	-0.36625	-1.6421e-002	0.	0.
101003	-0.36589	-1.8041e-002	0.	0.
101004	-0.36667	-1.7434e-002	0.	0.
101008	-0.36908	7.5774e-003	0.	0.
101009	-0.37021	9.375e-003	0.	0.
101010	-0.36913	9.375e-003	0.	0.
101011	-0.36858	8.3902e-003	0.	0.
101012	-0.37048	8.3333e-003	0.	0.
101016	-0.36574	1.565e-002	0.	0.
101017	-0.36678	1.565e-002	0.	0.
101018	-0.36572	1.3514e-002	0.	0.
101019	-0.36707	1.4608e-002	0.	0.
101020	-0.36534	1.4984e-002	0.	0.
101021	-0.36497	1.3936e-002	0.	0.
101026	-0.36263	2.1875e-002	0.	0.
101027	-0.36419	2.0833e-002	0.	0.
101028	-0.36364	2.1875e-002	0.	0.
101029	-0.36267	2.003e-002	0.	0.
101030	-0.36244	2.0833e-002	0.	0.
101034	0.35828	-9.675e-003	0.	0.
101035	0.35756	-9.3278e-003	0.	0.
101036	0.35877	-1.0543e-002	0.	0.
101037	0.35677	-9.9934e-003	0.	0.
101038	0.35712	-1.0906e-002	0.	0.
101042	0.35746	8.2444e-003	0.	0.
101043	0.35579	9.375e-003	0.	0.
101044	0.35525	8.3333e-003	0.	0.
101045	0.35683	7.2527e-003	0.	0.
101046	0.3566	9.375e-003	0.	0.
101048	0.36402	-4.248e-003	0.	0.
101049	0.36214	-3.1591e-003	0.	0.
101050	0.36319	-5.2083e-003	0.	0.
101051	0.3631	-3.125e-003	0.	0.
101054	0.3645	3.5036e-003	0.	0.
101055	0.36351	3.1439e-003	0.	0.
101056	0.36473	2.0145e-003	0.	0.
101057	0.36338	1.0417e-003	0.	0.
101058	0.36283	2.0833e-003	0.	0.
101062	0.36977	-9.4683e-003	0.	0.
101063	0.36831	-8.2555e-003	0.	0.
101064	0.36989	-7.3469e-003	0.	0.
101065	0.37033	-8.5069e-003	0.	0.
101066	0.36873	-9.2508e-003	0.	0.
101070	0.3419	3.0097e-003	0.	0.
101071	0.34077	3.1157e-003	0.	0.
101072	0.34025	4.1574e-003	0.	0.
101073	0.34085	5.199e-003	0.	0.
101074	0.34246	3.7667e-003	0.	0.
101075	0.34228	4.5175e-003	0.	0.
101078	0.34319	9.8971e-003	0.	0.
101079	0.34527	1.0607e-002	0.	0.
101080	0.34501	9.5632e-003	0.	0.
101081	0.34382	9.3046e-003	0.	0.
101082	0.34359	1.0867e-002	0.	0.
101084	0.34387	-9.375e-003	0.	0.
101085	0.34388	-7.337e-003	0.	0.
101086	0.34233	-8.3333e-003	0.	0.
101087	0.34288	-9.375e-003	0.	0.
101088	0.34433	-8.5069e-003	0.	0.
101090	-0.36002	4.248e-003	0.	0.
101091	-0.35829	3.125e-003	0.	0.
101092	-0.35919	5.2083e-003	0.	0.
101093	-0.3591	3.125e-003	0.	0.
101098	-0.36046	-3.125e-003	0.	0.
101099	-0.35938	-3.125e-003	0.	0.
101100	-0.35938	-1.0417e-003	0.	0.
101101	-0.361	-2.0833e-003	0.	0.
101102	-0.35883	-2.0833e-003	0.	0.
101104	-0.36588	9.375e-003	0.	0.
101105	-0.36421	8.1868e-003	0.	0.
101106	-0.36589	7.347e-003	0.	0.
101107	-0.36641	8.3902e-003	0.	0.
101108	-0.36479	9.2942e-003	0.	0.
101112	-0.38579	3.9547e-003	0.	0.
101113	-0.38425	3.0363e-003	0.	0.
101114	-0.38533	3.0363e-003	0.	0.
101115	-0.38517	4.8593e-003	0.	0.
101119	-0.38208	1.1458e-002	0.	0.
101120	-0.38151	9.4537e-003	0.	0.
101121	-0.38258	9.809e-003	0.	0.
101122	-0.3805	1.0417e-002	0.	0.
101123	-0.38271	1.0679e-002	0.	0.
101124	-0.38088	9.7753e-003	0.	0.
101128	-0.38212	-7.2917e-003	0.	0.
101129	-0.38212	-9.375e-003	0.	0.
101130	-0.38317	-9.375e-003	0.	0.
101131	-0.38158	-8.3333e-003	0.	0.
101132	-0.38345	-8.3333e-003	0.	0.
101136	-0.38541	-2.8708e-003	0.	0.
101137	-0.38539	-9.5486e-004	0.	0.
101138	-0.38484	-1.9965e-003	0.	0.
101139	-0.38708	-2.0763e-003	0.	0.
101140	-0.38643	-2.6067e-003	0.	0.
101142	0.32775	-1.328e-002	0.	0.
101143	0.32801	-1.5313e-002	0.	0.
101144	0.32723	-1.4278e-002	0.	0.
101145	0.32956	-1.4242e-002	0.	0.
101146	0.32897	-1.4874e-002	0.	0.
101148	0.32633	1.6508e-002	0.	0.
101149	0.32881	1.6361e-002	0.	0.
101150	0.32799	1.7808e-002	0.	0.
101151	0.32806	1.5564e-002	0.	0.
101152	0.32719	1.5846e-002	0.	0.
101153	0.32854	1.7137e-002	0.	0.
101157	0.334	-8.3333e-003	0.	0.
101158	0.33588	-9.375e-003	0.	0.
101159	0.33487	-9.375e-003	0.	0.
101160	0.33579	-7.2917e-003	0.	0.
101161	0.3362	-8.0729e-003	0.	0.
101165	0.42213	-8.5838e-003	0.	0.
101166	0.42314	-9.1344e-003	0.	0.
101167	0.4223	-7.5475e-003	0.	0.
101168	0.42334	-7.2407e-003	0.	0.
101171	-0.34688	-9.4531e-003	0.	0.
101172	-0.34679	-7.2138e-003	0.	0.
101173	-0.34733	-8.4028e-003	0.	0.
101174	-0.34534	-8.5778e-003	0.	0.
101175	-0.34613	-9.4609e-003	0.	0.
101178	-0.34371	-5.3229e-003	0.	0.
101179	-0.34363	-3.2344e-003	0.	0.
101180	-0.34462	-3.2135e-003	0.	0.
101181	-0.34317	-4.2882e-003	0.	0.
101182	-0.34492	-4.2565e-003	0.	0.
101185	-0.30498	-1.1021e-002	0.	0.
101186	-0.30685	-1.0881e-002	0.	0.
101187	-0.30584	-1.2388e-002	0.	0.
101188	-0.30605	-1.0299e-002	0.	0.
101189	-0.30673	-1.1864e-002	0.	0.
101193	0.38227	-3.2344e-003	0.	0.
101194	0.3814	-3.4792e-003	0.	0.
101195	0.38093	-4.3874e-003	0.	0.
101196	0.38198	-5.2202e-003	0.	0.
101197	0.38247	-4.2839e-003	0.	0.
101199	0.37905	-9.4531e-003	0.	0.
101200	0.37992	-9.2031e-003	0.	0.
101201	0.38043	-8.2234e-003	0.	0.
101202	0.37884	-8.4062e-003	0.	0.
101203	0.37938	-7.3685e-003	0.	0.
101206	-0.38087	1.7708e-002	0.	0.
101207	-0.38091	1.9705e-002	0.	0.
101208	-0.38058	1.875e-002	0.	0.
101209	-0.38175	1.9527e-002	0.	0.
101211	0.35888	-1.7708e-002	0.	0.
101212	0.35894	-1.9705e-002	0.	0.
101213	0.36	-1.7708e-002	0.	0.
101214	0.35858	-1.875e-002	0.	0.
101215	0.35976	-1.9539e-002	0.	0.
101220	-0.3038	2.0039e-002	0.	0.
101221	-0.30483	1.8078e-002	0.	0.
101222	-0.30293	1.9428e-002	0.	0.
101223	-0.30395	1.7866e-002	0.	0.
101224	-0.30295	1.8412e-002	0.	0.
101227	0.3095	9.9931e-003	0.	0.
101228	0.3102	1.1392e-002	0.	0.
101229	0.31164	9.8449e-003	0.	0.
101230	0.31156	1.104e-002	0.	0.
101234	-0.31271	-2.1594e-002	0.	0.
101235	-0.31289	-1.9823e-002	0.	0.
101236	-0.3118	-2.1728e-002	0.	0.
101237	-0.31318	-2.0717e-002	0.	0.
101238	-0.31091	-2.0964e-002	0.	0.
101243	0.40547	-1.6924e-002	0.	0.
101244	0.40324	-1.5922e-002	0.	0.
101245	0.40473	-1.7721e-002	0.	0.
101246	0.40456	-1.5812e-002	0.	0.
101247	0.40318	-1.6881e-002	0.	0.
101251	0.40337	1.5286e-002	0.	0.
101252	0.40509	1.7237e-002	0.	0.
101253	0.40292	1.6348e-002	0.	0.
101254	0.40426	1.5188e-002	0.	0.
101255	0.40516	1.6093e-002	0.	0.
101257	0.41034	-2.1781e-002	0.	0.
101258	0.40933	-2.1859e-002	0.	0.
101259	0.41089	-2.2906e-002	0.	0.
101260	0.40888	-2.2958e-002	0.	0.
101263	0.39682	1.3339e-002	0.	0.
101264	0.39569	1.5438e-002	0.	0.
101265	0.39521	1.4375e-002	0.	0.
101266	0.39665	1.5438e-002	0.	0.
101267	0.39713	1.4375e-002	0.	0.
101270	0.39979	1.9687e-002	0.	0.
101271	0.39808	2.075e-002	0.	0.
101272	0.40043	2.075e-002	0.	0.
101273	0.39956	2.1813e-002	0.	0.
101274	0.39856	2.1813e-002	0.	0.
101277	-0.34101	-1.1495e-002	0.	0.
101278	-0.34042	-1.0573e-002	0.	0.
101279	-0.34087	-9.5313e-003	0.	0.
101280	-0.34188	-9.5156e-003	0.	0.
101281	-0.34217	-1.0552e-002	0.	0.
101285	-0.33717	-4.3924e-003	0.	0.
101286	-0.33916	-4.208e-003	0.	0.
101287	-0.33762	-3.3438e-003	0.	0.
101288	-0.33771	-5.4201e-003	0.	0.
101289	-0.33838	-3.329e-003	0.	0.
101293	-0.34404	-1.5637e-002	0.	0.
101294	-0.34408	-1.3396e-002	0.	0.
101295	-0.34462	-1.4589e-002	0.	0.
101296	-0.34322	-1.5255e-002	0.	0.
101297	-0.34274	-1.4347e-002	0.	0.
101301	-0.34742	-1.9907e-002	0.	0.
101302	-0.34764	-2.0969e-002	0.	0.
101303	-0.34692	-2.1868e-002	0.	0.
101304	-0.34573	-2.0877e-002	0.	0.
101305	-0.34602	-2.1906e-002	0.	0.
101307	0.41582	9.5608e-003	0.	0.
101308	0.41638	1.0631e-002	0.	0.
101309	0.41743	8.798e-003	0.	0.
101310	0.41775	9.7546e-003	0.	0.
101311	0.41716	1.1053e-002	0.	0.
101315	0.4152	2.3938e-003	0.	0.
101316	0.41463	4.4583e-003	0.	0.
101317	0.41361	4.309e-003	0.	0.
101318	0.41516	3.4014e-003	0.	0.
101319	0.41458	2.027e-003	0.	0.
101320	0.41329	3.3455e-003	0.	0.
101324	0.42154	-1.0417e-003	0.	0.
101325	0.42105	7.1875e-004	0.	0.
101326	0.42138	-1.6953e-004	0.	0.
101327	0.42052	-1.3344e-003	0.	0.
101328	0.41977	-1.6576e-003	0.	0.
101333	0.41994	1.2458e-002	0.	0.
101334	0.42188	1.2542e-002	0.	0.
101335	0.42083	1.4056e-002	0.	0.
101336	0.42081	1.1931e-002	0.	0.
101337	0.42188	1.3542e-002	0.	0.
101342	-0.33828	-1.5713e-002	0.	0.
101343	-0.33819	-1.7673e-002	0.	0.
101344	-0.33908	-1.6131e-002	0.	0.
101345	-0.33955	-1.7042e-002	0.	0.
101346	-0.33778	-1.6539e-002	0.	0.
101348	-0.33374	-9.5027e-003	0.	0.
101349	-0.33488	-9.6094e-003	0.	0.
101350	-0.33479	-7.5408e-003	0.	0.
101351	-0.33533	-8.5677e-003	0.	0.
101352	-0.33353	-8.4642e-003	0.	0.
101357	-0.33163	-3.4531e-003	0.	0.
101358	-0.33263	-3.434e-003	0.	0.
101359	-0.33317	-4.4618e-003	0.	0.
101360	-0.33117	-4.4965e-003	0.	0.
101361	-0.33171	-5.6669e-003	0.	0.
101363	-0.34125	-2.0142e-002	0.	0.
101364	-0.34184	-2.1038e-002	0.	0.
101365	-0.33984	-2.1045e-002	0.	0.
101366	-0.34013	-2.207e-002	0.	0.
101367	-0.34163	-2.2067e-002	0.	0.
101371	-0.33703	2.2301e-002	0.	0.
101372	-0.33602	2.1557e-002	0.	0.
101373	-0.335	2.2906e-002	0.	0.
101374	-0.33691	2.3171e-002	0.	0.
101375	-0.33539	2.2171e-002	0.	0.
101379	-0.3325	2.1859e-002	0.	0.
101380	-0.33258	1.9891e-002	0.	0.
101381	-0.3335	2.1859e-002	0.	0.
101382	-0.33389	2.1124e-002	0.	0.
101383	-0.33203	2.0882e-002	0.	0.
101386	-0.33441	7.7333e-004	0.	0.
101387	-0.33429	2.8985e-003	0.	0.
101388	-0.33391	1.8202e-003	0.	0.
101389	-0.33564	1.8541e-003	0.	0.
101390	-0.33513	2.9003e-003	0.	0.
101394	0.38175	-1.5637e-002	0.	0.
101395	0.38126	-1.4447e-002	0.	0.
101396	0.38267	-1.5314e-002	0.	0.
101397	0.38309	-1.4483e-002	0.	0.
101398	0.38199	-1.3616e-002	0.	0.
101402	0.3783	-1.9916e-002	0.	0.
101403	0.3795	-2.1915e-002	0.	0.
101404	0.37806	-2.0877e-002	0.	0.
101405	0.37859	-2.1913e-002	0.	0.
101406	0.37978	-2.0887e-002	0.	0.
101409	0.38498	-9.622e-003	0.	0.
101410	0.38543	-1.0823e-002	0.	0.
101411	0.38406	-9.9393e-003	0.	0.
101412	0.38359	-1.0861e-002	0.	0.
101413	0.38466	-1.1692e-002	0.	0.
101417	0.38824	-5.2742e-003	0.	0.
101418	0.38816	-3.3438e-003	0.	0.
101419	0.38689	-4.362e-003	0.	0.
101420	0.3884	-4.1504e-003	0.	0.
101421	0.38742	-3.3294e-003	0.	0.
101423	-0.40735	-7.3892e-003	0.	0.
101424	-0.40725	-9.5e-003	0.	0.
101425	-0.40679	-8.4792e-003	0.	0.
101426	-0.4086	-9.0607e-003	0.	0.
101427	-0.40864	-8.3255e-003	0.	0.
101429	-0.41087	-1.4583e-003	0.	0.
101430	-0.41265	-2.6597e-003	0.	0.
101431	-0.41109	-3.7814e-003	0.	0.
101432	-0.41016	-3.1495e-003	0.	0.
101433	-0.41021	-2.2022e-003	0.	0.
101434	-0.4121	-3.3021e-003	0.	0.
101438	-0.3997	-2.2692e-003	0.	0.
101439	-0.40145	-1.1371e-003	0.	0.
101440	-0.40195	-2.3244e-003	0.	0.
101441	-0.40163	-3.3609e-003	0.	0.
101442	-0.40006	-3.3192e-003	0.	0.
101447	-0.3251	2.1821e-002	0.	0.
101448	-0.3239	2.1873e-002	0.	0.
101449	-0.32535	2.3026e-002	0.	0.
101450	-0.32349	2.2834e-002	0.	0.
101454	-0.33933	1.0986e-002	0.	0.
101455	-0.34102	9.4289e-003	0.	0.
101456	-0.34002	9.408e-003	0.	0.
101457	-0.33898	1.0188e-002	0.	0.
101461	-0.32199	1.529e-002	0.	0.
101462	-0.3202	1.6805e-002	0.	0.
101463	-0.32087	1.5438e-002	0.	0.
101464	-0.32252	1.7006e-002	0.	0.
101465	-0.32094	1.7662e-002	0.	0.
101466	-0.32029	1.603e-002	0.	0.
101467	-0.32238	1.6159e-002	0.	0.
101471	-0.3235	-7.2813e-003	0.	0.
101472	-0.32403	-6.3516e-003	0.	0.
101473	-0.32349	-5.3307e-003	0.	0.
101474	-0.32204	-6.1797e-003	0.	0.
101475	-0.32237	-6.9401e-003	0.	0.
101479	-0.3264	-1.5452e-002	0.	0.
101480	-0.32665	-1.3411e-002	0.	0.
101481	-0.32601	-1.4377e-002	0.	0.
101482	-0.32772	-1.3502e-002	0.	0.
101483	-0.32818	-1.4451e-002	0.	0.
101486	-0.33189	-1.5769e-002	0.	0.
101487	-0.33037	-1.4544e-002	0.	0.
101488	-0.33198	-1.3675e-002	0.	0.
101489	-0.33252	-1.4696e-002	0.	0.
101490	-0.33079	-1.5478e-002	0.	0.
101493	-0.32708	-4.3513e-003	0.	0.
101494	-0.32548	-3.4597e-003	0.	0.
101495	-0.32556	-5.4465e-003	0.	0.
101496	-0.32502	-4.4257e-003	0.	0.
101497	-0.3263	-3.4813e-003	0.	0.
101500	-0.32871	-9.6127e-003	0.	0.
101501	-0.32826	-1.0583e-002	0.	0.
101502	-0.3288	-1.1604e-002	0.	0.
101503	-0.3302	-1.0663e-002	0.	0.
101504	-0.32954	-9.6416e-003	0.	0.
101507	-0.32152	-1.0916e-002	0.	0.
101508	-0.32084	-1.193e-002	0.	0.
101509	-0.32126	-1.2996e-002	0.	0.
101510	-0.32299	-1.2112e-002	0.	0.
101511	-0.32258	-1.1346e-002	0.	0.
101515	-0.33582	-2.1075e-002	0.	0.
101516	-0.33378	-2.1183e-002	0.	0.
101517	-0.33517	-2.0307e-002	0.	0.
101518	-0.33412	-2.2099e-002	0.	0.
101519	-0.33562	-2.2098e-002	0.	0.
101522	0.36856	-2.1875e-002	0.	0.
101523	0.36753	-2.1875e-002	0.	0.
101524	0.36902	-2.2917e-002	0.	0.
101525	0.367	-2.2917e-002	0.	0.
101530	0.36435	-2.1803e-002	0.	0.
101531	0.36444	-1.9792e-002	0.	0.
101532	0.36603	-2.0833e-002	0.	0.
101533	0.3655	-2.1875e-002	0.	0.
101534	0.36399	-2.0781e-002	0.	0.
101539	0.36565	2.0833e-002	0.	0.
101540	0.3665	2.1875e-002	0.	0.
101541	0.36754	1.994e-002	0.	0.
101542	0.36804	2.0833e-002	0.	0.
101543	0.36752	2.1875e-002	0.	0.
101548	-0.35979	-2.0833e-002	0.	0.
101549	-0.3605	-2.1875e-002	0.	0.
101550	-0.3615	-2.1875e-002	0.	0.
101551	-0.36156	-1.9792e-002	0.	0.
101552	-0.36201	-2.0847e-002	0.	0.
101554	-0.38454	9.8586e-003	0.	0.
101555	-0.38509	1.1508e-002	0.	0.
101556	-0.38638	9.7933e-003	0.	0.
101557	-0.38467	1.0729e-002	0.	0.
101558	-0.38524	9.2061e-003	0.	0.
101559	-0.38642	1.0749e-002	0.	0.
101563	-0.39989	1.6536e-002	0.	0.
101564	-0.40054	1.7708e-002	0.	0.
101565	-0.40075	1.5625e-002	0.	0.
101566	-0.4024	1.6667e-002	0.	0.
101567	-0.40179	1.5625e-002	0.	0.
101571	-0.3833	-1.7272e-002	0.	0.
101572	-0.38552	-1.7783e-002	0.	0.
101573	-0.38461	-1.5765e-002	0.	0.
101574	-0.38382	-1.6297e-002	0.	0.
101575	-0.38527	-1.621e-002	0.	0.
101578	-0.3683	-1.6262e-002	0.	0.
101579	-0.36924	-1.5365e-002	0.	0.
101580	-0.36872	-1.7274e-002	0.	0.
101581	-0.37023	-1.6102e-002	0.	0.
101582	-0.3703	-1.6966e-002	0.	0.
101586	-0.39235	2.0833e-002	0.	0.
101587	-0.3915	2.1875e-002	0.	0.
101588	-0.39051	1.9935e-002	0.	0.
101589	-0.38998	2.0833e-002	0.	0.
101590	-0.39049	2.1875e-002	0.	0.
101592	-0.39117	-2.2155e-002	0.	0.
101593	-0.39216	-2.1991e-002	0.	0.
101594	-0.39081	-2.3041e-002	0.	0.
101595	-0.39262	-2.2917e-002	0.	0.
101599	-0.39378	-2.1098e-002	0.	0.
101600	-0.39552	-1.994e-002	0.	0.
101601	-0.39601	-2.0982e-002	0.	0.
101602	-0.39575	-2.2024e-002	0.	0.
101603	-0.39424	-2.2024e-002	0.	0.
101607	0.39405	-3.4531e-003	0.	0.
101608	0.39386	-5.2604e-003	0.	0.
101609	0.39439	-4.2344e-003	0.	0.
101610	0.39278	-4.4661e-003	0.	0.
101611	0.39331	-3.4388e-003	0.	0.
101613	0.39074	-9.6049e-003	0.	0.
101614	0.39036	-8.5656e-003	0.	0.
101615	0.39101	-7.5408e-003	0.	0.
101616	0.39156	-9.6164e-003	0.	0.
101617	0.39208	-8.5916e-003	0.	0.
101620	0.38768	-1.5694e-002	0.	0.
101621	0.38756	-1.7565e-002	0.	0.
101622	0.38679	-1.6086e-002	0.	0.
101623	0.38809	-1.6539e-002	0.	0.
101624	0.38635	-1.6998e-002	0.	0.
101629	0.38458	-2.1922e-002	0.	0.
101630	0.38558	-2.1922e-002	0.	0.
101631	0.38436	-2.0893e-002	0.	0.
101632	0.38585	-2.0898e-002	0.	0.
101633	0.38483	-1.9961e-002	0.	0.
101638	-0.30532	1.0514e-002	0.	0.
101639	-0.30633	1.134e-002	0.	0.
101640	-0.30738	1.0837e-002	0.	0.
101641	-0.30724	9.7969e-003	0.	0.
101642	-0.30644	9.3466e-003	0.	0.
101645	0.42191	1.6906e-002	0.	0.
101646	0.42188	1.5542e-002	0.	0.
101647	0.42293	1.721e-002	0.	0.
101648	0.42292	1.5028e-002	0.	0.
101652	0.39975	1.7563e-002	0.	0.
101653	0.40032	1.65e-002	0.	0.
101654	0.39959	1.5461e-002	0.	0.
101655	0.39804	1.65e-002	0.	0.
101656	0.39852	1.5438e-002	0.	0.
101659	0.40798	3.8121e-003	0.	0.
101660	0.40993	3.7934e-003	0.	0.
101661	0.40864	3.2209e-003	0.	0.
101662	0.40848	5.3811e-003	0.	0.
101663	0.41016	4.6164e-003	0.	0.
101664	0.40803	4.6126e-003	0.	0.
101665	0.40943	3.253e-003	0.	0.
101669	0.41138	7.9861e-003	0.	0.
101670	0.41122	9.9688e-003	0.	0.
101671	0.41181	9.0532e-003	0.	0.
101672	0.4099	8.7708e-003	0.	0.
101673	0.41044	9.8542e-003	0.	0.
101675	-0.39856	-2.1875e-002	0.	0.
101676	-0.4001	-2.0833e-002	0.	0.
101677	-0.39806	-2.0833e-002	0.	0.
101678	-0.39957	-2.1875e-002	0.	0.
101679	-0.39955	-2.0084e-002	0.	0.
101683	-0.38739	2.2033e-002	0.	0.
101684	-0.3863	2.2146e-002	0.	0.
101685	-0.38789	2.0991e-002	0.	0.
101686	-0.38607	2.047e-002	0.	0.
101687	-0.38587	2.1415e-002	0.	0.
101690	0.30903	-2.8646e-004	0.	0.
101691	0.30974	-9.9132e-004	0.	0.
101692	0.30748	-8.7566e-004	0.	0.
101693	0.30975	-2.0417e-003	0.	0.
101694	0.309	-2.5885e-003	0.	0.
101695	0.3082	-2.3295e-003	0.	0.
101696	0.30823	-4.353e-004	0.	0.
101698	0.39608	-2.0917e-002	0.	0.
101699	0.39816	-2.0862e-002	0.	0.
101700	0.39756	-2.1938e-002	0.	0.
101701	0.39656	-2.1938e-002	0.	0.
101702	0.39647	-2.0151e-002	0.	0.
101705	0.39378	-1.5766e-002	0.	0.
101706	0.39545	-1.4688e-002	0.	0.
101707	0.3933	-1.4565e-002	0.	0.
101708	0.39491	-1.5511e-002	0.	0.
101709	0.39408	-1.3717e-002	0.	0.
101713	0.39064	-2.1958e-002	0.	0.
101714	0.39164	-2.1958e-002	0.	0.
101715	0.39216	-2.0937e-002	0.	0.
101716	0.39087	-2.004e-002	0.	0.
101717	0.39041	-2.0934e-002	0.	0.
101719	0.39971	-3.4728e-003	0.	0.
101720	0.39934	-2.1874e-003	0.	0.
101721	0.40017	-1.4443e-003	0.	0.
101722	0.4011	-2.3988e-003	0.	0.
101723	0.40057	-3.4469e-003	0.	0.
101726	0.3989	-8.4417e-003	0.	0.
101727	0.39837	-9.6505e-003	0.	0.
101728	0.39725	-9.6904e-003	0.	0.
101729	0.39722	-7.8485e-003	0.	0.
101730	0.39678	-8.7356e-003	0.	0.
101732	0.38622	1.6552e-002	0.	0.
101733	0.38477	1.5516e-002	0.	0.
101734	0.3842	1.6723e-002	0.	0.
101735	0.38575	1.5334e-002	0.	0.
101736	0.38495	1.7613e-002	0.	0.
101739	-0.31909	-1.2679e-002	0.	0.
101740	-0.3195	-1.3745e-002	0.	0.
101741	-0.31877	-1.4442e-002	0.	0.
101742	-0.31742	-1.3364e-002	0.	0.
101743	-0.3178	-1.4122e-002	0.	0.
101747	-0.30678	-1.7528e-002	0.	0.
101748	-0.30831	-1.7233e-002	0.	0.
101749	-0.30777	-1.9161e-002	0.	0.
101750	-0.3069	-1.8661e-002	0.	0.
101751	-0.30867	-1.7958e-002	0.	0.
101753	-0.42175	-1.3583e-002	0.	0.
101754	-0.42072	-1.5719e-002	0.	0.
101755	-0.42184	-1.4466e-002	0.	0.
101756	-0.42176	-1.5402e-002	0.	0.
101757	-0.41987	-1.5563e-002	0.	0.
101758	-0.42061	-1.3672e-002	0.	0.
101761	0.36112	1.5625e-002	0.	0.
101762	0.35942	1.6667e-002	0.	0.
101763	0.36001	1.5625e-002	0.	0.
101764	0.36003	1.7751e-002	0.	0.
101766	0.39547	-2.3353e-003	0.	0.
101767	0.39737	-2.0992e-003	0.	0.
101768	0.39581	-3.1165e-003	0.	0.
101769	0.39673	-1.3249e-003	0.	0.
101770	0.39674	-3.0033e-003	0.	0.
101772	0.3774	-1.568e-002	0.	0.
101773	0.37694	-1.4504e-002	0.	0.
101774	0.37852	-1.5689e-002	0.	0.
101775	0.37914	-1.4508e-002	0.	0.
101776	0.37847	-1.3612e-002	0.	0.
101780	0.38817	-7.3471e-003	0.	0.
101781	0.38649	-8.5104e-003	0.	0.
101782	0.38794	-9.5625e-003	0.	0.
101783	0.38694	-9.7111e-003	0.	0.
101784	0.38846	-8.5365e-003	0.	0.
101787	-0.34704	-1.3615e-002	0.	0.
101788	-0.34864	-1.4617e-002	0.	0.
101789	-0.34827	-1.568e-002	0.	0.
101790	-0.34725	-1.5689e-002	0.	0.
101791	-0.34658	-1.4656e-002	0.	0.
101795	-0.33887	-9.5521e-003	0.	0.
101796	-0.33933	-8.5104e-003	0.	0.
101797	-0.33779	-7.4931e-003	0.	0.
101798	-0.33733	-8.5365e-003	0.	0.
101799	-0.33788	-9.5651e-003	0.	0.
101804	-0.39775	1.1458e-002	0.	0.
101805	-0.39731	1.0518e-002	0.	0.
101806	-0.39915	9.875e-003	0.	0.
101807	-0.3991	1.0697e-002	0.	0.
101808	-0.39842	9.5992e-003	0.	0.
101810	-0.35321	-2.2108e-002	0.	0.
101811	-0.35269	-2.2965e-002	0.	0.
101812	-0.3546	-2.3013e-002	0.	0.
101813	-0.35404	-2.2291e-002	0.	0.
101816	0.37192	1.9711e-002	0.	0.
101817	0.37247	2.0962e-002	0.	0.
101818	0.37062	2.1875e-002	0.	0.
101819	0.37163	2.1875e-002	0.	0.
101820	0.37012	2.0833e-002	0.	0.
101826	0.37287	-2.1883e-002	0.	0.
101827	0.37174	-2.1879e-002	0.	0.
101828	0.37316	-2.2919e-002	0.	0.
101829	0.37106	-2.2917e-002	0.	0.
101833	-0.37646	1.5625e-002	0.	0.
101834	-0.37699	1.6815e-002	0.	0.
101835	-0.37524	1.7708e-002	0.	0.
101836	-0.3754	1.5625e-002	0.	0.
101837	-0.37479	1.6667e-002	0.	0.
101841	0.35388	-1.5348e-002	0.	0.
101842	0.35496	-1.6829e-002	0.	0.
101843	0.35287	-1.7146e-002	0.	0.
101844	0.35298	-1.6146e-002	0.	0.
101845	0.35461	-1.5929e-002	0.	0.
101849	-0.33996	2.1688e-002	0.	0.
101850	-0.33907	2.2306e-002	0.	0.
101851	-0.34105	2.2249e-002	0.	0.
101852	-0.33895	2.3177e-002	0.	0.
101853	-0.34128	2.3177e-002	0.	0.
101858	-0.40262	-2.1875e-002	0.	0.
101859	-0.40367	-1.9893e-002	0.	0.
101860	-0.40419	-2.0868e-002	0.	0.
101861	-0.40215	-2.0833e-002	0.	0.
101862	-0.40364	-2.1892e-002	0.	0.
101866	0.36114	2.2855e-002	0.	0.
101867	0.36026	2.1813e-002	0.	0.
101868	0.35875	2.2248e-002	0.	0.
101869	0.35861	2.3115e-002	0.	0.
101872	0.32711	-2.233e-002	0.	0.
101873	0.32875	-2.1875e-002	0.	0.
101874	0.32912	-2.2917e-002	0.	0.
101875	0.32782	-2.2034e-002	0.	0.
101876	0.32688	-2.3146e-002	0.	0.
101880	0.32589	2.0875e-002	0.	0.
101881	0.32662	2.1875e-002	0.	0.
101882	0.32774	1.9873e-002	0.	0.
101883	0.32825	2.0833e-002	0.	0.
101884	0.32767	2.1875e-002	0.	0.
101886	0.4212	-1.2348e-002	0.	0.
101887	0.42095	-1.012e-002	0.	0.
101888	0.42206	-1.1715e-002	0.	0.
101889	0.42197	-1.067e-002	0.	0.
101890	0.42043	-1.2053e-002	0.	0.
101893	0.30981	-2.0383e-002	0.	0.
101894	0.31146	-2.1797e-002	0.	0.
101895	0.31041	-2.1674e-002	0.	0.
101896	0.31061	-1.9763e-002	0.	0.
101897	0.31161	-2.0204e-002	0.	0.
101898	0.31011	-2.1028e-002	0.	0.
101900	0.30917	2.1647e-002	0.	0.
101901	0.30988	2.0556e-002	0.	0.
101902	0.30822	2.1427e-002	0.	0.
101903	0.30931	1.9597e-002	0.	0.
101904	0.30831	1.9457e-002	0.	0.
101906	0.40473	1.1188e-002	0.	0.
101907	0.40633	9.25e-003	0.	0.
101908	0.40557	9.1372e-003	0.	0.
101909	0.40446	1.0177e-002	0.	0.
101910	0.40622	1.0238e-002	0.	0.
101911	0.40492	9.4525e-003	0.	0.
101915	0.40356	2.7485e-003	0.	0.
101916	0.40434	4.0294e-003	0.	0.
101917	0.40231	3.7016e-003	0.	0.
101918	0.40432	3.1822e-003	0.	0.
101919	0.40273	2.9896e-003	0.	0.
101923	0.41026	1.9959e-002	0.	0.
101924	0.40881	2.1813e-002	0.	0.
101925	0.40826	2.075e-002	0.	0.
101926	0.41019	2.106e-002	0.	0.
101927	0.40971	2.1848e-002	0.	0.
101930	0.40744	1.5438e-002	0.	0.
101931	0.40769	1.3323e-002	0.	0.
101932	0.40808	1.4528e-002	0.	0.
101933	0.40658	1.5182e-002	0.	0.
101934	0.40621	1.3929e-002	0.	0.
101937	0.38911	-1.4567e-002	0.	0.
101938	0.39114	-1.4485e-002	0.	0.
101939	0.38951	-1.5412e-002	0.	0.
101940	0.39043	-1.3621e-002	0.	0.
101941	0.39045	-1.529e-002	0.	0.
101944	0.38185	9.2377e-003	0.	0.
101945	0.38043	7.6947e-003	0.	0.
101946	0.38081	9.4098e-003	0.	0.
101947	0.38238	8.0259e-003	0.	0.
101948	0.38005	8.5728e-003	0.	0.
101949	0.38177	7.0646e-003	0.	0.
101952	-0.33504	-1.3729e-002	0.	0.
101953	-0.33673	-1.4692e-002	0.	0.
101954	-0.33458	-1.476e-002	0.	0.
101955	-0.33514	-1.5926e-002	0.	0.
101956	-0.33624	-1.5518e-002	0.	0.
101959	0.3984	-1.6724e-002	0.	0.
101960	0.39694	-1.5646e-002	0.	0.
101961	0.39796	-1.576e-002	0.	0.
101962	0.39639	-1.6469e-002	0.	0.
101963	0.39686	-1.7266e-002	0.	0.
101968	0.399	-1.587e-002	0.	0.
101969	0.39957	-1.7851e-002	0.	0.
101970	0.40023	-1.7344e-002	0.	0.
101971	0.4	-1.5812e-002	0.	0.
101975	0.41611	2.1359e-002	0.	0.
101976	0.41366	2.1017e-002	0.	0.
101977	0.41438	2.2042e-002	0.	0.
101978	0.41577	2.0571e-002	0.	0.
101979	0.41544	2.2118e-002	0.	0.
101983	0.42105	-5.6052e-003	0.	0.
101984	0.41917	-5.1398e-003	0.	0.
101985	0.41872	-6.125e-003	0.	0.
101986	0.41955	-6.8333e-003	0.	0.
101987	0.42067	-6.4583e-003	0.	0.
101990	-0.31596	-1.1365e-003	0.	0.
101991	-0.31514	-3.4907e-003	0.	0.
101992	-0.31396	-1.8492e-003	0.	0.
101993	-0.31419	-3.1678e-003	0.	0.
101994	-0.31578	-2.4247e-003	0.	0.
101996	-0.40424	-7.5689e-003	0.	0.
101997	-0.4047	-8.5898e-003	0.	0.
101998	-0.40262	-8.562e-003	0.	0.
101999	-0.40438	-9.6002e-003	0.	0.
102000	-0.40281	-9.5898e-003	0.	0.
102003	-0.33231	-2.2161e-002	0.	0.
102004	-0.33144	-2.2394e-002	0.	0.
102005	-0.33265	-2.3077e-002	0.	0.
102006	-0.33116	-2.3332e-002	0.	0.
102009	0.37931	3.1615e-003	0.	0.
102010	0.37784	2.1432e-003	0.	0.
102011	0.3783	3.3456e-003	0.	0.
102012	0.37987	2.0344e-003	0.	0.
102013	0.37929	1.3923e-003	0.	0.
102015	-0.33623	1.6411e-002	0.	0.
102016	-0.33649	1.7329e-002	0.	0.
102017	-0.33699	1.5763e-002	0.	0.
102018	-0.33812	1.6166e-002	0.	0.
102019	-0.33818	1.6971e-002	0.	0.
102021	-0.4221	1.1583e-002	0.	0.
102022	-0.4221	1.2794e-002	0.	0.
102023	-0.42315	1.3243e-002	0.	0.
102024	-0.42331	1.1253e-002	0.	0.
102026	0.41081	1.3924e-002	0.	0.
102027	0.41258	1.5139e-002	0.	0.
102028	0.41176	1.6041e-002	0.	0.
102029	0.41056	1.5896e-002	0.	0.
102030	0.41017	1.4833e-002	0.	0.
102034	-0.38104	-2.1875e-002	0.	0.
102035	-0.37997	-1.9748e-002	0.	0.
102036	-0.3815	-2.0833e-002	0.	0.
102037	-0.38004	-2.1875e-002	0.	0.
102038	-0.3809	-2.0115e-002	0.	0.
102041	0.33565	9.375e-003	0.	0.
102042	0.33611	8.3333e-003	0.	0.
102043	0.33465	9.375e-003	0.	0.
102044	0.33568	7.2917e-003	0.	0.
102047	0.4061	-1.9763e-002	0.	0.
102048	0.40631	-2.1938e-002	0.	0.
102049	0.40559	-2.0917e-002	0.	0.
102050	0.40777	-2.0839e-002	0.	0.
102051	0.40731	-2.1938e-002	0.	0.
102054	0.37672	1.769e-002	0.	0.
102055	0.37724	1.6616e-002	0.	0.
102056	0.37645	1.5528e-002	0.	0.
102057	0.37533	1.5421e-002	0.	0.
102061	0.30403	-2.1433e-002	0.	0.
102062	0.30328	-2.0433e-002	0.	0.
102063	0.30505	-2.1373e-002	0.	0.
102064	0.30422	-1.9304e-002	0.	0.
102065	0.30582	-2.0679e-002	0.	0.
102067	0.30195	2.1774e-002	0.	0.
102068	0.30333	2.0415e-002	0.	0.
102069	0.30299	2.1654e-002	0.	0.
102070	0.3025	1.9976e-002	0.	0.
102073	-0.40561	1.994e-002	0.	0.
102074	-0.40722	2.19e-002	0.	0.
102075	-0.40765	2.091e-002	0.	0.
102076	-0.4057	2.1092e-002	0.	0.
102077	-0.40623	2.1902e-002	0.	0.
102080	-0.40989	2.0979e-002	0.	0.
102081	-0.41159	2.0109e-002	0.	0.
102082	-0.41041	2.0014e-002	0.	0.
102083	-0.41052	2.2021e-002	0.	0.
102084	-0.4114	2.2367e-002	0.	0.
102088	0.33381	-2.2824e-002	0.	0.
102089	0.33316	-2.1937e-002	0.	0.
102090	0.33208	-2.1937e-002	0.	0.
102091	0.33137	-2.2978e-002	0.	0.
102092	0.33329	-2.3499e-002	0.	0.
102098	0.33088	2.1875e-002	0.	0.
102099	0.33213	1.9897e-002	0.	0.
102100	0.33269	2.0833e-002	0.	0.
102101	0.33187	2.1875e-002	0.	0.
102102	0.33042	2.0833e-002	0.	0.
102104	0.34719	2.2396e-002	0.	0.
102105	0.34633	2.1875e-002	0.	0.
102106	0.34492	2.2917e-002	0.	0.
102107	0.34697	2.3259e-002	0.	0.
102108	0.34535	2.2146e-002	0.	0.
102114	-0.35281	2.2396e-002	0.	0.
102115	-0.35364	2.1875e-002	0.	0.
102116	-0.35506	2.2917e-002	0.	0.
102117	-0.35303	2.3259e-002	0.	0.
102118	-0.35452	2.2159e-002	0.	0.
102122	-0.42291	-1.2257e-003	0.	0.
102123	-0.42292	6.6667e-004	0.	0.
102124	-0.42218	-8.121e-004	0.	0.
102125	-0.422	5.7709e-005	0.	0.
102127	0.33646	1.7735e-002	0.	0.
102128	0.33521	1.5652e-002	0.	0.
102129	0.33621	1.5652e-002	0.	0.
102130	0.33683	1.6694e-002	0.	0.
102131	0.33474	1.6246e-002	0.	0.
102132	0.33463	1.7084e-002	0.	0.
102136	0.33726	-1.5606e-002	0.	0.
102137	0.33775	-1.4583e-002	0.	0.
102138	0.33566	-1.4844e-002	0.	0.
102139	0.33612	-1.3542e-002	0.	0.
102140	0.33624	-1.5839e-002	0.	0.
102143	0.31542	3.4965e-003	0.	0.
102144	0.31676	2.8158e-003	0.	0.
102145	0.31633	2.1101e-003	0.	0.
102146	0.31629	3.4029e-003	0.	0.
102147	0.31511	2.4572e-003	0.	0.
102149	0.3149	-2.0037e-002	0.	0.
102150	0.31475	-1.8991e-002	0.	0.
102151	0.31315	-1.958e-002	0.	0.
102152	0.31325	-1.884e-002	0.	0.
102153	0.31403	-1.8644e-002	0.	0.
102157	0.3151	2.0017e-002	0.	0.
102158	0.31372	1.8155e-002	0.	0.
102159	0.31473	1.8292e-002	0.	0.
102160	0.31341	1.9439e-002	0.	0.
102161	0.31525	1.9124e-002	0.	0.
102162	0.31343	1.8813e-002	0.	0.
102164	-0.3949	2.0903e-002	0.	0.
102165	-0.3969	2.1944e-002	0.	0.
102166	-0.39743	2.0903e-002	0.	0.
102167	-0.39547	1.9972e-002	0.	0.
102168	-0.3959	2.1944e-002	0.	0.
102170	-0.40669	-2.1979e-002	0.	0.
102171	-0.40623	-2.0938e-002	0.	0.
102172	-0.40827	-2.1007e-002	0.	0.
102173	-0.4077	-2.1997e-002	0.	0.
102174	-0.40773	-2.0106e-002	0.	0.
102177	-0.3117	3.0906e-003	0.	0.
102178	-0.31358	2.7445e-003	0.	0.
102179	-0.31283	3.3647e-003	0.	0.
102180	-0.31242	1.4712e-003	0.	0.
102181	-0.31315	1.7162e-003	0.	0.
102184	-0.32675	1.9724e-002	0.	0.
102185	-0.32662	1.8376e-002	0.	0.
102186	-0.32846	1.7608e-002	0.	0.
102187	-0.32734	1.7439e-002	0.	0.
102190	-0.32307	-2.1235e-002	0.	0.
102191	-0.32494	-2.1811e-002	0.	0.
102192	-0.32392	-2.1887e-002	0.	0.
102193	-0.32518	-2.0816e-002	0.	0.
102196	0.30336	-1.7993e-003	0.	0.
102197	0.30234	-3.4399e-003	0.	0.
102198	0.30339	-2.5571e-003	0.	0.
102200	0.42238	2.934e-003	0.	0.
102201	0.42241	5.1146e-003	0.	0.
102202	0.42174	4.099e-003	0.	0.
102203	0.4233	3.1426e-003	0.	0.
102204	0.42331	4.9054e-003	0.	0.
102207	-0.38888	-2.3119e-002	0.	0.
102208	-0.3876	-2.2e-002	0.	0.
102209	-0.38695	-2.3016e-002	0.	0.
102210	-0.38847	-2.2474e-002	0.	0.
102214	-0.3638	-3.0506e-003	0.	0.
102215	-0.36488	-3.0506e-003	0.	0.
102216	-0.36326	-2.0089e-003	0.	0.
102217	-0.36453	-8.471e-004	0.	0.
102221	-0.36126	3.2023e-003	0.	0.
102222	-0.36038	5.2897e-003	0.	0.
102223	-0.36029	3.2064e-003	0.	0.
102224	-0.36238	4.359e-003	0.	0.
102225	-0.36198	5.1519e-003	0.	0.
102228	0.36855	1.1206e-003	0.	0.
102229	0.36848	3.2894e-003	0.	0.
102230	0.36777	1.647e-003	0.	0.
102231	0.36912	2.8918e-003	0.	0.
102232	0.36756	2.7918e-003	0.	0.
102237	0.36526	-3.2023e-003	0.	0.
102238	0.36438	-5.2897e-003	0.	0.
102239	0.36429	-3.2064e-003	0.	0.
102240	0.36638	-4.359e-003	0.	0.
102241	0.36601	-5.2897e-003	0.	0.
102245	0.35968	8.105e-003	0.	0.
102246	0.35796	7.1637e-003	0.	0.
102247	0.35773	9.286e-003	0.	0.
102248	0.35921	8.7806e-003	0.	0.
102249	0.35938	7.3243e-003	0.	0.
102253	0.36229	-9.375e-003	0.	0.
102254	0.36128	-1.1458e-002	0.	0.
102255	0.36233	-1.1458e-002	0.	0.
102256	0.36117	-9.4341e-003	0.	0.
102257	0.36079	-1.059e-002	0.	0.
102262	-0.36371	-9.375e-003	0.	0.
102263	-0.36379	-1.1607e-002	0.	0.
102264	-0.36479	-1.1458e-002	0.	0.
102265	-0.36488	-9.3821e-003	0.	0.
102266	-0.36532	-1.0458e-002	0.	0.
102270	-0.3546	-7.3411e-003	0.	0.
102271	-0.35541	-8.1097e-003	0.	0.
102272	-0.35369	-7.3411e-003	0.	0.
102273	-0.35364	-9.4305e-003	0.	0.
102274	-0.35508	-8.9266e-003	0.	0.
102278	-0.35829	9.375e-003	0.	0.
102279	-0.35765	1.1458e-002	0.	0.
102280	-0.35722	9.4114e-003	0.	0.
102281	-0.35696	1.1039e-002	0.	0.
102282	-0.35844	1.1137e-002	0.	0.
102283	-0.35699	1.0249e-002	0.	0.
102285	-0.34818	5.2083e-003	0.	0.
102286	-0.34854	3.125e-003	0.	0.
102287	-0.34901	4.3155e-003	0.	0.
102288	-0.3475	3.1146e-003	0.	0.
102289	-0.34728	5.2083e-003	0.	0.
102292	0.36804	1.1816e-002	0.	0.
102293	0.36932	1.0667e-002	0.	0.
102294	0.3681	9.4166e-003	0.	0.
102295	0.36893	1.1686e-002	0.	0.
102296	0.36748	1.1257e-002	0.	0.
102297	0.36738	9.7695e-003	0.	0.
102298	0.36886	9.8887e-003	0.	0.
102302	-0.37129	3.125e-003	0.	0.
102303	-0.3712	1.0417e-003	0.	0.
102304	-0.37183	2.0833e-003	0.	0.
102305	-0.37016	1.0417e-003	0.	0.
102306	-0.37043	3.2118e-003	0.	0.
102310	0.35471	3.125e-003	0.	0.
102311	0.35579	3.125e-003	0.	0.
102312	0.3548	1.0417e-003	0.	0.
102313	0.35417	2.0833e-003	0.	0.
102314	0.35584	1.0417e-003	0.	0.
102316	0.32999	-7.4271e-003	0.	0.
102317	0.32917	-7.193e-003	0.	0.
102318	0.33011	-5.5601e-003	0.	0.
102319	0.32922	-5.7083e-003	0.	0.
102320	0.33051	-6.1458e-003	0.	0.
102323	-0.34542	1.3352e-002	0.	0.
102324	-0.34471	1.2397e-002	0.	0.
102325	-0.34525	1.1356e-002	0.	0.
102326	-0.34622	1.2965e-002	0.	0.
102328	-0.37671	-1.1458e-002	0.	0.
102329	-0.37663	-1.3542e-002	0.	0.
102330	-0.37725	-1.25e-002	0.	0.
102331	-0.37556	-1.3542e-002	0.	0.
102334	-0.35907	-1.1297e-002	0.	0.
102335	-0.35961	-1.3153e-002	0.	0.
102336	-0.35989	-1.1297e-002	0.	0.
102337	-0.35849	-1.1952e-002	0.	0.
102338	-0.35866	-1.2929e-002	0.	0.
102342	-0.37771	1.3542e-002	0.	0.
102343	-0.37779	1.1458e-002	0.	0.
102344	-0.37887	1.1458e-002	0.	0.
102345	-0.37725	1.25e-002	0.	0.
102349	-0.37233	1.3542e-002	0.	0.
102350	-0.37129	1.1458e-002	0.	0.
102351	-0.37074	1.2649e-002	0.	0.
102352	-0.37152	1.3542e-002	0.	0.
102357	0.35005	-1.3299e-002	0.	0.
102358	0.3492	-1.1367e-002	0.	0.
102359	0.34852	-1.2426e-002	0.	0.
102360	0.34916	-1.3032e-002	0.	0.
102363	0.36233	1.345e-002	0.	0.
102364	0.36349	1.332e-002	0.	0.
102365	0.36189	1.2582e-002	0.	0.
102366	0.36371	1.1367e-002	0.	0.
102367	0.36231	1.1776e-002	0.	0.
102370	0.35473	1.1372e-002	0.	0.
102371	0.35455	1.3374e-002	0.	0.
102372	0.35527	1.2413e-002	0.	0.
102373	0.35377	1.2987e-002	0.	0.
102377	0.36106	-1.0758e-003	0.	0.
102378	0.36175	0.	0.	0.
102379	0.36121	1.0417e-003	0.	0.
102380	0.36008	-7.8125e-004	0.	0.
102383	0.37421	1.0417e-003	0.	0.
102384	0.37313	1.0417e-003	0.	0.
102385	0.37475	0.	0.	0.
102386	0.37421	-7.381e-004	0.	0.
102389	0.34267	-1.1598e-003	0.	0.
102390	0.34289	8.1748e-004	0.	0.
102391	0.3423	-1.1815e-004	0.	0.
102392	0.34351	-1.205e-003	0.	0.
102395	-0.35721	1.0417e-003	0.	0.
102396	-0.35612	1.0417e-003	0.	0.
102397	-0.35775	0.	0.	0.
102398	-0.35721	-1.0417e-003	0.	0.
102401	-0.34962	1.0417e-003	0.	0.
102402	-0.35071	1.0417e-003	0.	0.
102403	-0.35125	0.	0.	0.
102404	-0.35071	-1.0417e-003	0.	0.
102408	-0.39665	2.468e-004	0.	0.
102409	-0.39491	-6.2447e-004	0.	0.
102410	-0.39639	1.1985e-003	0.	0.
102411	-0.39477	1.1985e-003	0.	0.
102412	-0.39593	-4.9426e-004	0.	0.
102415	-0.38862	1.0417e-003	0.	0.
102416	-0.38969	-1.0417e-003	0.	0.
102417	-0.39025	0.	0.	0.
102418	-0.38969	1.0417e-003	0.	0.
102419	-0.38869	-1.1214e-003	0.	0.
102423	-0.38321	1.0417e-003	0.	0.
102424	-0.38212	1.0417e-003	0.	0.
102425	-0.38375	0.	0.	0.
102426	-0.38321	-1.0417e-003	0.	0.
102430	0.35254	7.2917e-003	0.	0.
102431	0.35362	5.2083e-003	0.	0.
102432	0.35254	5.2083e-003	0.	0.
102433	0.35362	7.2917e-003	0.	0.
102434	0.352	6.25e-003	0.	0.
102437	0.35092	-5.2083e-003	0.	0.
102438	0.3501	-7.2917e-003	0.	0.
102439	0.35173	-7.2917e-003	0.	0.
102440	0.35172	-5.9566e-003	0.	0.
102441	0.3497	-5.5451e-003	0.	0.
102444	-0.37238	5.3571e-003	0.	0.
102445	-0.37346	5.3571e-003	0.	0.
102446	-0.374	6.3988e-003	0.	0.
102447	-0.3721	7.4405e-003	0.	0.
102448	-0.37373	7.4405e-003	0.	0.
102451	-0.38104	-5.2083e-003	0.	0.
102452	-0.38212	-5.2083e-003	0.	0.
102453	-0.3805	-6.25e-003	0.	0.
102454	-0.38104	-7.2917e-003	0.	0.
102457	-0.37454	-7.2917e-003	0.	0.
102458	-0.37562	-5.2083e-003	0.	0.
102459	-0.37562	-7.2917e-003	0.	0.
102460	-0.37463	-5.3819e-003	0.	0.
102461	-0.37403	-6.3247e-003	0.	0.
102465	0.37201	6.8111e-003	0.	0.
102466	0.37206	5.1064e-003	0.	0.
102467	0.37298	7.1753e-003	0.	0.
102468	0.37185	5.984e-003	0.	0.
102470	-0.35302	7.3135e-003	0.	0.
102471	-0.3545	6.25e-003	0.	0.
102472	-0.35396	5.2083e-003	0.	0.
102473	-0.35387	6.8897e-003	0.	0.
102476	-0.36798	-7.581e-003	0.	0.
102477	-0.36804	-5.2083e-003	0.	0.
102478	-0.36899	-7.2834e-003	0.	0.
102479	-0.3675	-6.25e-003	0.	0.
102484	0.3585	-6.25e-003	0.	0.
102485	0.35742	-7.2917e-003	0.	0.
102486	0.35806	-5.3879e-003	0.	0.
102487	0.35656	-6.923e-003	0.	0.
102490	0.36447	5.6882e-003	0.	0.
102491	0.36442	7.3929e-003	0.	0.
102492	0.36347	5.3286e-003	0.	0.
102493	0.36463	6.5133e-003	0.	0.
102496	-0.36263	-5.2083e-003	0.	0.
102497	-0.36154	-5.2083e-003	0.	0.
102498	-0.36263	-7.2917e-003	0.	0.
102499	-0.36154	-7.2917e-003	0.	0.
102500	-0.361	-6.25e-003	0.	0.
102502	-0.30243	-1.3694e-003	0.	0.
102503	-0.30293	5.598e-004	0.	0.
102504	-0.30311	-5.9208e-004	0.	0.
102505	-0.30198	1.0904e-003	0.	0.
102506	-0.30165	-1.1078e-003	0.	0.
102509	0.34509	1.4077e-002	0.	0.
102510	0.34717	1.4583e-002	0.	0.
102511	0.34508	1.5051e-002	0.	0.
102512	0.3466	1.3783e-002	0.	0.
102513	0.34597	1.5345e-002	0.	0.
102514	0.34661	1.5195e-002	0.	0.
102519	0.34719	-2.2917e-002	0.	0.
102520	0.34861	-2.1875e-002	0.	0.
102521	0.34757	-2.1875e-002	0.	0.
102522	0.34915	-2.2917e-002	0.	0.
102526	-0.35364	1.5781e-002	0.	0.
102527	-0.35487	1.5104e-002	0.	0.
102528	-0.35506	1.4063e-002	0.	0.
102529	-0.35349	1.4171e-002	0.	0.
102530	-0.35341	1.5072e-002	0.	0.
102533	0.32768	-3.1027e-003	0.	0.
102534	0.32669	-2.9614e-003	0.	0.
102535	0.32817	-3.8411e-003	0.	0.
102536	0.3266	-4.9688e-003	0.	0.
102537	0.32615	-3.8621e-003	0.	0.
102538	0.32792	-4.5753e-003	0.	0.
102541	0.32767	2.1754e-003	0.	0.
102542	0.32691	3.0365e-003	0.	0.
102543	0.32597	2.711e-003	0.	0.
102544	0.32581	1.8852e-003	0.	0.
102545	0.32699	1.1719e-003	0.	0.
102549	0.32911	7.5361e-003	0.	0.
102550	0.32741	7.8494e-003	0.	0.
102551	0.32943	8.6008e-003	0.	0.
102552	0.32839	9.0213e-003	0.	0.
102557	-0.41427	-1.3681e-003	0.	0.
102558	-0.41508	-7.2222e-004	0.	0.
102559	-0.41565	3.4266e-004	0.	0.
102560	-0.41448	9.4996e-004	0.	0.
102564	0.32172	7.11e-003	0.	0.
102565	0.31997	7.6094e-003	0.	0.
102566	0.32145	6.2427e-003	0.	0.
102567	0.32044	6.0488e-003	0.	0.
102568	0.3197	6.6543e-003	0.	0.
102572	-0.42188	3.0983e-003	0.	0.
102573	-0.42081	3.5267e-003	0.	0.
102574	-0.41977	2.9851e-003	0.	0.
102575	-0.42188	2.0372e-003	0.	0.
102576	-0.42097	1.4282e-003	0.	0.
102580	0.37668	-2.1894e-002	0.	0.
102581	0.37521	-2.2925e-002	0.	0.
102582	0.37721	-2.293e-002	0.	0.
102583	0.3758	-2.1892e-002	0.	0.
102587	-0.34905	-2.2072e-002	0.	0.
102588	-0.35059	-2.3e-002	0.	0.
102589	-0.34832	-2.2971e-002	0.	0.
102590	-0.3501	-2.1953e-002	0.	0.
102594	0.41338	-1.5469e-002	0.	0.
102595	0.4145	-1.5253e-002	0.	0.
102596	0.41293	-1.4667e-002	0.	0.
102597	0.41341	-1.3718e-002	0.	0.
102598	0.41461	-1.4267e-002	0.	0.
102600	-0.30294	-6.3334e-003	0.	0.
102601	-0.30266	-5.3224e-003	0.	0.
102602	-0.30167	-5.0329e-003	0.	0.
102603	-0.30166	-6.9738e-003	0.	0.
102605	-0.30304	1.135e-002	0.	0.
102606	-0.30291	1.2529e-002	0.	0.
102607	-0.30206	1.0724e-002	0.	0.
102608	-0.30185	1.2984e-002	0.	0.
102611	-0.41485	1.4349e-002	0.	0.
102612	-0.41305	1.4408e-002	0.	0.
102613	-0.41419	1.2559e-002	0.	0.
102614	-0.41403	1.4675e-002	0.	0.
102615	-0.4131	1.358e-002	0.	0.
102620	-0.38746	3.0017e-003	0.	0.
102621	-0.38638	3.0017e-003	0.	0.
102622	-0.3879	3.9546e-003	0.	0.
102623	-0.38622	4.8246e-003	0.	0.
102624	-0.38723	4.6944e-003	0.	0.
102629	-0.39445	4.005e-003	0.	0.
102630	-0.39495	5.0466e-003	0.	0.
102631	-0.39637	2.9633e-003	0.	0.
102632	-0.39475	2.9633e-003	0.	0.
102636	0.40302	-2.1989e-002	0.	0.
102637	0.40342	-2.0968e-002	0.	0.
102638	0.40171	-2.0391e-002	0.	0.
102639	0.40218	-2.2394e-002	0.	0.
102640	0.40168	-2.1195e-002	0.	0.
102645	-0.39494	-7.4002e-003	0.	0.
102646	-0.39343	-6.5292e-003	0.	0.
102647	-0.39516	-5.5773e-003	0.	0.
102648	-0.39415	-7.4002e-003	0.	0.
102649	-0.39416	-5.7075e-003	0.	0.
102654	-0.38799	-5.4403e-003	0.	0.
102655	-0.38693	-5.8369e-003	0.	0.
102656	-0.38838	-7.3994e-003	0.	0.
102657	-0.38759	-7.3994e-003	0.	0.
102658	-0.38683	-6.7598e-003	0.	0.
102660	-0.39273	7.2917e-003	0.	0.
102661	-0.39282	5.2083e-003	0.	0.
102662	-0.39331	6.25e-003	0.	0.
102663	-0.39168	7.2917e-003	0.	0.
102665	0.37168	1.7755e-002	0.	0.
102666	0.37074	1.5908e-002	0.	0.
102667	0.37151	1.6788e-002	0.	0.
102668	0.36992	1.7275e-002	0.	0.
102669	0.36991	1.6518e-002	0.	0.
102673	0.37091	-1.5533e-002	0.	0.
102674	0.37025	-1.4752e-002	0.	0.
102675	0.37184	-1.5018e-002	0.	0.
102676	0.3705	-1.371e-002	0.	0.
102677	0.37197	-1.4039e-002	0.	0.
102680	-0.35688	-2.1875e-002	0.	0.
102681	-0.35737	-2.0833e-002	0.	0.
102682	-0.35694	-1.9922e-002	0.	0.
102683	-0.3551	-2.0316e-002	0.	0.
102684	-0.35586	-2.1926e-002	0.	0.
102685	-0.3553	-2.1203e-002	0.	0.
102688	-0.35563	-1.3899e-002	0.	0.
102689	-0.35502	-1.5583e-002	0.	0.
102690	-0.35419	-1.5109e-002	0.	0.
102691	-0.35566	-1.4891e-002	0.	0.
102692	-0.35417	-1.4197e-002	0.	0.
102695	0.41199	-8.2808e-003	0.	0.
102696	0.41094	-1.0318e-002	0.	0.
102697	0.41105	-8.4814e-003	0.	0.
102698	0.41255	-8.972e-003	0.	0.
102699	0.41047	-9.5241e-003	0.	0.
102702	0.41363	-2.0109e-003	0.	0.
102703	0.41494	-7.317e-004	0.	0.
102704	0.41298	-5.164e-004	0.	0.
102705	0.4146	-1.7327e-003	0.	0.
102706	0.41308	-1.3757e-003	0.	0.
102707	0.41446	-1.032e-004	0.	0.
102711	0.36344	2.1875e-002	0.	0.
102712	0.36171	2.1875e-002	0.	0.
102713	0.3626	2.1727e-002	0.	0.
102714	0.3634	2.3063e-002	0.	0.
102720	0.41881	5.0427e-003	0.	0.
102721	0.41938	4.0444e-003	0.	0.
102722	0.41768	4.876e-003	0.	0.
102723	0.41724	3.6732e-003	0.	0.
102724	0.41796	3.0454e-003	0.	0.
102726	-0.38714	-4.8117e-003	0.	0.
102727	-0.38821	-3.329e-003	0.	0.
102728	-0.38757	-3.8593e-003	0.	0.
102729	-0.38894	-4.1588e-003	0.	0.
102734	-0.33136	1.3786e-002	0.	0.
102735	-0.32931	1.3387e-002	0.	0.
102736	-0.32983	1.5454e-002	0.	0.
102737	-0.32939	1.4412e-002	0.	0.
102738	-0.33069	1.5061e-002	0.	0.
102741	-0.39789	-1.5303e-002	0.	0.
102742	-0.39932	-1.6946e-002	0.	0.
102743	-0.39892	-1.534e-002	0.	0.
102744	-0.39924	-1.6074e-002	0.	0.
102745	-0.39783	-1.6927e-002	0.	0.
102746	-0.39766	-1.6247e-002	0.	0.
102750	-0.38773	1.5682e-002	0.	0.
102751	-0.38672	1.7323e-002	0.	0.
102752	-0.38672	1.6296e-002	0.	0.
102753	-0.38838	1.721e-002	0.	0.
102754	-0.38853	1.6393e-002	0.	0.
102757	-0.41296	-2.0782e-002	0.	0.
102758	-0.412	-2.0124e-002	0.	0.
102759	-0.41092	-2.2131e-002	0.	0.
102760	-0.4126	-2.2002e-002	0.	0.
102761	-0.41048	-2.1124e-002	0.	0.
102762	-0.41177	-2.2212e-002	0.	0.
102765	0.35697	-2.4077e-003	0.	0.
102766	0.35458	-1.8635e-003	0.	0.
102767	0.35508	-9.6649e-004	0.	0.
102768	0.35612	-9.6649e-004	0.	0.
102769	0.35512	-2.5963e-003	0.	0.
102770	0.35665	-1.5446e-003	0.	0.
102773	-0.37144	-1.9171e-003	0.	0.
102774	-0.37099	-9.8496e-004	0.	0.
102775	-0.36995	-9.8496e-004	0.	0.
102776	-0.36942	-2.035e-003	0.	0.
102777	-0.37093	-2.5902e-003	0.	0.
102780	-0.34921	7.146e-003	0.	0.
102781	-0.34818	7.2917e-003	0.	0.
102782	-0.34919	5.3571e-003	0.	0.
102783	-0.34746	6.25e-003	0.	0.
102788	-0.35569	-5.3571e-003	0.	0.
102789	-0.35458	-5.2331e-003	0.	0.
102790	-0.35568	-7.0186e-003	0.	0.
102791	-0.35396	-6.25e-003	0.	0.
102795	-0.36599	-1.5297e-002	0.	0.
102796	-0.3634	-1.4592e-002	0.	0.
102797	-0.3641	-1.3768e-002	0.	0.
102798	-0.36511	-1.3619e-002	0.	0.
102799	-0.36581	-1.431e-002	0.	0.
102803	0.36376	-1.4844e-002	0.	0.
102804	0.36117	-1.4583e-002	0.	0.
102805	0.36164	-1.3542e-002	0.	0.
102806	0.36153	-1.5625e-002	0.	0.
102807	0.36269	-1.3542e-002	0.	0.
102811	0.36788	-1.6882e-003	0.	0.
102812	0.36869	-1.1674e-003	0.	0.
102813	0.36986	-2.7299e-003	0.	0.
102814	0.3695	-1.6882e-003	0.	0.
102815	0.36816	-3.3617e-003	0.	0.
102817	-0.36388	1.6882e-003	0.	0.
102818	-0.3647	1.2876e-003	0.	0.
102819	-0.36574	2.7283e-003	0.	0.
102820	-0.3655	1.6882e-003	0.	0.
102821	-0.36416	3.3617e-003	0.	0.
102824	-0.33028	-1.898e-002	0.	0.
102825	-0.32964	-2.1244e-002	0.	0.
102826	-0.33083	-1.9557e-002	0.	0.
102827	-0.32948	-1.9111e-002	0.	0.
102828	-0.33046	-2.0761e-002	0.	0.
102831	-0.30301	-1.1226e-002	0.	0.
102832	-0.30515	-9.9341e-003	0.	0.
102833	-0.30317	-1.0191e-002	0.	0.
102834	-0.30427	-9.7208e-003	0.	0.
102838	0.32547	-2.1105e-002	0.	0.
102839	0.32531	-2.1885e-002	0.	0.
102840	0.32685	-2.1447e-002	0.	0.
102841	0.32629	-2.104e-002	0.	0.
102842	0.32591	-2.2559e-002	0.	0.
102844	0.41633	1.2711e-002	0.	0.
102845	0.41577	1.3622e-002	0.	0.
102846	0.41627	1.4574e-002	0.	0.
102847	0.41711	1.3134e-002	0.	0.
102848	0.417	1.4562e-002	0.	0.
102850	0.41103	1.1948e-002	0.	0.
102851	0.40938	1.2566e-002	0.	0.
102852	0.40977	1.3771e-002	0.	0.
102853	0.41025	1.1833e-002	0.	0.
102857	-0.3153	2.2702e-002	0.	0.
102858	-0.315	2.1679e-002	0.	0.
102859	-0.31661	2.1394e-002	0.	0.
102860	-0.3158	2.1296e-002	0.	0.
102861	-0.31607	2.2853e-002	0.	0.
102863	0.42319	2.1465e-002	0.	0.
102864	0.42295	1.9453e-002	0.	0.
102865	0.42194	2.0394e-002	0.	0.
102866	0.42227	2.139e-002	0.	0.
102869	0.33993	-9.5486e-004	0.	0.
102870	0.33793	-1.4757e-003	0.	0.
102871	0.3387	-3.0382e-003	0.	0.
102872	0.33945	-2.3923e-003	0.	0.
102873	0.33786	-2.2569e-003	0.	0.
102876	-0.38255	2.1484e-002	0.	0.
102877	-0.38349	2.203e-002	0.	0.
102878	-0.38438	2.0399e-002	0.	0.
102879	-0.38418	2.1344e-002	0.	0.
102880	-0.38276	2.0656e-002	0.	0.
102884	-0.36576	-2.0027e-002	0.	0.
102885	-0.36621	-2.0982e-002	0.	0.
102886	-0.36564	-2.198e-002	0.	0.
102887	-0.36461	-2.1958e-002	0.	0.
102888	-0.36408	-2.0909e-002	0.	0.
102891	-0.36733	-1.9349e-002	0.	0.
102892	-0.36778	-2.0303e-002	0.	0.
102893	-0.36883	-2.0317e-002	0.	0.
102894	-0.36811	-1.8741e-002	0.	0.
102896	0.36253	-2.199e-002	0.	0.
102897	0.36051	-2.159e-002	0.	0.
102898	0.36141	-2.2113e-002	0.	0.
102899	0.36217	-2.0968e-002	0.	0.
102900	0.36074	-2.0767e-002	0.	0.
102903	-0.38944	-9.4866e-003	0.	0.
102904	-0.39102	-1.0395e-002	0.	0.
102905	-0.38993	-1.1704e-002	0.	0.
102906	-0.38916	-1.1306e-002	0.	0.
102907	-0.39023	-9.4866e-003	0.	0.
102908	-0.39067	-1.13e-002	0.	0.
102910	-0.42061	2.2211e-002	0.	0.
102911	-0.42151	2.2222e-002	0.	0.
102912	-0.42008	2.1426e-002	0.	0.
102913	-0.42198	2.1285e-002	0.	0.
102914	-0.42151	2.0411e-002	0.	0.
102917	0.4062	-1.7812e-002	0.	0.
102918	0.40603	-1.5903e-002	0.	0.
102919	0.40789	-1.7023e-002	0.	0.
102920	0.40719	-1.6018e-002	0.	0.
102924	-0.35826	1.5025e-002	0.	0.
102925	-0.35834	1.4107e-002	0.	0.
102926	-0.35746	1.3542e-002	0.	0.
102927	-0.35645	1.5104e-002	0.	0.
102928	-0.35665	1.4063e-002	0.	0.
102932	-0.37083	-2.1919e-002	0.	0.
102933	-0.36982	-2.1993e-002	0.	0.
102934	-0.3713	-2.2937e-002	0.	0.
102937	-0.39004	-1.3766e-002	0.	0.
102938	-0.38919	-1.4284e-002	0.	0.
102939	-0.39102	-1.434e-002	0.	0.
102940	-0.39095	-1.5318e-002	0.	0.
102941	-0.38946	-1.5324e-002	0.	0.
102945	0.3418	-2.1801e-002	0.	0.
102946	0.34077	-2.1812e-002	0.	0.
102947	0.34039	-2.2853e-002	0.	0.
102951	-0.41087	6.25e-004	0.	0.
102952	-0.40983	6.5972e-004	0.	0.
102953	-0.4093	-3.3189e-004	0.	0.
102954	-0.40975	-1.1606e-003	0.	0.
102959	-0.40462	8.5417e-004	0.	0.
102960	-0.40308	-2.1259e-007	0.	0.
102961	-0.40358	-1.1875e-003	0.	0.
102962	-0.40384	8.8542e-004	0.	0.
102967	-0.40807	-3.0801e-003	0.	0.
102968	-0.40767	-1.3041e-003	0.	0.
102969	-0.40724	-3.3903e-003	0.	0.
102970	-0.40813	-2.1328e-003	0.	0.
102971	-0.40632	-3.3663e-003	0.	0.
102976	-0.39929	3.0972e-003	0.	0.
102977	-0.40082	3.9772e-003	0.	0.
102978	-0.4002	5.0781e-003	0.	0.
102979	-0.39914	5.0367e-003	0.	0.
102980	-0.40007	3.0764e-003	0.	0.
102983	-0.40867	2.8125e-003	0.	0.
102984	-0.40762	2.8472e-003	0.	0.
102985	-0.40704	3.9167e-003	0.	0.
102986	-0.4075	4.9653e-003	0.	0.
102990	-0.40529	7.1458e-003	0.	0.
102991	-0.40542	5.0139e-003	0.	0.
102992	-0.40587	6.0625e-003	0.	0.
102993	-0.40425	7.1563e-003	0.	0.
102997	-0.40585	-6.3475e-003	0.	0.
102998	-0.40631	-7.3683e-003	0.	0.
102999	-0.40709	-5.3489e-003	0.	0.
103000	-0.40618	-5.3249e-003	0.	0.
103003	-0.40009	-7.2063e-003	0.	0.
103004	-0.39963	-6.1577e-003	0.	0.
103005	-0.40113	-7.2133e-003	0.	0.
103006	-0.40152	-5.1525e-003	0.	0.
103007	-0.39996	-5.1109e-003	0.	0.
103012	-0.39748	-1.1063e-002	0.	0.
103013	-0.39884	-9.2726e-003	0.	0.
103014	-0.3978	-9.2587e-003	0.	0.
103015	-0.39714	-1.0153e-002	0.	0.
103020	0.33221	-1.9562e-003	0.	0.
103021	0.33092	-1.333e-004	0.	0.
103022	0.33176	-8.2171e-004	0.	0.
103023	0.33049	-1.759e-003	0.	0.
103024	0.33027	-1.1099e-003	0.	0.
103027	-0.38834	1.3528e-002	0.	0.
103028	-0.38888	1.1458e-002	0.	0.
103029	-0.38987	1.25e-002	0.	0.
103030	-0.38935	1.3359e-002	0.	0.
103031	-0.38809	1.1741e-002	0.	0.
103034	-0.38357	1.3433e-002	0.	0.
103035	-0.3826	1.3542e-002	0.	0.
103036	-0.38363	1.25e-002	0.	0.
103037	-0.38321	1.1721e-002	0.	0.
103038	-0.38176	1.3542e-002	0.	0.
103042	-0.40079	1.3542e-002	0.	0.
103043	-0.4014	1.1437e-002	0.	0.
103044	-0.40183	1.3542e-002	0.	0.
103045	-0.40247	1.2423e-002	0.	0.
103046	-0.4006	1.1739e-002	0.	0.
103048	-0.39577	1.3575e-002	0.	0.
103049	-0.39612	1.25e-002	0.	0.
103050	-0.39569	1.156e-002	0.	0.
103051	-0.39455	1.3341e-002	0.	0.
103055	-0.40405	-1.3284e-002	0.	0.
103056	-0.40236	-1.2439e-002	0.	0.
103057	-0.40307	-1.3322e-002	0.	0.
103058	-0.40433	-1.1336e-002	0.	0.
103059	-0.40277	-1.1326e-002	0.	0.
103065	-0.38417	-1.1458e-002	0.	0.
103066	-0.38522	-1.1289e-002	0.	0.
103067	-0.38536	-1.3281e-002	0.	0.
103068	-0.38458	-1.3607e-002	0.	0.
103069	-0.38357	-1.2432e-002	0.	0.
103070	-0.3839	-1.3231e-002	0.	0.
103074	-0.36785	1.9792e-002	0.	0.
103075	-0.36792	1.7708e-002	0.	0.
103076	-0.36898	1.756e-002	0.	0.
103077	-0.36737	1.875e-002	0.	0.
103081	-0.37199	-1.9819e-002	0.	0.
103082	-0.37265	-1.7708e-002	0.	0.
103083	-0.37363	-1.875e-002	0.	0.
103084	-0.37309	-1.9792e-002	0.	0.
103085	-0.37184	-1.8007e-002	0.	0.
103087	-0.30675	-2.9772e-004	0.	0.
103088	-0.3085	-4.7144e-004	0.	0.
103089	-0.30858	-1.5648e-003	0.	0.
103090	-0.30771	-1.4427e-004	0.	0.
103093	0.42014	-2.179e-002	0.	0.
103094	0.42207	-2.0225e-002	0.	0.
103095	0.42179	-2.2088e-002	0.	0.
103096	0.42229	-2.1088e-002	0.	0.
103097	0.42091	-2.1994e-002	0.	0.
103101	-0.32098	-2.2342e-002	0.	0.
103102	-0.31995	-2.183e-002	0.	0.
103103	-0.31888	-2.2313e-002	0.	0.
103104	-0.31908	-2.3243e-002	0.	0.
103105	-0.32094	-2.3235e-002	0.	0.
103110	-0.41615	-6.2458e-003	0.	0.
103111	-0.41586	-5.0634e-003	0.	0.
103112	-0.41701	-6.343e-003	0.	0.
103113	-0.41782	-5.6972e-003	0.	0.
103116	0.30562	1.6675e-002	0.	0.
103117	0.30321	1.5727e-002	0.	0.
103118	0.30476	1.7303e-002	0.	0.
103119	0.3038	1.7266e-002	0.	0.
103120	0.30515	1.5757e-002	0.	0.
103121	0.3033	1.6557e-002	0.	0.
103126	0.41544	1.0575e-002	0.	0.
103127	0.41429	1.0421e-002	0.	0.
103128	0.41385	9.3542e-003	0.	0.
103129	0.41443	8.4363e-003	0.	0.
103132	-0.30439	7.1497e-003	0.	0.
103133	-0.30275	8.5751e-003	0.	0.
103134	-0.30245	6.6233e-003	0.	0.
103135	-0.30238	7.7712e-003	0.	0.
103136	-0.30356	6.4285e-003	0.	0.
103138	-0.31963	-4.9336e-003	0.	0.
103139	-0.31864	-6.7446e-003	0.	0.
103140	-0.32019	-6.0182e-003	0.	0.
103141	-0.31836	-5.9141e-003	0.	0.
103142	-0.31891	-5.0488e-003	0.	0.
103146	-0.35925	1.4548e-002	0.	0.
103147	-0.36025	1.5021e-002	0.	0.
103148	-0.35926	1.6251e-002	0.	0.
103149	-0.3601	1.5991e-002	0.	0.
103152	-0.36671	2.1875e-002	0.	0.
103153	-0.36681	1.9792e-002	0.	0.
103154	-0.36625	2.0833e-002	0.	0.
103155	-0.36747	2.1875e-002	0.	0.
103159	0.34458	-1.7634e-002	0.	0.
103160	0.3444	-1.5625e-002	0.	0.
103161	0.34575	-1.6667e-002	0.	0.
103162	0.34523	-1.5975e-002	0.	0.
103163	0.34531	-1.7827e-002	0.	0.
103167	0.34497	-1.9717e-002	0.	0.
103168	0.34415	-1.9592e-002	0.	0.
103169	0.34517	-1.8795e-002	0.	0.
103172	-0.37283	2.1875e-002	0.	0.
103173	-0.37404	1.9792e-002	0.	0.
103174	-0.37383	2.1875e-002	0.	0.
103175	-0.37301	1.9792e-002	0.	0.
103176	-0.37242	2.0833e-002	0.	0.
103178	-0.30473	2.1557e-002	0.	0.
103179	-0.30297	2.2206e-002	0.	0.
103180	-0.30278	2.0601e-002	0.	0.
103181	-0.30398	2.2255e-002	0.	0.
103182	-0.30254	2.1518e-002	0.	0.
103185	-0.41486	9.2895e-003	0.	0.
103186	-0.41736	8.5197e-003	0.	0.
103187	-0.4153	1.0252e-002	0.	0.
103188	-0.41684	1.0582e-002	0.	0.
103189	-0.41531	8.3285e-003	0.	0.
103192	0.40655	7.2743e-003	0.	0.
103193	0.40691	6.3229e-003	0.	0.
103194	0.40579	7.1615e-003	0.	0.
103195	0.40561	5.2897e-003	0.	0.
103196	0.40646	5.5544e-003	0.	0.
103197	0.4052	6.7853e-003	0.	0.
103201	0.41251	6.1493e-003	0.	0.
103202	0.4124	8.1366e-003	0.	0.
103203	0.41297	7.2187e-003	0.	0.
103204	0.41162	6.0062e-003	0.	0.
103208	-0.41227	9.5163e-003	0.	0.
103209	-0.40992	9.75e-003	0.	0.
103210	-0.4105	8.6667e-003	0.	0.
103211	-0.41054	1.0488e-002	0.	0.
103212	-0.41173	8.6645e-003	0.	0.
103215	-0.38071	-1.8196e-002	0.	0.
103216	-0.3812	-1.7024e-002	0.	0.
103217	-0.38239	-1.6754e-002	0.	0.
103218	-0.38164	-1.8563e-002	0.	0.
103222	-0.34008	1.9384e-002	0.	0.
103223	-0.34116	1.8877e-002	0.	0.
103224	-0.34089	1.7314e-002	0.	0.
103225	-0.34166	1.8182e-002	0.	0.
103226	-0.3397	1.7767e-002	0.	0.
103230	-0.31843	1.6363e-002	0.	0.
103231	-0.31759	1.4618e-002	0.	0.
103232	-0.31666	1.5491e-002	0.	0.
103233	-0.3183	1.4921e-002	0.	0.
103234	-0.31852	1.5588e-002	0.	0.
103238	0.30483	-1.5896e-002	0.	0.
103239	0.30294	-1.7244e-002	0.	0.
103240	0.30286	-1.6124e-002	0.	0.
103241	0.30383	-1.5505e-002	0.	0.
103242	0.30392	-1.7375e-002	0.	0.
103247	-0.32235	1.0578e-002	0.	0.
103248	-0.32272	8.3437e-003	0.	0.
103249	-0.3211	9.0156e-003	0.	0.
103250	-0.32143	1.0039e-002	0.	0.
103251	-0.32178	8.5179e-003	0.	0.
103255	-0.30294	1.645e-002	0.	0.
103256	-0.30187	1.508e-002	0.	0.
103257	-0.30193	1.6996e-002	0.	0.
103258	-0.30271	1.5534e-002	0.	0.
103263	0.35928	2.0263e-002	0.	0.
103264	0.35777	2.0698e-002	0.	0.
103265	0.35861	1.9263e-002	0.	0.
103266	0.35727	1.8874e-002	0.	0.
103270	-0.30947	-5.9638e-003	0.	0.
103271	-0.30836	-6.4915e-003	0.	0.
103272	-0.31011	-7.349e-003	0.	0.
103273	-0.30869	-7.8966e-003	0.	0.
103276	-0.32538	1.705e-002	0.	0.
103277	-0.32443	1.6767e-002	0.	0.
103278	-0.3261	1.6113e-002	0.	0.
103279	-0.3243	1.592e-002	0.	0.
103283	-0.41163	-1.8262e-002	0.	0.
103284	-0.40999	-1.7503e-002	0.	0.
103285	-0.41176	-1.735e-002	0.	0.
103286	-0.41028	-1.6762e-002	0.	0.
103287	-0.41103	-1.6716e-002	0.	0.
103291	0.35303	1.6096e-002	0.	0.
103292	0.35146	1.6616e-002	0.	0.
103293	0.35211	1.5068e-002	0.	0.
103294	0.35262	1.5456e-002	0.	0.
103295	0.35247	1.6672e-002	0.	0.
103300	0.36409	4.5642e-003	0.	0.
103301	0.36532	3.4347e-003	0.	0.
103302	0.36595	5.2397e-003	0.	0.
103303	0.36586	4.1331e-003	0.	0.
103304	0.36526	5.7489e-003	0.	0.
103308	0.37237	7.9402e-003	0.	0.
103309	0.37055	7.2602e-003	0.	0.
103310	0.37151	8.3738e-003	0.	0.
103311	0.37049	8.3707e-003	0.	0.
103312	0.37124	6.7488e-003	0.	0.
103315	0.35922	-7.6389e-003	0.	0.
103316	0.35814	-8.6806e-003	0.	0.
103317	0.35972	-8.7397e-003	0.	0.
103318	0.35935	-9.8958e-003	0.	0.
103322	-0.36427	1.2162e-002	0.	0.
103323	-0.36375	1.1092e-002	0.	0.
103324	-0.36352	1.2584e-002	0.	0.
103325	-0.36291	1.262e-002	0.	0.
103329	-0.36748	6.591e-003	0.	0.
103330	-0.368	7.6342e-003	0.	0.
103331	-0.3677	5.6958e-003	0.	0.
103332	-0.36881	6.1269e-003	0.	0.
103335	-0.36839	-8.6144e-003	0.	0.
103336	-0.3669	-7.581e-003	0.	0.
103337	-0.36645	-8.6298e-003	0.	0.
103338	-0.36689	-9.7056e-003	0.	0.
103340	-0.35369	8.7541e-003	0.	0.
103341	-0.35572	8.7686e-003	0.	0.
103342	-0.35454	8.3303e-003	0.	0.
103343	-0.35487	9.9816e-003	0.	0.
103344	-0.35549	9.6062e-003	0.	0.
103348	0.37144	-6.6165e-003	0.	0.
103349	0.37188	-7.7766e-003	0.	0.
103350	0.37168	-5.722e-003	0.	0.
103351	0.3729	-6.1842e-003	0.	0.
103355	-0.3731	-4.6152e-003	0.	0.
103356	-0.3725	-5.558e-003	0.	0.
103357	-0.37178	-3.9635e-003	0.	0.
103358	-0.37257	-4.0259e-003	0.	0.
103362	-0.3768	-7.3785e-004	0.	0.
103363	-0.37731	3.6276e-004	0.	0.
103364	-0.37689	1.5191e-003	0.	0.
103367	-0.38032	5.8569e-003	0.	0.
103368	-0.38077	4.6875e-003	0.	0.
103369	-0.38109	6.3103e-003	0.	0.
103370	-0.38191	6.4269e-003	0.	0.
103373	0.35426	-4.0676e-003	0.	0.
103374	0.35336	-4.2165e-003	0.	0.
103375	0.35332	-5.2693e-003	0.	0.
103376	0.3541	-5.8358e-003	0.	0.
103380	0.34545	-6.6125e-003	0.	0.
103381	0.34589	-7.7824e-003	0.	0.
103382	0.34622	-6.1973e-003	0.	0.
103383	0.34691	-6.1938e-003	0.	0.
103387	0.34927	-3.0382e-004	0.	0.
103388	0.34858	5.2634e-004	0.	0.
103389	0.34902	1.5625e-003	0.	0.
103391	0.36049	1.1936e-002	0.	0.
103392	0.35852	1.072e-002	0.	0.
103393	0.36091	1.113e-002	0.	0.
103394	0.36	1.0215e-002	0.	0.
103395	0.36076	1.038e-002	0.	0.
103399	-0.35615	-1.2163e-002	0.	0.
103400	-0.35681	-1.1419e-002	0.	0.
103401	-0.35445	-1.077e-002	0.	0.
103402	-0.35589	-1.0266e-002	0.	0.
103403	-0.35663	-1.0435e-002	0.	0.
103406	-0.34697	1.6115e-002	0.	0.
103407	-0.34728	1.4773e-002	0.	0.
103408	-0.34842	1.6538e-002	0.	0.
103409	-0.34795	1.4987e-002	0.	0.
103410	-0.34753	1.6695e-002	0.	0.
103414	-0.42117	1.4416e-002	0.	0.
103415	-0.42222	1.5865e-002	0.	0.
103416	-0.42222	1.4865e-002	0.	0.
103417	-0.42121	1.6494e-002	0.	0.
103418	-0.42048	1.5911e-002	0.	0.
103420	0.3324	4.6007e-003	0.	0.
103421	0.3328	2.5174e-003	0.	0.
103422	0.33391	3.8003e-003	0.	0.
103423	0.33366	2.6722e-003	0.	0.
103427	-0.34329	5.1667e-003	0.	0.
103428	-0.34438	3.0833e-003	0.	0.
103429	-0.34337	3.0625e-003	0.	0.
103430	-0.34283	4.1042e-003	0.	0.
103433	-0.34546	1.e-003	0.	0.
103434	-0.34554	-1.099e-003	0.	0.
103435	-0.3465	1.0104e-003	0.	0.
103436	-0.345	-6.25e-005	0.	0.
103437	-0.34655	-1.2299e-003	0.	0.
103439	-0.3405	7.4988e-004	0.	0.
103440	-0.339	-1.815e-004	0.	0.
103441	-0.33964	7.5669e-004	0.	0.
103442	-0.33933	-1.3708e-003	0.	0.
103443	-0.34083	-1.3421e-003	0.	0.
103445	-0.33454	-1.3212e-003	0.	0.
103446	-0.333	-3.125e-004	0.	0.
103447	-0.3335	7.5521e-004	0.	0.
103448	-0.33354	-1.3403e-003	0.	0.
103450	-0.32705	-5.8833e-004	0.	0.
103451	-0.3287	2.411e-004	0.	0.
103452	-0.32734	-1.6152e-003	0.	0.
103453	-0.32884	-1.5866e-003	0.	0.
103454	-0.32776	8.9407e-005	0.	0.
103458	-0.34221	7.25e-003	0.	0.
103459	-0.34321	7.2708e-003	0.	0.
103460	-0.34175	6.1875e-003	0.	0.
103461	-0.34229	5.1458e-003	0.	0.
103464	-0.3287	-5.423e-003	0.	0.
103465	-0.32916	-4.3831e-003	0.	0.
103466	-0.32737	-3.3822e-003	0.	0.
103467	-0.32887	-3.3535e-003	0.	0.
103469	-0.33663	-3.3611e-003	0.	0.
103470	-0.33562	-3.3802e-003	0.	0.
103471	-0.33671	-5.4375e-003	0.	0.
103472	-0.33517	-4.4271e-003	0.	0.
103473	-0.33571	-5.454e-003	0.	0.
103476	-0.34116	-4.1732e-003	0.	0.
103477	-0.3407	-5.2236e-003	0.	0.
103478	-0.33937	-3.162e-003	0.	0.
103479	-0.34087	-3.1333e-003	0.	0.
103482	-0.34979	-7.3212e-003	0.	0.
103483	-0.34971	-5.224e-003	0.	0.
103484	-0.34824	-6.1461e-003	0.	0.
103485	-0.34879	-7.3351e-003	0.	0.
103486	-0.34896	-5.2357e-003	0.	0.
103488	-0.34279	-7.4219e-003	0.	0.
103489	-0.34271	-5.3403e-003	0.	0.
103490	-0.34225	-6.3906e-003	0.	0.
103491	-0.3438	-7.5569e-003	0.	0.
103496	-0.32871	-7.5896e-003	0.	0.
103497	-0.32971	-5.5538e-003	0.	0.
103498	-0.33026	-6.7242e-003	0.	0.
103499	-0.32954	-7.6185e-003	0.	0.
103503	-0.35087	-9.401e-003	0.	0.
103504	-0.34933	-8.375e-003	0.	0.
103505	-0.34988	-9.4132e-003	0.	0.
103508	-0.35193	-1.1401e-002	0.	0.
103509	-0.35218	-1.3498e-002	0.	0.
103510	-0.35147	-1.2451e-002	0.	0.
103511	-0.3527	-1.1395e-002	0.	0.
103512	-0.35293	-1.3085e-002	0.	0.
103516	-0.34696	-1.1536e-002	0.	0.
103517	-0.3455	-1.2431e-002	0.	0.
103518	-0.34604	-1.3625e-002	0.	0.
103519	-0.34621	-1.1544e-002	0.	0.
103522	-0.34001	-1.1505e-002	0.	0.
103523	-0.33961	-1.2454e-002	0.	0.
103524	-0.3412	-1.3305e-002	0.	0.
103525	-0.34026	-1.3185e-002	0.	0.
103528	-0.33383	-1.1565e-002	0.	0.
103529	-0.33496	-1.1672e-002	0.	0.
103530	-0.3335	-1.2719e-002	0.	0.
103531	-0.33404	-1.374e-002	0.	0.
103534	-0.34224	-1.9992e-002	0.	0.
103535	-0.34265	-1.9046e-002	0.	0.
103536	-0.34105	-1.8194e-002	0.	0.
103537	-0.34199	-1.8317e-002	0.	0.
103541	-0.34337	-2.1917e-002	0.	0.
103542	-0.34323	-1.9943e-002	0.	0.
103543	-0.34383	-2.0885e-002	0.	0.
103544	-0.34262	-2.1918e-002	0.	0.
103547	-0.33738	-2.1932e-002	0.	0.
103548	-0.33783	-2.0906e-002	0.	0.
103549	-0.33727	-1.9732e-002	0.	0.
103550	-0.33618	-2.0142e-002	0.	0.
103551	-0.33663	-2.1933e-002	0.	0.
103555	0.39256	2.1813e-002	0.	0.
103556	0.39167	2.1818e-002	0.	0.
103557	0.39304	2.2875e-002	0.	0.
103561	0.39456	-2.1938e-002	0.	0.
103562	0.39408	-2.0917e-002	0.	0.
103563	0.39556	-2.1938e-002	0.	0.
103564	0.39547	-2.0151e-002	0.	0.
103565	0.39447	-2.0151e-002	0.	0.
103567	0.33788	1.9792e-002	0.	0.
103568	0.33913	2.1875e-002	0.	0.
103569	0.33812	2.1875e-002	0.	0.
103570	0.33887	1.9792e-002	0.	0.
103571	0.3395	2.0833e-002	0.	0.
103574	0.33851	-1.7689e-002	0.	0.
103575	0.33971	-1.9792e-002	0.	0.
103576	0.33815	-1.8813e-002	0.	0.
103577	0.33879	-1.9792e-002	0.	0.
103580	0.3936	1.9687e-002	0.	0.
103581	0.39465	1.7563e-002	0.	0.
103582	0.3946	1.9687e-002	0.	0.
103583	0.39513	1.8625e-002	0.	0.
103587	-0.30878	1.7093e-002	0.	0.
103588	-0.30824	1.5002e-002	0.	0.
103589	-0.30906	1.5382e-002	0.	0.
103590	-0.30792	1.6827e-002	0.	0.
103591	-0.30923	1.6177e-002	0.	0.
103592	-0.30778	1.5977e-002	0.	0.
103595	0.38761	2.168e-002	0.	0.
103596	0.38633	2.2742e-002	0.	0.
103597	0.38783	2.2739e-002	0.	0.
103598	0.38686	2.1683e-002	0.	0.
103602	0.38162	2.1697e-002	0.	0.
103603	0.38035	2.2753e-002	0.	0.
103604	0.38184	2.275e-002	0.	0.
103605	0.38088	2.1699e-002	0.	0.
103610	0.30883	-2.2486e-002	0.	0.
103611	0.30673	-2.2341e-002	0.	0.
103612	0.30794	-2.2993e-002	0.	0.
103613	0.3075	-2.1647e-002	0.	0.
103614	0.30718	-2.2983e-002	0.	0.
103615	0.30853	-2.1841e-002	0.	0.
103617	0.3067	-1.2338e-002	0.	0.
103618	0.3063	-1.1463e-002	0.	0.
103619	0.30828	-1.1811e-002	0.	0.
103620	0.30825	-1.088e-002	0.	0.
103621	0.30742	-1.0502e-002	0.	0.
103625	0.40757	2.7431e-003	0.	0.
103626	0.40612	3.87e-003	0.	0.
103627	0.40697	4.1348e-003	0.	0.
103628	0.4061	3.0228e-003	0.	0.
103629	0.40686	2.6253e-003	0.	0.
103634	0.38806	-2.1695e-002	0.	0.
103635	0.38848	-2.006e-002	0.	0.
103636	0.38883	-2.0831e-002	0.	0.
103637	0.38734	-2.0826e-002	0.	0.
103638	0.38777	-2.0194e-002	0.	0.
103641	0.38262	-1.9825e-002	0.	0.
103642	0.38213	-2.1611e-002	0.	0.
103643	0.3829	-2.0751e-002	0.	0.
103644	0.3814	-2.0746e-002	0.	0.
103645	0.38187	-1.9795e-002	0.	0.
103648	0.38261	1.9866e-002	0.	0.
103649	0.38314	1.7917e-002	0.	0.
103650	0.38335	1.9863e-002	0.	0.
103651	0.38388	1.8807e-002	0.	0.
103652	0.38239	1.8815e-002	0.	0.
103655	0.38856	1.9821e-002	0.	0.
103656	0.38943	1.8053e-002	0.	0.
103657	0.38931	1.9818e-002	0.	0.
103658	0.38981	1.8863e-002	0.	0.
103659	0.38828	1.8874e-002	0.	0.
103660	0.38871	1.8207e-002	0.	0.
103664	0.38347	-1.8243e-002	0.	0.
103665	0.38333	-1.9965e-002	0.	0.
103666	0.38381	-1.9032e-002	0.	0.
103667	0.3823	-1.9009e-002	0.	0.
103668	0.38274	-1.8382e-002	0.	0.
103672	0.32425	8.3253e-003	0.	0.
103673	0.32519	6.3281e-003	0.	0.
103674	0.32374	7.2923e-003	0.	0.
103675	0.32558	7.4039e-003	0.	0.
103676	0.3243	6.6196e-003	0.	0.
103677	0.32507	7.9823e-003	0.	0.
103679	-0.42154	1.0084e-002	0.	0.
103680	-0.42275	8.7539e-003	0.	0.
103681	-0.42114	8.9883e-003	0.	0.
103682	-0.42275	9.7539e-003	0.	0.
103683	-0.42197	8.482e-003	0.	0.
103687	0.40975	-6.9001e-004	0.	0.
103688	0.41054	-7.5665e-004	0.	0.
103689	0.41119	4.5104e-005	0.	0.
103690	0.41094	9.9254e-004	0.	0.
103691	0.40954	3.5074e-004	0.	0.
103692	0.41007	1.2338e-003	0.	0.
103696	0.40389	-1.138e-003	0.	0.
103697	0.40344	3.5938e-004	0.	0.
103698	0.4041	8.9063e-004	0.	0.
103699	0.405	5.2344e-004	0.	0.
103700	0.40521	-3.3603e-004	0.	0.
103701	0.40366	-2.8963e-004	0.	0.
103702	0.40462	-1.1254e-003	0.	0.
103707	0.31874	1.9037e-004	0.	0.
103708	0.32082	-5.2878e-004	0.	0.
103709	0.31911	7.6809e-004	0.	0.
103710	0.31983	6.479e-004	0.	0.
103711	0.31992	-8.3868e-004	0.	0.
103712	0.31895	-4.7858e-004	0.	0.
103716	0.32184	-6.3906e-003	0.	0.
103717	0.31984	-5.6484e-003	0.	0.
103718	0.3207	-5.3281e-003	0.	0.
103719	0.32092	-6.7969e-003	0.	0.
103720	0.31992	-6.3711e-003	0.	0.
103721	0.32155	-5.6703e-003	0.	0.
103725	0.31342	-8.0781e-003	0.	0.
103726	0.31144	-8.8739e-003	0.	0.
103727	0.31145	-7.9715e-003	0.	0.
103728	0.31276	-8.8594e-003	0.	0.
103729	0.31209	-9.0804e-003	0.	0.
103730	0.31251	-7.559e-003	0.	0.
103733	0.37516	-1.3447e-002	0.	0.
103734	0.37501	-1.1492e-002	0.	0.
103735	0.37423	-1.3551e-002	0.	0.
103736	0.37363	-1.3105e-002	0.	0.
103737	0.37374	-1.2397e-002	0.	0.
103738	0.37524	-1.2404e-002	0.	0.
103739	0.37427	-1.1483e-002	0.	0.
103742	0.3803	-1.3413e-002	0.	0.
103743	0.38074	-1.1813e-002	0.	0.
103744	0.37963	-1.2517e-002	0.	0.
103745	0.38103	-1.2582e-002	0.	0.
103746	0.38009	-1.1896e-002	0.	0.
103748	0.38639	-1.1856e-002	0.	0.
103749	0.38596	-1.3504e-002	0.	0.
103750	0.38561	-1.2725e-002	0.	0.
103751	0.3871	-1.2741e-002	0.	0.
103752	0.38666	-1.3364e-002	0.	0.
103755	0.39286	-1.1455e-002	0.	0.
103756	0.3923	-1.3335e-002	0.	0.
103757	0.39159	-1.2471e-002	0.	0.
103758	0.39308	-1.2487e-002	0.	0.
103759	0.39212	-1.1446e-002	0.	0.
103762	0.3854	1.1111e-002	0.	0.
103763	0.38625	1.2937e-002	0.	0.
103764	0.38633	1.0735e-002	0.	0.
103765	0.3868	1.1261e-002	0.	0.
103766	0.38558	1.2197e-002	0.	0.
103767	0.38702	1.2048e-002	0.	0.
103771	0.39286	1.1102e-002	0.	0.
103772	0.39199	1.2871e-002	0.	0.
103773	0.39165	1.207e-002	0.	0.
103774	0.39316	1.2047e-002	0.	0.
103775	0.39212	1.1111e-002	0.	0.
103776	0.39271	1.2716e-002	0.	0.
103778	0.37507	1.1294e-002	0.	0.
103779	0.37464	1.3212e-002	0.	0.
103780	0.37378	1.2346e-002	0.	0.
103781	0.37527	1.233e-002	0.	0.
103782	0.37433	1.1303e-002	0.	0.
103786	-0.30904	1.9395e-002	0.	0.
103787	-0.30986	1.8869e-002	0.	0.
103788	-0.30819	1.7902e-002	0.	0.
103789	-0.3095	1.7252e-002	0.	0.
103790	-0.30838	1.8788e-002	0.	0.
103791	-0.3098	1.8007e-002	0.	0.
103794	0.37624	9.3343e-003	0.	0.
103795	0.37575	1.1417e-002	0.	0.
103796	0.37638	1.0476e-002	0.	0.
103797	0.37481	1.0389e-002	0.	0.
103798	0.37535	9.3464e-003	0.	0.
103800	0.39385	9.1016e-003	0.	0.
103801	0.39362	1.1106e-002	0.	0.
103802	0.39259	1.0171e-002	0.	0.
103803	0.39407	1.0152e-002	0.	0.
103804	0.39311	9.112e-003	0.	0.
103807	-0.30742	2.1262e-002	0.	0.
103808	-0.30958	2.1668e-002	0.	0.
103809	-0.3084	2.1762e-002	0.	0.
103810	-0.30985	2.0096e-002	0.	0.
103811	-0.30837	2.0015e-002	0.	0.
103814	0.3938	-9.7546e-003	0.	0.
103815	0.3947	-8.0435e-003	0.	0.
103816	0.39454	-9.7637e-003	0.	0.
103817	0.39508	-8.8215e-003	0.	0.
103818	0.39358	-8.7207e-003	0.	0.
103819	0.39401	-8.1214e-003	0.	0.
103823	0.37703	-7.2958e-003	0.	0.
103824	0.37609	-9.4141e-003	0.	0.
103825	0.37683	-9.4232e-003	0.	0.
103826	0.37589	-8.3646e-003	0.	0.
103827	0.37736	-8.3854e-003	0.	0.
103828	0.37638	-7.4411e-003	0.	0.
103831	0.32713	1.2234e-002	0.	0.
103832	0.32754	1.3805e-002	0.	0.
103833	0.32569	1.2578e-002	0.	0.
103834	0.32667	1.4087e-002	0.	0.
103837	0.39044	7.0767e-003	0.	0.
103838	0.39015	5.0764e-003	0.	0.
103839	0.3897	7.4397e-003	0.	0.
103840	0.38911	6.9216e-003	0.	0.
103841	0.38888	6.1428e-003	0.	0.
103842	0.39042	5.9958e-003	0.	0.
103843	0.38941	5.0894e-003	0.	0.
103845	0.39479	6.866e-003	0.	0.
103846	0.3945	4.8605e-003	0.	0.
103847	0.39523	4.495e-003	0.	0.
103848	0.39582	5.0127e-003	0.	0.
103849	0.39553	6.8556e-003	0.	0.
103850	0.39452	5.9421e-003	0.	0.
103851	0.39612	5.8674e-003	0.	0.
103853	0.3842	4.8196e-003	0.	0.
103854	0.38363	6.7537e-003	0.	0.
103855	0.38441	5.8574e-003	0.	0.
103856	0.38301	5.7924e-003	0.	0.
103857	0.38346	4.8326e-003	0.	0.
103861	0.37729	7.3751e-003	0.	0.
103862	0.37864	6.8389e-003	0.	0.
103863	0.37769	5.4671e-003	0.	0.
103864	0.37826	7.717e-003	0.	0.
103865	0.37832	6.2342e-003	0.	0.
103866	0.37694	6.3441e-003	0.	0.
103869	0.3774	-5.0513e-003	0.	0.
103870	0.37806	-5.5187e-003	0.	0.
103871	0.37673	-5.7183e-003	0.	0.
103872	0.37777	-7.3062e-003	0.	0.
103873	0.37678	-6.3619e-003	0.	0.
103874	0.3783	-6.2685e-003	0.	0.
103878	0.3842	-5.2394e-003	0.	0.
103879	0.38331	-6.9639e-003	0.	0.
103880	0.38298	-6.1628e-003	0.	0.
103881	0.38448	-6.179e-003	0.	0.
103882	0.38347	-5.2264e-003	0.	0.
103883	0.38403	-6.828e-003	0.	0.
103885	-0.30702	-2.2423e-002	0.	0.
103886	-0.30798	-2.1119e-002	0.	0.
103887	-0.30896	-2.1751e-002	0.	0.
103888	-0.30889	-2.2761e-002	0.	0.
103889	-0.3072	-2.1468e-002	0.	0.
103890	-0.30796	-2.2859e-002	0.	0.
103894	0.38972	-5.3002e-003	0.	0.
103895	0.3911	-3.3984e-003	0.	0.
103896	0.39066	-5.4648e-003	0.	0.
103897	0.38988	-4.1764e-003	0.	0.
103898	0.39131	-4.4401e-003	0.	0.
103899	0.39037	-3.3841e-003	0.	0.
103902	0.38521	-3.2891e-003	0.	0.
103903	0.38496	-5.2625e-003	0.	0.
103904	0.38541	-4.3359e-003	0.	0.
103905	0.38394	-4.3099e-003	0.	0.
103906	0.38448	-3.2747e-003	0.	0.
103910	0.38628	8.6198e-004	0.	0.
103911	0.38521	2.9609e-003	0.	0.
103912	0.38595	2.9479e-003	0.	0.
103913	0.38501	1.9258e-003	0.	0.
103914	0.38648	1.8971e-003	0.	0.
103915	0.38554	8.776e-004	0.	0.
103919	0.39216	7.4219e-004	0.	0.
103920	0.3911	2.8516e-003	0.	0.
103921	0.39184	2.8385e-003	0.	0.
103922	0.39237	1.7826e-003	0.	0.
103923	0.39089	1.8112e-003	0.	0.
103924	0.39142	7.5781e-004	0.	0.
103927	0.39216	-1.3411e-003	0.	0.
103928	0.39289	-1.3555e-003	0.	0.
103929	0.39289	7.2786e-004	0.	0.
103930	0.39195	-2.9688e-004	0.	0.
103931	0.39342	-3.2813e-004	0.	0.
103933	0.39957	8.8409e-004	0.	0.
103934	0.39854	-9.0583e-004	0.	0.
103935	0.39871	1.164e-003	0.	0.
103936	0.39811	6.5395e-004	0.	0.
103937	0.39789	-1.3154e-004	0.	0.
103938	0.39936	-1.6279e-004	0.	0.
103941	0.38628	-1.2214e-003	0.	0.
103942	0.38701	-1.2357e-003	0.	0.
103943	0.38701	8.4766e-004	0.	0.
103944	0.38608	-1.7188e-004	0.	0.
103945	0.38755	-2.0313e-004	0.	0.
103949	-0.42106	-2.2802e-002	0.	0.
103950	-0.42271	-2.2076e-002	0.	0.
103951	-0.42265	-2.2997e-002	0.	0.
103952	-0.42168	-2.1711e-002	0.	0.
103954	0.41866	2.1967e-002	0.	0.
103955	0.42043	2.1273e-002	0.	0.
103956	0.41907	2.2801e-002	0.	0.
103957	0.42076	2.2268e-002	0.	0.
103958	0.42013	2.2937e-002	0.	0.
103962	-0.30752	6.2992e-003	0.	0.
103963	-0.30652	7.1393e-003	0.	0.
103964	-0.30778	8.4727e-003	0.	0.
103965	-0.30816	7.0535e-003	0.	0.
103966	-0.30698	8.0224e-003	0.	0.
103969	0.42193	-1.471e-002	0.	0.
103970	0.42125	-1.6364e-002	0.	0.
103971	0.42288	-1.5123e-002	0.	0.
103972	0.42227	-1.6772e-002	0.	0.
103973	0.42297	-1.6168e-002	0.	0.
103975	-0.401	-1.3661e-002	0.	0.
103976	-0.40009	-1.4481e-002	0.	0.
103977	-0.4004	-1.5216e-002	0.	0.
103978	-0.40109	-1.5354e-002	0.	0.
103979	-0.40171	-1.4545e-002	0.	0.
103982	-0.38359	1.4474e-002	0.	0.
103983	-0.38461	1.3433e-002	0.	0.
103984	-0.38519	1.5074e-002	0.	0.
103985	-0.38524	1.4153e-002	0.	0.
103986	-0.38444	1.566e-002	0.	0.
103990	-0.32072	2.1661e-002	0.	0.
103991	-0.32145	2.1699e-002	0.	0.
103992	-0.3219	2.2762e-002	0.	0.
103993	-0.32042	2.2781e-002	0.	0.
103996	-0.41988	-6.8255e-003	0.	0.
103997	-0.42163	-6.1637e-003	0.	0.
103998	-0.41972	-6.0764e-003	0.	0.
103999	-0.42078	-6.9412e-003	0.	0.
104000	-0.42072	-5.4826e-003	0.	0.
104003	0.35432	-1.2744e-002	0.	0.
104004	0.35535	-1.2386e-002	0.	0.
104005	0.35383	-1.1106e-002	0.	0.
104006	0.35527	-1.0561e-002	0.	0.
104007	0.35446	-1.0621e-002	0.	0.
104008	0.35562	-1.1475e-002	0.	0.
104011	0.34916	1.1719e-002	0.	0.
104012	0.34726	1.1198e-002	0.	0.
104013	0.34861	1.0677e-002	0.	0.
104014	0.34766	1.222e-002	0.	0.
104015	0.34856	1.2332e-002	0.	0.
104016	0.34782	1.068e-002	0.	0.
104018	0.36946	-1.1162e-002	0.	0.
104019	0.36846	-1.2631e-002	0.	0.
104020	0.36793	-1.185e-002	0.	0.
104021	0.36841	-1.0945e-002	0.	0.
104022	0.36928	-1.2371e-002	0.	0.
104025	-0.38681	-1.7166e-002	0.	0.
104026	-0.38668	-1.4822e-002	0.	0.
104027	-0.38779	-1.4693e-002	0.	0.
104028	-0.38766	-1.6413e-002	0.	0.
104029	-0.38806	-1.5733e-002	0.	0.
104030	-0.38656	-1.5593e-002	0.	0.
104035	-0.30314	-3.5501e-003	0.	0.
104036	-0.30354	-1.7617e-003	0.	0.
104037	-0.30215	-3.2607e-003	0.	0.
104038	-0.30367	-2.7929e-003	0.	0.
104039	-0.30208	-2.2775e-003	0.	0.
104041	-0.4025	1.0375e-002	0.	0.
104042	-0.4036	9.3021e-003	0.	0.
104043	-0.40357	1.1361e-002	0.	0.
104044	-0.40432	1.0365e-002	0.	0.
104048	0.40747	-4.8385e-003	0.	0.
104049	0.4086	-2.6699e-003	0.	0.
104050	0.40788	-2.6693e-003	0.	0.
104051	0.4088	-3.7102e-003	0.	0.
104052	0.40732	-3.7812e-003	0.	0.
104053	0.40818	-4.7839e-003	0.	0.
104057	-0.39105	9.375e-003	0.	0.
104058	-0.38996	1.0417e-002	0.	0.
104059	-0.39096	1.1458e-002	0.	0.
104060	-0.39179	1.0417e-002	0.	0.
104063	0.41731	-1.3314e-002	0.	0.
104064	0.41726	-1.5319e-002	0.	0.
104065	0.41603	-1.5206e-002	0.	0.
104066	0.41775	-1.3933e-002	0.	0.
104067	0.41614	-1.422e-002	0.	0.
104068	0.41657	-1.3574e-002	0.	0.
104072	0.41582	-9.1276e-003	0.	0.
104073	0.41557	-1.0395e-002	0.	0.
104074	0.41419	-9.1237e-003	0.	0.
104075	0.4144	-1.0509e-002	0.	0.
104079	-0.33733	3.1874e-003	0.	0.
104080	-0.33785	1.2417e-003	0.	0.
104081	-0.33848	2.1798e-003	0.	0.
104082	-0.33807	3.201e-003	0.	0.
104083	-0.33711	2.1288e-003	0.	0.
104085	-0.33068	6.8593e-003	0.	0.
104086	-0.33112	4.9091e-003	0.	0.
104087	-0.33032	4.5453e-003	0.	0.
104088	-0.32974	5.0687e-003	0.	0.
104089	-0.32951	5.8578e-003	0.	0.
104090	-0.33102	6.0011e-003	0.	0.
104091	-0.32994	6.6618e-003	0.	0.
104094	-0.33646	7.0018e-003	0.	0.
104095	-0.33639	5.0326e-003	0.	0.
104096	-0.33566	5.0202e-003	0.	0.
104097	-0.33563	6.9952e-003	0.	0.
104098	-0.33516	6.0664e-003	0.	0.
104099	-0.33662	5.9534e-003	0.	0.
104102	-0.3033	-1.8332e-002	0.	0.
104103	-0.30228	-1.964e-002	0.	0.
104104	-0.30185	-1.8141e-002	0.	0.
104105	-0.30256	-1.7866e-002	0.	0.
104107	-0.30211	4.8767e-003	0.	0.
104108	-0.30225	3.2146e-003	0.	0.
104109	-0.30321	4.682e-003	0.	0.
104110	-0.3032	3.7807e-003	0.	0.
104114	-0.30774	3.9699e-003	0.	0.
104115	-0.30787	1.7866e-003	0.	0.
104116	-0.30735	2.4114e-003	0.	0.
104117	-0.30728	3.2129e-003	0.	0.
104118	-0.30855	3.6206e-003	0.	0.
104119	-0.30864	2.4882e-003	0.	0.
104121	-0.37488	-1.5625e-002	0.	0.
104122	-0.37375	-1.6667e-002	0.	0.
104123	-0.37473	-1.7708e-002	0.	0.
104124	-0.37559	-1.6667e-002	0.	0.
104130	0.31602	-3.8887e-003	0.	0.
104131	0.31788	-4.8203e-003	0.	0.
104132	0.31601	-5.121e-003	0.	0.
104133	0.3178	-4.0977e-003	0.	0.
104134	0.31709	-5.1552e-003	0.	0.
104135	0.31697	-3.7445e-003	0.	0.
104138	0.40067	-7.3121e-003	0.	0.
104139	0.40174	-5.3854e-003	0.	0.
104140	0.40103	-5.4401e-003	0.	0.
104141	0.40055	-6.3317e-003	0.	0.
104142	0.40198	-6.227e-003	0.	0.
104148	0.40632	-7.1354e-003	0.	0.
104149	0.40676	-4.9115e-003	0.	0.
104150	0.40703	-7.0807e-003	0.	0.
104151	0.4062	-6.0234e-003	0.	0.
104152	0.40762	-5.9141e-003	0.	0.
104154	0.30711	-5.4563e-003	0.	0.
104155	0.30858	-4.224e-003	0.	0.
104156	0.30685	-4.4005e-003	0.	0.
104157	0.30876	-5.3027e-003	0.	0.
104158	0.30778	-3.9649e-003	0.	0.
104159	0.30789	-5.619e-003	0.	0.
104163	-0.3959	-2.9831e-003	0.	0.
104164	-0.39414	-3.2582e-003	0.	0.
104165	-0.39464	-2.3438e-003	0.	0.
104166	-0.39539	-3.9063e-003	0.	0.
104167	-0.39566	-2.2135e-003	0.	0.
104168	-0.39439	-4.0365e-003	0.	0.
104170	0.35397	-2.1907e-002	0.	0.
104171	0.35494	-2.1789e-002	0.	0.
104172	0.35541	-2.2785e-002	0.	0.
104176	-0.35143	1.1604e-002	0.	0.
104177	-0.35135	1.3446e-002	0.	0.
104178	-0.35063	1.25e-002	0.	0.
104179	-0.35214	1.3129e-002	0.	0.
104182	-0.38695	8.1206e-003	0.	0.
104183	-0.38613	6.4498e-003	0.	0.
104184	-0.38581	7.5334e-003	0.	0.
104185	-0.38713	6.3196e-003	0.	0.
104189	-0.33148	-1.7474e-002	0.	0.
104190	-0.33119	-1.8607e-002	0.	0.
104191	-0.32984	-1.8161e-002	0.	0.
104192	-0.33038	-1.7182e-002	0.	0.
104195	0.30504	2.1161e-002	0.	0.
104196	0.30471	2.2401e-002	0.	0.
104197	0.30678	2.235e-002	0.	0.
104198	0.30619	2.2974e-002	0.	0.
104201	0.30851	1.6155e-002	0.	0.
104202	0.30825	1.7117e-002	0.	0.
104203	0.30639	1.7472e-002	0.	0.
104204	0.30761	1.766e-002	0.	0.
104205	0.30678	1.5925e-002	0.	0.
104208	-0.31066	-1.1954e-002	0.	0.
104209	-0.30854	-1.0856e-002	0.	0.
104210	-0.31018	-1.1115e-002	0.	0.
104211	-0.30842	-1.1839e-002	0.	0.
104212	-0.30918	-1.2234e-002	0.	0.
104215	0.32418	-8.6523e-003	0.	0.
104216	0.32569	-7.8671e-003	0.	0.
104217	0.32374	-7.1484e-003	0.	0.
104218	0.32533	-6.6744e-003	0.	0.
104219	0.32377	-7.8588e-003	0.	0.
104221	0.40099	-9.3902e-003	0.	0.
104222	0.3996	-9.4266e-003	0.	0.
104223	0.4	-7.2375e-003	0.	0.
104227	0.37882	1.5429e-002	0.	0.
104228	0.37804	1.4341e-002	0.	0.
104229	0.38	1.4236e-002	0.	0.
104230	0.37911	1.3234e-002	0.	0.
104234	-0.41976	-2.2133e-002	0.	0.
104235	-0.41874	-2.211e-002	0.	0.
104236	-0.41894	-2.0399e-002	0.	0.
104237	-0.41849	-2.1241e-002	0.	0.
104238	-0.42038	-2.1042e-002	0.	0.
104241	-0.31416	1.8067e-002	0.	0.
104242	-0.31417	2.0172e-002	0.	0.
104243	-0.31538	1.908e-002	0.	0.
104244	-0.31363	1.8679e-002	0.	0.
104245	-0.31498	1.9789e-002	0.	0.
104246	-0.31493	1.8319e-002	0.	0.
104247	-0.3135	1.9395e-002	0.	0.
104251	-0.33836	8.0878e-003	0.	0.
104252	-0.33732	8.8677e-003	0.	0.
104253	-0.33621	7.9189e-003	0.	0.
104254	-0.3372	6.8771e-003	0.	0.
104257	0.32297	-1.3353e-003	0.	0.
104258	0.3251	-1.6952e-003	0.	0.
104259	0.32456	-2.5958e-003	0.	0.
104260	0.32304	-2.0527e-003	0.	0.
104261	0.32375	-2.5009e-003	0.	0.
104265	-0.31316	1.3815e-002	0.	0.
104266	-0.31365	1.5957e-002	0.	0.
104267	-0.31445	1.5103e-002	0.	0.
104268	-0.31232	1.4743e-002	0.	0.
104272	-0.3194	1.9879e-002	0.	0.
104273	-0.32041	1.9711e-002	0.	0.
104274	-0.32099	2.0637e-002	0.	0.
104275	-0.31996	2.1718e-002	0.	0.
104276	-0.31948	2.0863e-002	0.	0.
104279	0.31015	-1.4566e-002	0.	0.
104280	0.31111	-1.4495e-002	0.	0.
104281	0.30994	-1.2855e-002	0.	0.
104285	0.30932	-1.6504e-002	0.	0.
104286	0.30968	-1.8083e-002	0.	0.
104287	0.30827	-1.682e-002	0.	0.
104288	0.30841	-1.7804e-002	0.	0.
104290	-0.33238	1.1684e-002	0.	0.
104291	-0.33172	9.0633e-003	0.	0.
104292	-0.33321	9.1646e-003	0.	0.
104293	-0.33321	1.1005e-002	0.	0.
104294	-0.33246	9.024e-003	0.	0.
104299	-0.32264	1.2967e-002	0.	0.
104300	-0.32154	1.4228e-002	0.	0.
104301	-0.3219	1.3398e-002	0.	0.
104302	-0.32304	1.4949e-002	0.	0.
104305	-0.40771	1.365e-002	0.	0.
104306	-0.40961	1.2838e-002	0.	0.
104307	-0.40862	1.1216e-002	0.	0.
104308	-0.40925	1.1954e-002	0.	0.
104312	0.40327	1.3312e-002	0.	0.
104313	0.40209	1.5438e-002	0.	0.
104314	0.40136	1.4398e-002	0.	0.
104315	0.40343	1.4278e-002	0.	0.
104316	0.40249	1.3164e-002	0.	0.
104319	0.40215	2.1813e-002	0.	0.
104320	0.40129	2.2875e-002	0.	0.
104321	0.40353	2.296e-002	0.	0.
104325	0.41216	2.1992e-002	0.	0.
104326	0.41288	2.3016e-002	0.	0.
104327	0.41141	2.2187e-002	0.	0.
104328	0.41093	2.2975e-002	0.	0.
104332	-0.42189	-1.1988e-002	0.	0.
104333	-0.42293	-1.3605e-002	0.	0.
104334	-0.42283	-1.1181e-002	0.	0.
104335	-0.42169	-1.2811e-002	0.	0.
104338	-0.41506	-2.145e-002	0.	0.
104339	-0.41328	-1.97e-002	0.	0.
104340	-0.41388	-2.1578e-002	0.	0.
104341	-0.4149	-1.9377e-002	0.	0.
104342	-0.41406	-1.9402e-002	0.	0.
104344	-0.32573	1.9426e-002	0.	0.
104345	-0.32465	2.0826e-002	0.	0.
104346	-0.32611	2.1979e-002	0.	0.
104347	-0.32503	2.0029e-002	0.	0.
104353	0.30323	-1.0084e-002	0.	0.
104354	0.30329	-8.9944e-003	0.	0.
104355	0.30473	-1.067e-002	0.	0.
104356	0.30505	-9.3811e-003	0.	0.
104357	0.30392	-1.0479e-002	0.	0.
104360	-0.39749	1.5528e-002	0.	0.
104361	-0.39918	1.7577e-002	0.	0.
104362	-0.39939	1.5494e-002	0.	0.
104363	-0.39847	1.5351e-002	0.	0.
104367	0.39822	1.1366e-002	0.	0.
104368	0.39955	9.2147e-003	0.	0.
104369	0.39845	9.2531e-003	0.	0.
104370	0.39904	1.1593e-002	0.	0.
104375	0.31191	-1.6163e-003	0.	0.
104376	0.31406	-3.0606e-003	0.	0.
104377	0.31392	-1.922e-003	0.	0.
104378	0.31192	-2.6667e-003	0.	0.
104381	0.31197	2.3649e-003	0.	0.
104382	0.3121	3.6305e-003	0.	0.
104383	0.31391	3.5993e-003	0.	0.
104384	0.3136	2.5601e-003	0.	0.
104388	0.40299	-1.388e-002	0.	0.
104389	0.40406	-1.1638e-002	0.	0.
104390	0.40268	-1.1656e-002	0.	0.
104391	0.40431	-1.3771e-002	0.	0.
104396	0.39854	-1.1693e-002	0.	0.
104397	0.39742	-1.1733e-002	0.	0.
104398	0.39726	-1.3713e-002	0.	0.
104399	0.39828	-1.3828e-002	0.	0.
104402	0.4006	6.9375e-003	0.	0.
104403	0.40198	6.9375e-003	0.	0.
104404	0.40119	4.8125e-003	0.	0.
104406	0.3344	-2.1721e-002	0.	0.
104407	0.3356	-2.1717e-002	0.	0.
104408	0.33552	-2.3283e-002	0.	0.
104409	0.33452	-2.3283e-002	0.	0.
104415	-0.39704	-1.311e-002	0.	0.
104416	-0.39599	-1.2625e-002	0.	0.
104417	-0.39643	-1.106e-002	0.	0.
104418	-0.39594	-1.1799e-002	0.	0.
104421	0.34744	2.1354e-002	0.	0.
104422	0.34916	2.1997e-002	0.	0.
104423	0.34866	2.1094e-002	0.	0.
104424	0.34808	2.2739e-002	0.	0.
104425	0.34892	2.2786e-002	0.	0.
104427	0.34128	9.9675e-003	0.	0.
104428	0.34278	8.9258e-003	0.	0.
104429	0.34255	1.0488e-002	0.	0.
104430	0.34161	8.6654e-003	0.	0.
104434	-0.35254	2.1354e-002	0.	0.
104435	-0.35084	2.1997e-002	0.	0.
104436	-0.35134	2.1094e-002	0.	0.
104437	-0.35192	2.2739e-002	0.	0.
104438	-0.35108	2.2786e-002	0.	0.
104441	0.41547	-2.0799e-002	0.	0.
104442	0.41435	-1.9098e-002	0.	0.
104443	0.41385	-2.0194e-002	0.	0.
104444	0.41574	-1.9795e-002	0.	0.
104447	0.31684	-2.1698e-002	0.	0.
104448	0.31561	-2.1748e-002	0.	0.
104449	0.31566	-1.9619e-002	0.	0.
104450	0.31655	-1.99e-002	0.	0.
104453	0.31693	2.1788e-002	0.	0.
104454	0.31569	2.1848e-002	0.	0.
104455	0.31613	1.9971e-002	0.	0.
104459	0.32053	1.3781e-002	0.	0.
104460	0.31922	1.5344e-002	0.	0.
104461	0.3187	1.416e-002	0.	0.
104462	0.32116	1.5e-002	0.	0.
104465	0.32053	-1.3781e-002	0.	0.
104466	0.31922	-1.5344e-002	0.	0.
104467	0.31869	-1.4119e-002	0.	0.
104468	0.32116	-1.5e-002	0.	0.
104472	0.31802	1.6973e-002	0.	0.
104473	0.31852	1.8077e-002	0.	0.
104474	0.31635	1.7618e-002	0.	0.
104475	0.31688	1.845e-002	0.	0.
104477	0.31785	-1.6802e-002	0.	0.
104478	0.31819	-1.795e-002	0.	0.
104479	0.31618	-1.7153e-002	0.	0.
104480	0.31633	-1.8026e-002	0.	0.
104481	0.31721	-1.8308e-002	0.	0.
104485	0.32436	1.757e-002	0.	0.
104486	0.32372	1.5875e-002	0.	0.
104487	0.32585	1.565e-002	0.	0.
104488	0.32388	1.6781e-002	0.	0.
104492	0.32416	1.9872e-002	0.	0.
104493	0.32267	1.8801e-002	0.	0.
104494	0.32323	1.8039e-002	0.	0.
104497	0.32316	1.0403e-002	0.	0.
104498	0.32362	1.1703e-002	0.	0.
104499	0.32184	1.2219e-002	0.	0.
104500	0.32112	1.1048e-002	0.	0.
104504	0.32311	-1.0582e-002	0.	0.
104505	0.32362	-1.1703e-002	0.	0.
104506	0.32184	-1.2219e-002	0.	0.
104507	0.32122	-1.1e-002	0.	0.
104510	0.3242	-1.7571e-002	0.	0.
104511	0.32612	-1.6377e-002	0.	0.
104512	0.32533	-1.5342e-002	0.	0.
104513	0.32353	-1.5902e-002	0.	0.
104514	0.32368	-1.6783e-002	0.	0.
104518	0.32429	-1.9622e-002	0.	0.
104519	0.32277	-1.8771e-002	0.	0.
104520	0.32326	-1.7988e-002	0.	0.
104525	-0.31455	-2.2661e-002	0.	0.
104526	-0.31256	-2.2863e-002	0.	0.
104527	-0.31395	-2.1852e-002	0.	0.
104530	0.3306	5.2083e-003	0.	0.
104531	0.33084	6.3145e-003	0.	0.
104534	-0.39959	8.4077e-003	0.	0.
104535	-0.39994	6.7635e-003	0.	0.
104536	-0.39834	7.5807e-003	0.	0.
104537	-0.39888	6.7221e-003	0.	0.
104538	-0.39887	8.1318e-003	0.	0.
104540	0.41975	1.7229e-002	0.	0.
104541	0.41972	1.5865e-002	0.	0.
104542	0.41778	1.7552e-002	0.	0.
104543	0.41797	1.601e-002	0.	0.
104545	0.40991	-1.2944e-002	0.	0.
104546	0.4081	-1.3912e-002	0.	0.
104547	0.40953	-1.2014e-002	0.	0.
104550	-0.40309	2.2945e-002	0.	0.
104551	-0.40449	2.2162e-002	0.	0.
104552	-0.40365	2.1951e-002	0.	0.
104553	-0.40502	2.2972e-002	0.	0.
104558	0.33416	2.1896e-002	0.	0.
104559	0.33334	2.2938e-002	0.	0.
104560	0.3353	2.3077e-002	0.	0.
104564	0.34587	-2.1875e-002	0.	0.
104565	0.34625	-2.0833e-002	0.	0.
104566	0.34467	-2.0708e-002	0.	0.
104567	0.34569	-1.9911e-002	0.	0.
104571	0.39403	-1.7402e-002	0.	0.
104572	0.39538	-1.8678e-002	0.	0.
104573	0.39438	-1.8678e-002	0.	0.
104574	0.39516	-1.7147e-002	0.	0.
104575	0.39562	-1.7944e-002	0.	0.
104578	-0.41643	3.5304e-003	0.	0.
104579	-0.4175	2.9583e-003	0.	0.
104580	-0.41652	1.5197e-003	0.	0.
104581	-0.41535	2.127e-003	0.	0.
104585	-0.39428	1.9903e-002	0.	0.
104586	-0.39285	2.1875e-002	0.	0.
104587	-0.39471	2.1875e-002	0.	0.
104588	-0.39378	2.1875e-002	0.	0.
104591	-0.39339	1.4931e-002	0.	0.
104592	-0.39224	1.4871e-002	0.	0.
104593	-0.39199	1.6433e-002	0.	0.
104594	-0.39321	1.6463e-002	0.	0.
104595	-0.39367	1.5707e-002	0.	0.
104598	-0.41826	1.7062e-002	0.	0.
104599	-0.42003	1.7735e-002	0.	0.
104600	-0.41782	1.8228e-002	0.	0.
104601	-0.4193	1.7152e-002	0.	0.
104604	-0.34932	-1.565e-002	0.	0.
104605	-0.35081	-1.4612e-002	0.	0.
104606	-0.3501	-1.3565e-002	0.	0.
104607	-0.3502	-1.5507e-002	0.	0.
104611	-0.32757	1.1317e-002	0.	0.
104612	-0.32629	8.9932e-003	0.	0.
104613	-0.32745	9.1107e-003	0.	0.
104614	-0.32668	1.117e-002	0.	0.
104618	0.30525	9.1563e-003	0.	0.
104619	0.30303	1.0132e-002	0.	0.
104620	0.30315	9.0612e-003	0.	0.
104623	0.31041	2.1766e-002	0.	0.
104624	0.31088	2.2979e-002	0.	0.
104625	0.30875	2.2637e-002	0.	0.
104626	0.30893	2.3308e-002	0.	0.
104630	0.40518	-9.4141e-003	0.	0.
104631	0.40645	-8.2474e-003	0.	0.
104632	0.40561	-7.1901e-003	0.	0.
104636	-0.39681	1.3575e-002	0.	0.
104637	-0.39523	1.4417e-002	0.	0.
104638	-0.39742	1.4474e-002	0.	0.
104639	-0.39551	1.5193e-002	0.	0.
104643	0.36515	2.1875e-002	0.	0.
104644	0.36398	1.9875e-002	0.	0.
104645	0.36345	2.0685e-002	0.	0.
104646	0.36425	2.2022e-002	0.	0.
104648	0.41105	4.1199e-003	0.	0.
104649	0.41118	2.5153e-003	0.	0.
104650	0.41162	3.2995e-003	0.	0.
104651	0.41032	2.7565e-003	0.	0.
104654	-0.30407	1.2038e-002	0.	0.
104655	-0.30521	1.1685e-002	0.	0.
104656	-0.30322	1.0234e-002	0.	0.
104659	0.42086	1.642e-002	0.	0.
104660	0.42192	1.8089e-002	0.	0.
104661	0.42091	1.903e-002	0.	0.
104664	-0.34195	-1.5868e-002	0.	0.
104665	-0.34031	-1.5605e-002	0.	0.
104666	-0.34147	-1.4961e-002	0.	0.
104667	-0.34078	-1.6516e-002	0.	0.
104668	-0.34053	-1.4841e-002	0.	0.
104669	-0.34172	-1.6639e-002	0.	0.
104673	0.32773	-1.1129e-002	0.	0.
104674	0.3293	-9.1778e-003	0.	0.
104675	0.32757	-9.0452e-003	0.	0.
104676	0.32848	-8.9438e-003	0.	0.
104681	-0.3071	1.3248e-002	0.	0.
104682	-0.30815	1.2746e-002	0.	0.
104683	-0.30879	1.4366e-002	0.	0.
104684	-0.30751	1.4962e-002	0.	0.
104689	0.38879	-1.8086e-002	0.	0.
104690	0.39049	-1.7706e-002	0.	0.
104691	0.38927	-1.8602e-002	0.	0.
104692	0.38932	-1.706e-002	0.	0.
104693	0.39008	-1.8478e-002	0.	0.
104694	0.39025	-1.6937e-002	0.	0.
104697	-0.33339	1.3603e-002	0.	0.
104698	-0.33317	1.2527e-002	0.	0.
104699	-0.33167	1.4481e-002	0.	0.
104703	0.34728	-1.356e-002	0.	0.
104704	0.34697	-1.5625e-002	0.	0.
104705	0.34791	-1.4165e-002	0.	0.
104706	0.34645	-1.4934e-002	0.	0.
104707	0.34793	-1.4984e-002	0.	0.
104709	0.35293	1.998e-002	0.	0.
104710	0.35279	2.1937e-002	0.	0.
104711	0.35388	2.2066e-002	0.	0.
104712	0.35501	2.1646e-002	0.	0.
104716	-0.34707	1.998e-002	0.	0.
104717	-0.34721	2.1937e-002	0.	0.
104718	-0.34612	2.2066e-002	0.	0.
104722	0.38392	-1.5922e-002	0.	0.
104723	0.38557	-1.556e-002	0.	0.
104724	0.38432	-1.6594e-002	0.	0.
104725	0.38516	-1.4969e-002	0.	0.
104726	0.38513	-1.6472e-002	0.	0.
104727	0.38435	-1.5091e-002	0.	0.
104730	0.38988	1.5661e-002	0.	0.
104731	0.39155	1.5261e-002	0.	0.
104732	0.39115	1.4582e-002	0.	0.
104733	0.39028	1.6344e-002	0.	0.
104734	0.39112	1.6224e-002	0.	0.
104735	0.39034	1.4704e-002	0.	0.
104738	0.39508	-5.7969e-003	0.	0.
104739	0.39675	-5.421e-003	0.	0.
104740	0.39554	-6.401e-003	0.	0.
104741	0.3956	-4.7708e-003	0.	0.
104742	0.39636	-6.2917e-003	0.	0.
104743	0.39653	-4.6576e-003	0.	0.
104747	0.38114	-9.7396e-003	0.	0.
104748	0.38284	-9.3121e-003	0.	0.
104749	0.38158	-1.033e-002	0.	0.
104750	0.38245	-8.6307e-003	0.	0.
104751	0.38237	-1.0234e-002	0.	0.
104752	0.38164	-8.7599e-003	0.	0.
104755	-0.30487	8.6171e-004	0.	0.
104756	-0.30504	-2.9017e-004	0.	0.
104757	-0.30683	5.5749e-004	0.	0.
104758	-0.30632	1.1823e-003	0.	0.
104760	-0.30493	-5.6549e-003	0.	0.
104761	-0.30464	-4.6439e-003	0.	0.
104762	-0.30669	-5.3149e-003	0.	0.
104763	-0.30517	-3.8867e-003	0.	0.
104765	0.42264	-2.6354e-003	0.	0.
104766	0.42254	-8.2231e-004	0.	0.
104767	0.42167	-1.9872e-003	0.	0.
104768	0.42318	-9.6906e-004	0.	0.
104770	-0.41438	-3.7481e-003	0.	0.
104771	-0.41477	-2.1736e-003	0.	0.
104772	-0.41341	-3.4619e-003	0.	0.
104776	0.37835	-3.5315e-003	0.	0.
104777	0.38019	-2.9323e-003	0.	0.
104778	0.379	-3.9989e-003	0.	0.
104779	0.37961	-2.177e-003	0.	0.
104780	0.37972	-3.8405e-003	0.	0.
104781	0.37881	-2.5883e-003	0.	0.
104785	0.35496	-1.3672e-002	0.	0.
104786	0.35303	-1.4827e-002	0.	0.
104787	0.35344	-1.2392e-002	0.	0.
104788	0.35307	-1.393e-002	0.	0.
104789	0.35465	-1.4611e-002	0.	0.
104793	0.30232	-7.2671e-003	0.	0.
104794	0.30231	-5.3491e-003	0.	0.
104795	0.30336	-5.8795e-003	0.	0.
104798	-0.31248	-1.3776e-002	0.	0.
104799	-0.31319	-1.2784e-002	0.	0.
104800	-0.31156	-1.1733e-002	0.	0.
104801	-0.31057	-1.2852e-002	0.	0.
104806	0.38719	9.4418e-003	0.	0.
104807	0.3888	8.9076e-003	0.	0.
104808	0.38821	8.3895e-003	0.	0.
104809	0.38766	9.9682e-003	0.	0.
104810	0.38834	9.8314e-003	0.	0.
104811	0.38752	8.5326e-003	0.	0.
104814	-0.3198	5.5547e-003	0.	0.
104815	-0.31879	3.3037e-003	0.	0.
104816	-0.3185	5.3203e-003	0.	0.
104817	-0.3205	3.8938e-003	0.	0.
104818	-0.31973	3.3699e-003	0.	0.
104822	-0.32517	6.6146e-003	0.	0.
104823	-0.32401	6.4271e-003	0.	0.
104824	-0.32425	4.6641e-003	0.	0.
104828	0.36398	-1.3802e-002	0.	0.
104829	0.36497	-1.6218e-002	0.	0.
104830	0.36583	-1.4564e-002	0.	0.
104831	0.36593	-1.6146e-002	0.	0.
104836	0.40114	1.9687e-002	0.	0.
104837	0.40107	1.7563e-002	0.	0.
104839	0.40654	1.9514e-002	0.	0.
104840	0.4069	1.7389e-002	0.	0.
104841	0.40604	1.7134e-002	0.	0.
104845	0.32656	-1.332e-002	0.	0.
104846	0.32592	-1.2146e-002	0.	0.
104849	0.41705	2.0875e-002	0.	0.
104850	0.41672	2.2421e-002	0.	0.
104851	0.41779	2.2497e-002	0.	0.
104853	0.36848	1.3702e-002	0.	0.
104854	0.36706	1.3399e-002	0.	0.
104855	0.36883	1.2891e-002	0.	0.
104856	0.36738	1.2461e-002	0.	0.
104860	0.39613	3.0221e-003	0.	0.
104861	0.39786	2.4648e-003	0.	0.
104862	0.39727	1.9548e-003	0.	0.
104863	0.39671	3.5399e-003	0.	0.
104864	0.39745	3.4542e-003	0.	0.
104865	0.39659	2.0957e-003	0.	0.
104868	-0.32775	2.7274e-003	0.	0.
104869	-0.32944	3.056e-003	0.	0.
104870	-0.32886	3.5794e-003	0.	0.
104871	-0.32894	1.9883e-003	0.	0.
104872	-0.32813	3.498e-003	0.	0.
104873	-0.328	1.8366e-003	0.	0.
104877	0.31665	-1.2835e-002	0.	0.
104878	0.31608	-1.1193e-002	0.	0.
104879	0.31676	-1.1716e-002	0.	0.
104880	0.31558	-1.2863e-002	0.	0.
104884	0.30902	5.256e-003	0.	0.
104885	0.30906	6.51e-003	0.	0.
104886	0.31064	5.0685e-003	0.	0.
104887	0.31083	6.3653e-003	0.	0.
104892	0.34537	5.13e-003	0.	0.
104893	0.34408	4.0365e-003	0.	0.
104894	0.34516	4.0365e-003	0.	0.
104895	0.34389	4.7872e-003	0.	0.
104896	0.3444	5.4242e-003	0.	0.
104898	-0.30508	1.2864e-002	0.	0.
104899	-0.30288	1.3672e-002	0.	0.
104900	-0.30372	1.4126e-002	0.	0.
104904	0.41619	2.4062e-003	0.	0.
104905	0.41609	4.034e-004	0.	0.
104906	0.41691	1.7784e-003	0.	0.
104907	0.41561	1.0319e-003	0.	0.
104911	-0.30654	5.9176e-003	0.	0.
104912	-0.30652	4.9017e-003	0.	0.
104913	-0.30709	4.3205e-003	0.	0.
104914	-0.30818	5.8318e-003	0.	0.
104915	-0.30835	4.7282e-003	0.	0.
104918	-0.3047	6.0365e-003	0.	0.
104919	-0.30551	5.7418e-003	0.	0.
104920	-0.30599	7.6409e-003	0.	0.
104924	0.33122	1.1467e-002	0.	0.
104925	0.33039	1.0765e-002	0.	0.
104926	0.33083	9.8313e-003	0.	0.
104927	0.33179	1.0949e-002	0.	0.
104928	0.33169	1.0282e-002	0.	0.
104932	0.33354	-9.375e-003	0.	0.
104933	0.33144	-8.3774e-003	0.	0.
104934	0.33255	-7.3537e-003	0.	0.
104935	0.33263	-9.5071e-003	0.	0.
104938	-0.35118	1.5529e-002	0.	0.
104939	-0.35213	1.6822e-002	0.	0.
104940	-0.35007	1.6916e-002	0.	0.
104941	-0.3519	1.6113e-002	0.	0.
104944	0.35129	-1.4953e-002	0.	0.
104945	0.35038	-1.534e-002	0.	0.
104946	0.34955	-1.4014e-002	0.	0.
104947	0.34957	-1.4832e-002	0.	0.
104948	0.35133	-1.4056e-002	0.	0.
104950	0.34846	1.5655e-002	0.	0.
104951	0.34774	1.6878e-002	0.	0.
104952	0.34974	1.7044e-002	0.	0.
104953	0.3479	1.6266e-002	0.	0.
104955	-0.42184	4.134e-003	0.	0.
104956	-0.42286	4.9094e-003	0.	0.
104957	-0.42291	2.6444e-003	0.	0.
104959	-0.31479	-1.8581e-002	0.	0.
104960	-0.3136	-1.8135e-002	0.	0.
104961	-0.31413	-2.0082e-002	0.	0.
104963	0.42283	1.0847e-002	0.	0.
104964	0.42177	1.0236e-002	0.	0.
104965	0.42259	8.8013e-003	0.	0.
104966	0.42323	8.9549e-003	0.	0.
104968	-0.40643	1.574e-002	0.	0.
104969	-0.40773	1.5854e-002	0.	0.
104972	-0.31363	-1.3987e-002	0.	0.
104973	-0.31315	-1.6031e-002	0.	0.
104974	-0.31198	-1.5774e-002	0.	0.
104976	-0.3068	2.2402e-002	0.	0.
104977	-0.30505	2.26e-002	0.	0.
104978	-0.30677	2.0655e-002	0.	0.
104979	-0.30595	2.2781e-002	0.	0.
104982	0.3591	-1.5625e-002	0.	0.
104983	0.36033	-1.3542e-002	0.	0.
104984	0.36022	-1.5625e-002	0.	0.
104988	-0.3217	1.1315e-002	0.	0.
104989	-0.32189	1.2285e-002	0.	0.
104993	-0.41659	-1.801e-002	0.	0.
104994	-0.4173	-1.6649e-002	0.	0.
104995	-0.41808	-1.8623e-002	0.	0.
104996	-0.41851	-1.7845e-002	0.	0.
104997	-0.41834	-1.7153e-002	0.	0.
104998	-0.41687	-1.7225e-002	0.	0.
105000	0.39978	-2.1917e-002	0.	0.
105001	0.39918	-2.2993e-002	0.	0.
105002	0.40113	-2.3398e-002	0.	0.
105003	0.40063	-2.2199e-002	0.	0.
105007	0.4038	-1.4901e-002	0.	0.
105008	0.40242	-1.5969e-002	0.	0.
105009	0.40151	-1.4901e-002	0.	0.
105013	-0.4147	-2.267e-002	0.	0.
105014	-0.417	-2.2792e-002	0.	0.
105015	-0.41675	-2.1923e-002	0.	0.
105019	0.40963	-7.741e-003	0.	0.
105020	0.40906	-8.7836e-003	0.	0.
105021	0.40795	-8.061e-003	0.	0.
105022	0.40853	-6.8943e-003	0.	0.
105025	0.31242	-1.5991e-002	0.	0.
105026	0.31427	-1.662e-002	0.	0.
105027	0.31379	-1.559e-002	0.	0.
105028	0.31292	-1.7342e-002	0.	0.
105029	0.3137	-1.7146e-002	0.	0.
105031	-0.35227	-2.2065e-002	0.	0.
105032	-0.35342	-2.0504e-002	0.	0.
105033	-0.35178	-2.1018e-002	0.	0.
105034	-0.35259	-2.0249e-002	0.	0.
105035	-0.35361	-2.1391e-002	0.	0.
105037	-0.34859	-1.7828e-002	0.	0.
105038	-0.34794	-1.6723e-002	0.	0.
105039	-0.34983	-1.657e-002	0.	0.
105041	-0.39159	-2.1229e-002	0.	0.
105042	-0.39023	-2.2279e-002	0.	0.
105043	-0.39081	-2.0295e-002	0.	0.
105044	-0.38982	-2.1634e-002	0.	0.
105046	-0.41751	-1.3142e-002	0.	0.
105047	-0.41628	-1.2604e-002	0.	0.
105048	-0.4153	-1.4108e-002	0.	0.
105049	-0.41666	-1.4698e-002	0.	0.
105051	-0.31664	6.6797e-003	0.	0.
105052	-0.31495	7.8906e-003	0.	0.
105053	-0.31608	8.2734e-003	0.	0.
105054	-0.31553	6.2344e-003	0.	0.
105058	-0.31722	1.2482e-002	0.	0.
105059	-0.31785	1.0738e-002	0.	0.
105060	-0.31673	1.032e-002	0.	0.
105065	-0.31316	9.0313e-003	0.	0.
105066	-0.31115	1.0046e-002	0.	0.
105067	-0.31177	8.5885e-003	0.	0.
105068	-0.31197	1.0448e-002	0.	0.
105072	0.41265	-6.1383e-003	0.	0.
105073	0.41311	-4.1376e-003	0.	0.
105074	0.41368	-4.8255e-003	0.	0.
105075	0.41211	-5.4204e-003	0.	0.
105077	0.41716	-7.4375e-003	0.	0.
105078	0.41798	-8.1458e-003	0.	0.
105079	0.41654	-9.8092e-003	0.	0.
105083	0.37252	-2.0845e-002	0.	0.
105084	0.37395	-2.1885e-002	0.	0.
105085	0.37453	-2.0852e-002	0.	0.
105086	0.37327	-2.0066e-002	0.	0.
105089	0.37632	-1.5538e-002	0.	0.
105090	0.37722	-1.7826e-002	0.	0.
105091	0.3779	-1.6723e-002	0.	0.
105094	0.34489	1.8566e-002	0.	0.
105095	0.34571	2.0213e-002	0.	0.
105096	0.34409	1.9159e-002	0.	0.
105097	0.34472	2.0484e-002	0.	0.
105101	-0.41627	2.2612e-002	0.	0.
105102	-0.4155	2.1774e-002	0.	0.
105103	-0.41432	2.3153e-002	0.	0.
105107	0.30724	8.9972e-003	0.	0.
105108	0.30885	1.0945e-002	0.	0.
105109	0.30818	8.371e-003	0.	0.
105110	0.308	1.0646e-002	0.	0.
105115	-0.33429	-1.0529e-002	0.	0.
105116	-0.33283	-1.1576e-002	0.	0.
105117	-0.33216	-1.0554e-002	0.	0.
105118	-0.33294	-9.3836e-003	0.	0.
105121	-0.3262	-1.7535e-002	0.	0.
105122	-0.32464	-1.6378e-002	0.	0.
105123	-0.32532	-1.5393e-002	0.	0.
105127	-0.32249	-1.6195e-002	0.	0.
105128	-0.32101	-1.5038e-002	0.	0.
105129	-0.32027	-1.5735e-002	0.	0.
105130	-0.32128	-1.6967e-002	0.	0.
105131	-0.32057	-1.6483e-002	0.	0.
105135	0.42238	-4.4351e-003	0.	0.
105136	0.4218	-6.1469e-003	0.	0.
105137	0.42284	-5.8401e-003	0.	0.
105139	0.42108	2.9913e-003	0.	0.
105140	0.42205	9.3811e-004	0.	0.
105141	0.42264	2.035e-003	0.	0.
105145	0.31469	1.2606e-002	0.	0.
105146	0.31235	1.3285e-002	0.	0.
105147	0.31386	1.4101e-002	0.	0.
105148	0.31447	1.3448e-002	0.	0.
105149	0.31291	1.2343e-002	0.	0.
105153	0.31667	1.2961e-002	0.	0.
105154	0.31602	1.1225e-002	0.	0.
105155	0.3156	1.3008e-002	0.	0.
105156	0.31675	1.1825e-002	0.	0.
105160	-0.3051	-1.7478e-002	0.	0.
105161	-0.30521	-1.8611e-002	0.	0.
105162	-0.30352	-1.755e-002	0.	0.
105164	-0.42321	1.7191e-002	0.	0.
105165	-0.42221	1.782e-002	0.	0.
105166	-0.42261	1.8818e-002	0.	0.
105167	-0.42345	1.8957e-002	0.	0.
105169	0.40416	1.3215e-002	0.	0.
105170	0.40373	1.1239e-002	0.	0.
105171	0.40322	1.2101e-002	0.	0.
105172	0.40469	1.2866e-002	0.	0.
105177	0.41314	1.6194e-002	0.	0.
105178	0.41441	1.4379e-002	0.	0.
105179	0.41491	1.5331e-002	0.	0.
105183	0.3292	1.5221e-002	0.	0.
105184	0.33032	1.5092e-002	0.	0.
105185	0.33067	1.6726e-002	0.	0.
105186	0.32969	1.6794e-002	0.	0.
105190	-0.41647	2.1463e-002	0.	0.
105191	-0.41816	2.1914e-002	0.	0.
105192	-0.41783	2.2903e-002	0.	0.
105196	0.41179	2.0074e-002	0.	0.
105197	0.41171	1.8133e-002	0.	0.
105198	0.41051	1.7987e-002	0.	0.
105199	0.41104	2.0269e-002	0.	0.
105203	-0.31671	-1.7367e-002	0.	0.
105204	-0.31776	-1.8019e-002	0.	0.
105205	-0.3184	-1.6063e-002	0.	0.
105206	-0.31743	-1.5743e-002	0.	0.
105207	-0.3187	-1.6812e-002	0.	0.
105211	-0.32144	-1.1867e-003	0.	0.
105212	-0.3219	-2.2233e-003	0.	0.
105213	-0.32043	-3.0085e-003	0.	0.
105215	0.35881	-2.2224e-003	0.	0.
105216	0.35841	-3.7041e-003	0.	0.
105217	0.3578	-2.0193e-003	0.	0.
105218	0.35892	-2.9918e-003	0.	0.
105220	0.30292	-2.1521e-002	0.	0.
105221	0.30469	-2.2461e-002	0.	0.
105222	0.30288	-2.2641e-002	0.	0.
105226	0.33495	-2.083e-002	0.	0.
105227	0.33324	-1.9869e-002	0.	0.
105228	0.33267	-2.0833e-002	0.	0.
105232	0.38915	-7.3627e-003	0.	0.
105233	0.3898	-6.338e-003	0.	0.
105234	0.38902	-5.0496e-003	0.	0.
105238	0.4028	-3.2891e-003	0.	0.
105239	0.40299	-4.2734e-003	0.	0.
105240	0.40208	-3.3711e-003	0.	0.
105241	0.40155	-4.4193e-003	0.	0.
105242	0.4025	-5.2061e-003	0.	0.
105245	0.40756	7.4236e-003	0.	0.
105246	0.40644	8.2622e-003	0.	0.
105247	0.4081	8.5069e-003	0.	0.
105248	0.4071	9.3628e-003	0.	0.
105252	-0.38681	-1.9839e-002	0.	0.
105253	-0.38717	-1.7998e-002	0.	0.
105254	-0.38606	-1.7177e-002	0.	0.
105258	-0.31777	-9.4323e-003	0.	0.
105259	-0.31578	-8.9766e-003	0.	0.
105260	-0.31738	-8.4008e-003	0.	0.
105261	-0.31622	-1.018e-002	0.	0.
105265	-0.31384	-8.4297e-003	0.	0.
105266	-0.31341	-7.2266e-003	0.	0.
105267	-0.31195	-7.8872e-003	0.	0.
105268	-0.31228	-8.7366e-003	0.	0.
105271	-0.31501	-1.2052e-002	0.	0.
105272	-0.31538	-1.3102e-002	0.	0.
105275	-0.36144	1.8592e-002	0.	0.
105276	-0.36003	1.7497e-002	0.	0.
105277	-0.36057	1.8745e-002	0.	0.
105278	-0.36086	1.7237e-002	0.	0.
105279	-0.36145	1.7847e-002	0.	0.
105283	0.39773	1.3339e-002	0.	0.
105284	0.39825	1.2529e-002	0.	0.
105288	0.32535	2.1917e-002	0.	0.
105289	0.32421	2.1938e-002	0.	0.
105293	-0.42183	-1.7495e-002	0.	0.
105294	-0.42009	-1.7529e-002	0.	0.
105295	-0.42182	-1.6676e-002	0.	0.
105296	-0.41992	-1.6837e-002	0.	0.
105300	0.31872	1.0057e-002	0.	0.
105301	0.31672	9.0574e-003	0.	0.
105302	0.31848	8.8778e-003	0.	0.
105303	0.31696	9.8692e-003	0.	0.
105304	0.31769	1.0469e-002	0.	0.
105306	0.31853	-8.925e-003	0.	0.
105307	0.31883	-1.0001e-002	0.	0.
105308	0.31705	-9.9152e-003	0.	0.
105309	0.31773	-1.0438e-002	0.	0.
105313	0.31445	7.281e-003	0.	0.
105314	0.31475	8.2994e-003	0.	0.
105315	0.31275	7.4219e-003	0.	0.
105316	0.31309	8.5938e-003	0.	0.
105320	0.3189	2.2247e-002	0.	0.
105321	0.31665	2.2773e-002	0.	0.
105322	0.31881	2.3088e-002	0.	0.
105326	0.31898	-2.2283e-002	0.	0.
105327	0.31664	-2.2782e-002	0.	0.
105328	0.31879	-2.3112e-002	0.	0.
105334	-0.41618	-1.0368e-002	0.	0.
105335	-0.41575	-8.1458e-003	0.	0.
105336	-0.41517	-9.8734e-003	0.	0.
105337	-0.41661	-8.2431e-003	0.	0.
105338	-0.41706	-8.9252e-003	0.	0.
105343	-0.41111	-6.2398e-003	0.	0.
105344	-0.41179	-8.4839e-003	0.	0.
105345	-0.41042	-7.7839e-003	0.	0.
105349	0.41992	1.1333e-002	0.	0.
105350	0.41889	1.0877e-002	0.	0.
105351	0.41829	1.2175e-002	0.	0.
105354	-0.30483	1.7079e-002	0.	0.
105355	-0.30652	1.7463e-002	0.	0.
105356	-0.30638	1.6614e-002	0.	0.
105360	-0.42011	1.1713e-002	0.	0.
105361	-0.42106	1.2134e-002	0.	0.
105362	-0.42066	9.8268e-003	0.	0.
105363	-0.42227	1.0592e-002	0.	0.
105366	0.318	3.804e-003	0.	0.
105367	0.31928	4.95e-003	0.	0.
105368	0.31752	5.2033e-003	0.	0.
105369	0.31854	5.5555e-003	0.	0.
105370	0.31753	4.391e-003	0.	0.
105373	-0.38548	-4.5201e-003	0.	0.
105374	-0.3865	-4.256e-003	0.	0.
105375	-0.38597	-6.1312e-003	0.	0.
105378	-0.32095	-2.1173e-002	0.	0.
105379	-0.32283	-2.2337e-002	0.	0.
105380	-0.32194	-2.2578e-002	0.	0.
105382	-0.32833	1.3433e-002	0.	0.
105383	-0.32735	1.2261e-002	0.	0.
105388	-0.3309	2.294e-002	0.	0.
105389	-0.33043	2.1962e-002	0.	0.
105390	-0.32886	2.3381e-002	0.	0.
105394	-0.41399	1.0439e-002	0.	0.
105395	-0.413	8.6253e-003	0.	0.
105396	-0.414	8.5161e-003	0.	0.
105400	0.41183	-2.05e-002	0.	0.
105401	0.41032	-1.9711e-002	0.	0.
105402	0.4098	-2.0682e-002	0.	0.
105403	0.41135	-2.1729e-002	0.	0.
105406	0.31489	-6.819e-003	0.	0.
105407	0.31551	-9.0966e-003	0.	0.
105408	0.314	-8.5833e-003	0.	0.
105409	0.31375	-7.283e-003	0.	0.
105413	0.40995	-1.6981e-003	0.	0.
105414	0.40896	-5.9069e-004	0.	0.
105415	0.40845	-1.6308e-003	0.	0.
105416	0.40937	-2.6718e-003	0.	0.
105418	0.35385	-8.9699e-004	0.	0.
105419	0.35388	-2.5268e-003	0.	0.
105420	0.35298	-2.6757e-003	0.	0.
105422	-0.3721	-9.3213e-004	0.	0.
105423	-0.37204	-2.5374e-003	0.	0.
105424	-0.37282	-2.5999e-003	0.	0.
105429	0.377	1.9909e-002	0.	0.
105430	0.37515	2.1077e-002	0.	0.
105431	0.37766	2.0946e-002	0.	0.
105432	0.37648	2.2108e-002	0.	0.
105436	-0.32662	-2.2767e-002	0.	0.
105437	-0.32469	-2.2913e-002	0.	0.
105438	-0.32595	-2.1842e-002	0.	0.
105443	0.35206	-2.0997e-002	0.	0.
105444	0.35292	-2.0216e-002	0.	0.
105445	0.35425	-2.1042e-002	0.	0.
105449	0.34154	-1.0417e-003	0.	0.
105450	0.34276	-2.1285e-003	0.	0.
105451	0.34107	-2.4791e-003	0.	0.
105452	0.34177	-3.1423e-003	0.	0.
105456	-0.35808	-2.1875e-002	0.	0.
105457	-0.35879	-2.2917e-002	0.	0.
105458	-0.35657	-2.2968e-002	0.	0.
105462	-0.40528	1.7857e-002	0.	0.
105463	-0.40469	1.6667e-002	0.	0.
105464	-0.40714	1.6781e-002	0.	0.
105468	0.35763	-2.0756e-002	0.	0.
105469	0.35641	-2.0044e-002	0.	0.
105470	0.35727	-1.9801e-002	0.	0.
105471	0.35601	-2.0888e-002	0.	0.
105472	0.35648	-2.1884e-002	0.	0.
105474	0.34379	-1.3542e-002	0.	0.
105475	0.34325	-1.4583e-002	0.	0.
105476	0.34491	-1.4934e-002	0.	0.
105480	-0.37929	2.0747e-002	0.	0.
105481	-0.37721	2.1875e-002	0.	0.
105482	-0.37804	2.1875e-002	0.	0.
105483	-0.37896	1.9792e-002	0.	0.
105488	0.34409	1.4545e-002	0.	0.
105489	0.34353	1.2515e-002	0.	0.
105490	0.34331	1.3737e-002	0.	0.
105493	-0.35504	1.8558e-002	0.	0.
105494	-0.35425	2.0226e-002	0.	0.
105495	-0.35589	1.9072e-002	0.	0.
105496	-0.35513	2.051e-002	0.	0.
105499	0.34588	1.7284e-002	0.	0.
105500	0.34452	1.6529e-002	0.	0.
105501	0.34415	1.8131e-002	0.	0.
105502	0.3454	1.6823e-002	0.	0.
105506	-0.31884	-2.1145e-002	0.	0.
105507	-0.31888	-1.9969e-002	0.	0.
105512	-0.41982	-1.1908e-002	0.	0.
105513	-0.42189	-1.0446e-002	0.	0.
105514	-0.42075	-1.2076e-002	0.	0.
105516	-0.32685	7.8779e-003	0.	0.
105517	-0.32453	7.5729e-003	0.	0.
105521	-0.33834	1.2521e-002	0.	0.
105522	-0.33794	1.0608e-002	0.	0.
105527	-0.31649	8.7391e-004	0.	0.
105528	-0.3176	1.0694e-003	0.	0.
105529	-0.3169	-1.2257e-003	0.	0.
105534	-0.40413	1.7857e-002	0.	0.
105535	-0.40481	2.0199e-002	0.	0.
105536	-0.40397	1.9988e-002	0.	0.
105539	-0.34839	1.8084e-002	0.	0.
105540	-0.3475	1.8241e-002	0.	0.
105544	0.3515	1.8182e-002	0.	0.
105545	0.3525	1.8237e-002	0.	0.
105547	-0.30258	-2.2896e-002	0.	0.
105548	-0.30186	-2.1816e-002	0.	0.
105549	-0.3005	-2.3e-002	0.	0.
105553	-0.31883	6.3438e-003	0.	0.
105554	-0.32013	7.6536e-003	0.	0.
105555	-0.3208	7.1559e-003	0.	0.
105558	-0.30294	-2.1712e-002	0.	0.
105559	-0.30483	-2.2803e-002	0.	0.
105564	-0.32465	1.7795e-002	0.	0.
105565	-0.32632	1.7142e-002	0.	0.
105566	-0.3249	1.8681e-002	0.	0.
105570	0.42053	6.1701e-003	0.	0.
105571	0.42111	5.1719e-003	0.	0.
105572	0.4221	7.0617e-003	0.	0.
105573	0.42267	5.9784e-003	0.	0.
105575	0.41987	5.1545e-003	0.	0.
105576	0.4187	7.066e-003	0.	0.
105577	0.41817	5.9861e-003	0.	0.
105581	-0.36803	-1.496e-002	0.	0.
105582	-0.36752	-1.6869e-002	0.	0.
105583	-0.36691	-1.487e-002	0.	0.
105585	0.40324	-1.0544e-002	0.	0.
105589	-0.41864	-1.0728e-003	0.	0.
105590	-0.41913	-1.8483e-003	0.	0.
105591	-0.42053	-1.2876e-003	0.	0.
105592	-0.42035	-4.1784e-004	0.	0.
105596	-0.41807	-7.3394e-003	0.	0.
105597	-0.41852	-8.0215e-003	0.	0.
105598	-0.41889	-6.6936e-003	0.	0.
105599	-0.41995	-7.5583e-003	0.	0.
105601	-0.3167	-2.2111e-002	0.	0.
105602	-0.31502	-2.1785e-002	0.	0.
105603	-0.31691	-2.304e-002	0.	0.
105607	0.37322	1.984e-002	0.	0.
105608	0.3725	1.7623e-002	0.	0.
105611	0.37814	1.9793e-002	0.	0.
105612	0.378	1.7681e-002	0.	0.
105614	0.3272	-1.8975e-003	0.	0.
105615	0.32868	-2.7772e-003	0.	0.
105616	0.32902	-2.1242e-003	0.	0.
105617	0.3288	-1.4751e-003	0.	0.
105618	0.32779	-8.8917e-004	0.	0.
105623	-0.3993	1.9792e-002	0.	0.
105625	0.32901	-1.9704e-002	0.	0.
105626	0.3305	-2.0833e-002	0.	0.
105627	0.32979	-2.1875e-002	0.	0.
105628	0.32856	-2.0381e-002	0.	0.
105629	0.32849	-2.0992e-002	0.	0.
105632	0.33713	2.1818e-003	0.	0.
105633	0.33594	1.2082e-003	0.	0.
105634	0.33552	3.1615e-003	0.	0.
105635	0.33672	1.4173e-003	0.	0.
105636	0.33526	2.0334e-003	0.	0.
105638	0.33655	-5.3445e-003	0.	0.
105639	0.33611	-3.9435e-003	0.	0.
105640	0.33778	-4.3028e-003	0.	0.
105641	0.33695	-3.5216e-003	0.	0.
105642	0.33616	-4.6844e-003	0.	0.
105646	0.42242	-1.2896e-002	0.	0.
105647	0.4208	-1.3234e-002	0.	0.
105648	0.42252	-1.3942e-002	0.	0.
105652	-0.3303	1.6833e-002	0.	0.
105653	-0.32816	1.6373e-002	0.	0.
105654	-0.32885	1.55e-002	0.	0.
105655	-0.33015	1.6149e-002	0.	0.
105658	-0.32844	-2.2627e-002	0.	0.
105659	-0.33017	-2.2074e-002	0.	0.
105660	-0.3299	-2.3013e-002	0.	0.
105662	0.40475	-2.2958e-002	0.	0.
105663	0.40403	-2.1938e-002	0.	0.
105664	0.40278	-2.3363e-002	0.	0.
105670	-0.40679	8.1875e-003	0.	0.
105671	-0.40833	9.0556e-003	0.	0.
105672	-0.40738	7.1042e-003	0.	0.
105673	-0.40892	7.9722e-003	0.	0.
105676	-0.41029	1.7014e-003	0.	0.
105677	-0.41168	2.6979e-003	0.	0.
105678	-0.41215	2.0295e-003	0.	0.
105680	0.33665	9.375e-003	0.	0.
105681	0.33519	1.0417e-002	0.	0.
105682	0.33725	1.0417e-002	0.	0.
105683	0.33585	1.1458e-002	0.	0.
105687	-0.38281	-2.2917e-002	0.	0.
105688	-0.38215	-2.1875e-002	0.	0.
105689	-0.38069	-2.2917e-002	0.	0.
105694	-0.40991	-4.431e-003	0.	0.
105695	-0.41185	-4.5836e-003	0.	0.
105698	-0.40814	-4.1093e-003	0.	0.
105699	-0.40903	-2.8518e-003	0.	0.
105702	0.41636	-2.0601e-002	0.	0.
105703	0.41593	-2.2526e-002	0.	0.
105704	0.41659	-2.231e-002	0.	0.
105706	-0.30728	1.2008e-002	0.	0.
105708	-0.30131	2.3182e-002	0.	0.
105709	-0.30328	2.3249e-002	0.	0.
105710	-0.30185	2.2512e-002	0.	0.
105714	-0.33755	1.4221e-002	0.	0.
105715	-0.33868	1.4625e-002	0.	0.
105719	-0.36128	-1.5188e-002	0.	0.
105720	-0.36028	-1.5028e-002	0.	0.
105721	-0.3599	-1.667e-002	0.	0.
105722	-0.36083	-1.6745e-002	0.	0.
105725	0.3647	1.5095e-002	0.	0.
105726	0.36577	1.4822e-002	0.	0.
105727	0.36626	1.6551e-002	0.	0.
105728	0.36511	1.6683e-002	0.	0.
105731	-0.39824	2.1875e-002	0.	0.
105732	-0.39671	2.2917e-002	0.	0.
105733	-0.3988	2.2917e-002	0.	0.
105738	0.40607	-1.3356e-003	0.	0.
105739	0.40549	-2.1249e-003	0.	0.
105740	0.40695	-1.8459e-003	0.	0.
105741	0.40639	-2.9579e-003	0.	0.
105743	0.40046	-1.0599e-002	0.	0.
105747	-0.40871	7.445e-004	0.	0.
105748	-0.40821	1.7708e-003	0.	0.
105752	0.3173	9.3964e-004	0.	0.
105753	0.31816	9.7957e-004	0.	0.
105754	0.31713	1.0648e-004	0.	0.
105755	0.318	-2.671e-004	0.	0.
105760	-0.41268	1.6144e-002	0.	0.
105761	-0.4127	1.8217e-002	0.	0.
105762	-0.41386	1.8089e-002	0.	0.
105763	-0.41366	1.6411e-002	0.	0.
105767	-0.41746	-1.2024e-002	0.	0.
105768	-0.41961	-1.2731e-002	0.	0.
105771	-0.41662	-1.2361e-003	0.	0.
105772	-0.41719	-1.7123e-004	0.	0.
105773	-0.41816	-1.72e-003	0.	0.
105775	0.40766	2.1813e-002	0.	0.
105776	0.40735	2.2875e-002	0.	0.
105777	0.40911	2.2911e-002	0.	0.
105780	-0.30896	2.2808e-002	0.	0.
105781	-0.31127	2.2903e-002	0.	0.
105785	0.4179	-3.3307e-003	0.	0.
105786	0.41666	-1.4451e-003	0.	0.
105787	0.41633	-2.4461e-003	0.	0.
105788	0.41826	-2.6123e-003	0.	0.
105791	-0.35402	1.7238e-002	0.	0.
105792	-0.35525	1.6561e-002	0.	0.
105793	-0.3558	1.8011e-002	0.	0.
105797	0.30532	-6.8816e-004	0.	0.
105798	0.30433	-9.375e-005	0.	0.
105799	0.30436	-1.8828e-003	0.	0.
105802	-0.31701	1.8808e-003	0.	0.
105803	-0.31524	2.3865e-003	0.	0.
105804	-0.31481	1.3583e-003	0.	0.
105807	0.34788	-3.7527e-003	0.	0.
105808	0.34587	-3.6217e-003	0.	0.
105809	0.34763	-4.4793e-003	0.	0.
105810	0.34638	-4.8144e-003	0.	0.
105811	0.34708	-4.8109e-003	0.	0.
105815	0.34994	-3.7768e-003	0.	0.
105816	0.34902	-2.3445e-003	0.	0.
105817	0.34873	-4.1135e-003	0.	0.
105819	-0.38251	8.8461e-003	0.	0.
105820	-0.38081	8.8124e-003	0.	0.
105821	-0.3812	7.7779e-003	0.	0.
105822	-0.38202	7.8946e-003	0.	0.
105824	-0.38371	1.0071e-002	0.	0.
105825	-0.38428	8.5489e-003	0.	0.
105826	-0.38309	8.2499e-003	0.	0.
105830	0.37386	-3.7906e-003	0.	0.
105831	0.37186	-3.6374e-003	0.	0.
105832	0.37184	-4.3607e-003	0.	0.
105833	0.37306	-4.8229e-003	0.	0.
105835	0.37617	-3.6587e-003	0.	0.
105836	0.37486	-2.4538e-003	0.	0.
105837	0.3755	-4.3257e-003	0.	0.
105838	0.37417	-4.4636e-003	0.	0.
105842	-0.36751	3.6931e-003	0.	0.
105843	-0.36922	4.3023e-003	0.	0.
105844	-0.36761	4.4173e-003	0.	0.
105845	-0.36872	4.8484e-003	0.	0.
105847	-0.36234	1.4534e-002	0.	0.
105848	-0.36394	1.4913e-002	0.	0.
105849	-0.36357	1.3865e-002	0.	0.
105850	-0.36296	1.3901e-002	0.	0.
105852	-0.4218	5.3379e-003	0.	0.
105853	-0.41973	4.0208e-003	0.	0.
105857	0.41918	-1.7653e-002	0.	0.
105858	0.41789	-1.736e-002	0.	0.
105859	0.41739	-1.9033e-002	0.	0.
105862	-0.33895	2.1078e-002	0.	0.
105863	-0.34092	1.9952e-002	0.	0.
105864	-0.34092	2.102e-002	0.	0.
105866	0.33826	-1.5606e-002	0.	0.
105867	0.33741	-1.7752e-002	0.	0.
105868	0.33674	-1.6862e-002	0.	0.
105874	0.33825	1.875e-002	0.	0.
105875	0.33762	1.7708e-002	0.	0.
105879	0.33875	2.2917e-002	0.	0.
105880	0.34075	2.2917e-002	0.	0.
105881	0.34012	2.1875e-002	0.	0.
105886	-0.37762	1.5774e-002	0.	0.
105887	-0.37663	1.3542e-002	0.	0.
105888	-0.37602	1.4583e-002	0.	0.
105891	0.33575	1.4583e-002	0.	0.
105892	0.33512	1.3542e-002	0.	0.
105893	0.33428	1.5177e-002	0.	0.
105894	0.33376	1.4383e-002	0.	0.
105898	0.33125	2.2917e-002	0.	0.
105899	0.32979	2.1875e-002	0.	0.
105900	0.32921	2.2917e-002	0.	0.
105905	-0.37817	-1.4583e-002	0.	0.
105906	-0.37879	-1.3542e-002	0.	0.
105907	-0.3799	-1.5451e-002	0.	0.
105910	-0.37603	-2.1938e-002	0.	0.
105911	-0.37524	-1.9855e-002	0.	0.
105912	-0.37471	-2.0896e-002	0.	0.
105915	-0.37924	1.6815e-002	0.	0.
105916	-0.37895	1.7857e-002	0.	0.
105921	-0.34392	1.4496e-002	0.	0.
105922	-0.34321	1.3542e-002	0.	0.
105923	-0.3421	1.5451e-002	0.	0.
105926	0.33973	1.4434e-002	0.	0.
105927	0.33775	1.4583e-002	0.	0.
105928	0.33838	1.5625e-002	0.	0.
105929	0.33913	1.3542e-002	0.	0.
105933	0.33975	-1.4583e-002	0.	0.
105934	0.33913	-1.3542e-002	0.	0.
105937	0.3412	-2.0823e-002	0.	0.
105938	0.34304	-2.0697e-002	0.	0.
105940	-0.40836	2.1977e-002	0.	0.
105941	-0.40899	2.3019e-002	0.	0.
105942	-0.40694	2.2969e-002	0.	0.
105945	0.35776	1.5625e-002	0.	0.
105946	0.35607	1.4503e-002	0.	0.
105947	0.35836	1.4583e-002	0.	0.
105948	0.35679	1.3542e-002	0.	0.
105954	0.35721	-1.6829e-002	0.	0.
105955	0.35606	-1.8114e-002	0.	0.
105956	0.35692	-1.7871e-002	0.	0.
105957	0.35573	-1.6092e-002	0.	0.
105961	0.3366	-1.9851e-002	0.	0.
105962	0.33724	-2.083e-002	0.	0.
105964	-0.41511	1.9807e-002	0.	0.
105965	-0.41621	1.9556e-002	0.	0.
105969	-0.31062	-3.9982e-003	0.	0.
105970	-0.30964	-3.489e-003	0.	0.
105971	-0.30864	-5.3755e-003	0.	0.
105972	-0.31039	-6.2329e-003	0.	0.
105976	-0.31051	-2.6394e-003	0.	0.
105977	-0.31229	-2.2558e-003	0.	0.
105978	-0.31252	-3.5743e-003	0.	0.
105981	-0.31196	4.0541e-003	0.	0.
105982	-0.31124	4.6734e-003	0.	0.
105983	-0.31	4.0795e-003	0.	0.
105984	-0.31008	2.9471e-003	0.	0.
105987	-0.40613	1.8403e-003	0.	0.
105988	-0.40554	2.9097e-003	0.	0.
105989	-0.4043	1.9063e-003	0.	0.
105993	0.30215	7.1706e-003	0.	0.
105994	0.30325	5.5833e-003	0.	0.
105995	0.30217	5.3125e-003	0.	0.
106000	0.30594	-1.4325e-002	0.	0.
106001	0.30489	-1.4915e-002	0.	0.
106002	0.30668	-1.5824e-002	0.	0.
106007	0.30221	1.3865e-002	0.	0.
106008	0.30185	1.5394e-002	0.	0.
106009	0.30175	1.4534e-002	0.	0.
106010	0.30251	1.5778e-002	0.	0.
106012	-0.39625	-1.3766e-002	0.	0.
106013	-0.39832	-1.4287e-002	0.	0.
106014	-0.39705	-1.5194e-002	0.	0.
106017	-0.35929	-2.1875e-002	0.	0.
106018	-0.35815	-1.9922e-002	0.	0.
106022	0.41701	-1.1659e-002	0.	0.
106023	0.41888	-1.2591e-002	0.	0.
106024	0.41817	-1.2861e-002	0.	0.
106025	0.41699	-1.2502e-002	0.	0.
106028	-0.37322	2.2917e-002	0.	0.
106029	-0.37181	2.1875e-002	0.	0.
106030	-0.37146	2.2917e-002	0.	0.
106033	0.37372	1.4395e-002	0.	0.
106034	0.37176	1.4735e-002	0.	0.
106035	0.37253	1.5615e-002	0.	0.
106036	0.37286	1.3529e-002	0.	0.
106041	-0.41071	6.8707e-003	0.	0.
106042	-0.41172	4.8464e-003	0.	0.
106043	-0.41194	6.8686e-003	0.	0.
106044	-0.4123	5.5429e-003	0.	0.
106047	0.40311	-1.3651e-003	0.	0.
106048	0.40408	-2.2009e-003	0.	0.
106049	0.40353	-3.1979e-003	0.	0.
106050	0.40263	-2.2956e-003	0.	0.
106053	-0.42269	-7.0873e-003	0.	0.
106054	-0.42283	-8.8472e-003	0.	0.
106055	-0.42185	-7.8648e-003	0.	0.
106058	-0.32554	5.9375e-004	0.	0.
106059	-0.326	2.1623e-003	0.	0.
106060	-0.32446	2.7526e-003	0.	0.
106061	-0.32417	1.2698e-003	0.	0.
106062	-0.32625	1.2715e-003	0.	0.
106067	-0.32835	6.9782e-003	0.	0.
106068	-0.32877	7.7822e-003	0.	0.
106070	-0.38004	-1.7491e-002	0.	0.
106071	-0.38048	-1.903e-002	0.	0.
106076	-0.37419	1.7708e-002	0.	0.
106077	-0.3736	1.875e-002	0.	0.
106080	-0.30404	1.675e-004	0.	0.
106081	-0.30291	1.85e-003	0.	0.
106082	-0.30385	2.4161e-003	0.	0.
106085	-0.31211	1.372e-002	0.	0.
106086	-0.31235	1.2078e-002	0.	0.
106089	0.4068	2.1813e-002	0.	0.
106093	0.39864	-2.1883e-002	0.	0.
106094	0.39946	-1.9838e-002	0.	0.
106095	0.40013	-2.0284e-002	0.	0.
106096	0.40009	-2.1089e-002	0.	0.
106100	0.37293	2.2004e-002	0.	0.
106101	0.37374	2.2129e-002	0.	0.
106102	0.3751	2.2122e-002	0.	0.
106106	-0.33705	2.0952e-002	0.	0.
106107	-0.33794	2.2566e-002	0.	0.
106110	-0.33586	1.9074e-002	0.	0.
106111	-0.33541	2.0821e-002	0.	0.
106114	0.37492	-1.4466e-002	0.	0.
106115	0.37593	-1.3319e-002	0.	0.
106119	0.3287	-1.6733e-002	0.	0.
106120	0.3292	-1.7826e-002	0.	0.
106121	0.33068	-1.7133e-002	0.	0.
106122	0.32965	-1.6294e-002	0.	0.
106124	-0.3739	1.4583e-002	0.	0.
106125	-0.37329	1.5625e-002	0.	0.
106126	-0.37202	1.4583e-002	0.	0.
106128	-0.39811	-9.5899e-004	0.	0.
106129	-0.39764	-2.4696e-003	0.	0.
106130	-0.39886	-3.148e-003	0.	0.
106131	-0.39739	-1.7e-003	0.	0.
106134	-0.39638	-8.3472e-003	0.	0.
106135	-0.39571	-9.242e-003	0.	0.
106136	-0.39454	-8.3333e-003	0.	0.
106139	-0.39828	1.1317e-003	0.	0.
106140	-0.39802	2.0833e-003	0.	0.
106141	-0.39961	2.0625e-003	0.	0.
106144	-0.39439	8.3643e-003	0.	0.
106145	-0.39497	7.3227e-003	0.	0.
106146	-0.39593	9.5075e-003	0.	0.
106147	-0.39651	8.0373e-003	0.	0.
106151	0.37833	-1.7836e-002	0.	0.
106152	0.37741	-1.99e-002	0.	0.
106157	-0.34757	-1.7837e-002	0.	0.
106158	-0.34845	-2.0005e-002	0.	0.
106161	-0.33136	7.1058e-003	0.	0.
106162	-0.33176	7.9247e-003	0.	0.
106163	-0.33028	7.7665e-003	0.	0.
106167	0.30728	7.8217e-003	0.	0.
106171	-0.33481	1.5052e-002	0.	0.
106172	-0.33544	1.7022e-002	0.	0.
106173	-0.33594	1.5456e-002	0.	0.
106174	-0.33431	1.6622e-002	0.	0.
106178	0.3101	2.2222e-004	0.	0.
106179	0.31025	1.3542e-003	0.	0.
106180	0.30876	1.7448e-003	0.	0.
106181	0.30859	7.7824e-004	0.	0.
106183	0.40495	-1.9763e-002	0.	0.
106186	-0.36568	2.1875e-002	0.	0.
106187	-0.36513	2.2917e-002	0.	0.
106188	-0.3669	2.2917e-002	0.	0.
106191	0.36058	1.4583e-002	0.	0.
106192	0.36286	1.4453e-002	0.	0.
106193	0.36126	1.3715e-002	0.	0.
106198	0.39795	-1.0675e-002	0.	0.
106203	-0.40516	-1.5199e-002	0.	0.
106204	-0.40626	-1.5094e-002	0.	0.
106205	-0.40643	-1.6784e-002	0.	0.
106206	-0.40552	-1.6805e-002	0.	0.
106210	0.37026	-2.0837e-002	0.	0.
106211	0.36862	-1.9922e-002	0.	0.
106212	0.36809	-2.0833e-002	0.	0.
106213	0.36958	-2.1875e-002	0.	0.
106215	-0.39185	1.0417e-003	0.	0.
106216	-0.3913	2.0833e-003	0.	0.
106217	-0.39288	3.125e-003	0.	0.
106218	-0.39318	2.0833e-003	0.	0.
106222	-0.39089	-3.1124e-003	0.	0.
106223	-0.39195	-5.3665e-003	0.	0.
106224	-0.39242	-3.7664e-003	0.	0.
106225	-0.39267	-4.5447e-003	0.	0.
106226	-0.39063	-4.022e-003	0.	0.
106230	0.39899	8.0383e-003	0.	0.
106231	0.40146	8.e-003	0.	0.
106235	0.39219	2.0755e-002	0.	0.
106236	0.39408	2.075e-002	0.	0.
106237	0.39356	2.1813e-002	0.	0.
106240	0.39469	1.5438e-002	0.	0.
106241	0.39565	1.7563e-002	0.	0.
106242	0.39612	1.65e-002	0.	0.
106245	0.3933	1.4717e-002	0.	0.
106246	0.39406	1.3213e-002	0.	0.
106247	0.39361	1.3882e-002	0.	0.
106249	0.39045	2.0758e-002	0.	0.
106250	0.39095	1.9803e-002	0.	0.
106254	0.40145	1.2031e-003	0.	0.
106255	0.40085	2.6875e-003	0.	0.
106256	0.39959	1.9049e-003	0.	0.
106257	0.40128	1.9755e-003	0.	0.
106258	0.40024	5.7813e-004	0.	0.
106261	0.39687	8.0488e-003	0.	0.
106262	0.39746	7.0605e-003	0.	0.
106265	0.40314	9.1142e-003	0.	0.
106266	0.40367	7.6985e-003	0.	0.
106267	0.40361	8.39e-003	0.	0.
106271	0.39608	2.075e-002	0.	0.
106272	0.3966	1.9687e-002	0.	0.
106273	0.39756	2.1813e-002	0.	0.
106277	0.30967	1.3905e-002	0.	0.
106278	0.31035	1.2934e-002	0.	0.
106279	0.30871	1.2044e-002	0.	0.
106280	0.31091	1.1992e-002	0.	0.
106283	0.39459	9.0924e-003	0.	0.
106284	0.39364	8.0521e-003	0.	0.
106285	0.39511	8.0312e-003	0.	0.
106286	0.3941	7.1177e-003	0.	0.
106289	0.38832	2.1819e-002	0.	0.
106290	0.38735	2.0763e-002	0.	0.
106291	0.38884	2.0758e-002	0.	0.
106292	0.38782	1.9813e-002	0.	0.
106295	-0.39904	-7.3403e-003	0.	0.
106296	-0.39846	-8.375e-003	0.	0.
106297	-0.40054	-8.3958e-003	0.	0.
106300	0.38533	2.1827e-002	0.	0.
106301	0.38436	2.0773e-002	0.	0.
106302	0.38585	2.0768e-002	0.	0.
106303	0.38488	1.9717e-002	0.	0.
106305	0.38674	1.5324e-002	0.	0.
106306	0.38813	1.62e-002	0.	0.
106307	0.38738	1.7704e-002	0.	0.
106308	0.38781	1.7037e-002	0.	0.
106310	0.39041	8.2699e-003	0.	0.
106311	0.3915	9.0433e-003	0.	0.
106312	0.39202	7.9847e-003	0.	0.
106313	0.39113	6.826e-003	0.	0.
106315	0.39452	3.665e-003	0.	0.
106316	0.3938	5.1122e-003	0.	0.
106317	0.39292	3.9554e-003	0.	0.
106318	0.39344	2.8994e-003	0.	0.
106321	0.39084	4.8257e-003	0.	0.
106322	0.38984	3.9193e-003	0.	0.
106323	0.39131	3.8932e-003	0.	0.
106324	0.39037	2.8659e-003	0.	0.
106328	0.38233	2.1835e-002	0.	0.
106329	0.38137	2.0784e-002	0.	0.
106330	0.38286	2.0779e-002	0.	0.
106331	0.3819	1.973e-002	0.	0.
106333	-0.41042	-1.3492e-002	0.	0.
106334	-0.40943	-1.3693e-002	0.	0.
106335	-0.40989	-1.5209e-002	0.	0.
106336	-0.41065	-1.5163e-002	0.	0.
106337	-0.4094	-1.455e-002	0.	0.
106340	-0.33284	4.0111e-003	0.	0.
106341	-0.33245	2.9328e-003	0.	0.
106342	-0.3311	3.6998e-003	0.	0.
106343	-0.3318	5.1556e-003	0.	0.
106346	-0.33469	8.0395e-003	0.	0.
106347	-0.33422	7.1107e-003	0.	0.
106348	-0.33325	8.026e-003	0.	0.
106353	0.40091	2.1813e-002	0.	0.
106357	0.38353	1.0378e-002	0.	0.
106358	0.38406	9.1663e-003	0.	0.
106359	0.38553	1.0078e-002	0.	0.
106360	0.38477	1.154e-002	0.	0.
106364	0.38783	4.9987e-003	0.	0.
106365	0.38689	3.9714e-003	0.	0.
106366	0.38836	3.9453e-003	0.	0.
106367	0.38742	2.9206e-003	0.	0.
106370	0.38331	1.4474e-002	0.	0.
106371	0.38274	1.5681e-002	0.	0.
106372	0.3816	1.435e-002	0.	0.
106373	0.3821	1.3435e-002	0.	0.
106376	0.37918	2.1862e-002	0.	0.
106377	0.37971	2.0808e-002	0.	0.
106380	0.38488	5.0482e-003	0.	0.
106381	0.38394	4.0234e-003	0.	0.
106382	0.38541	3.9974e-003	0.	0.
106383	0.38448	2.9753e-003	0.	0.
106386	-0.38699	2.0833e-003	0.	0.
106387	-0.38915	2.0833e-003	0.	0.
106388	-0.38852	3.0362e-003	0.	0.
106392	-0.31781	-2.0452e-002	0.	0.
106393	-0.31798	-2.2557e-002	0.	0.
106395	0.38067	4.0862e-003	0.	0.
106396	0.38122	2.9591e-003	0.	0.
106397	0.38193	5.012e-003	0.	0.
106398	0.38239	4.0523e-003	0.	0.
106403	0.32176	2.7892e-003	0.	0.
106404	0.3218	3.9844e-004	0.	0.
106405	0.32262	2.2065e-003	0.	0.
106406	0.32082	1.5751e-003	0.	0.
106408	-0.40346	-3.2708e-003	0.	0.
106409	-0.40437	-5.375e-003	0.	0.
106410	-0.40314	-4.3073e-003	0.	0.
106411	-0.4047	-4.3524e-003	0.	0.
106415	-0.32787	-1.8447e-002	0.	0.
106416	-0.32645	-1.9724e-002	0.	0.
106419	0.37791	8.6304e-003	0.	0.
106420	0.37708	9.4297e-003	0.	0.
106421	0.37604	8.3005e-003	0.	0.
106422	0.37658	7.2575e-003	0.	0.
106426	0.33286	-3.6792e-003	0.	0.
106427	0.33433	-3.0261e-003	0.	0.
106428	0.33284	-1.4697e-003	0.	0.
106431	0.36581	7.8125e-003	0.	0.
106432	0.36473	9.375e-003	0.	0.
106433	0.36581	8.6302e-003	0.	0.
106434	0.36521	7.4537e-003	0.	0.
106437	0.37204	3.125e-003	0.	0.
106438	0.37069	4.6875e-003	0.	0.
106439	0.37062	3.8545e-003	0.	0.
106440	0.37129	5.0442e-003	0.	0.
106442	0.35308	8.3333e-003	0.	0.
106443	0.35092	8.3333e-003	0.	0.
106444	0.35146	7.2917e-003	0.	0.
106447	0.34122	1.9773e-003	0.	0.
106448	0.34176	9.3563e-004	0.	0.
106449	0.34291	2.6283e-003	0.	0.
106452	0.37367	2.0833e-003	0.	0.
106453	0.37529	1.0417e-003	0.	0.
106454	0.37578	2.0755e-003	0.	0.
106456	0.35471	9.375e-003	0.	0.
106457	0.35579	1.1458e-002	0.	0.
106458	0.35606	1.0417e-002	0.	0.
106462	0.32495	2.2938e-002	0.	0.
106463	0.32712	2.2917e-002	0.	0.
106468	0.35946	-1.6667e-002	0.	0.
106469	0.35804	-1.7708e-002	0.	0.
106471	0.37125	-1.056e-002	0.	0.
106472	0.37077	-9.642e-003	0.	0.
106473	0.36917	-1.0386e-002	0.	0.
106474	0.37003	-1.1812e-002	0.	0.
106476	0.3455	-1.0417e-002	0.	0.
106477	0.34767	-1.0417e-002	0.	0.
106478	0.34699	-1.1476e-002	0.	0.
106479	0.34595	-9.5486e-003	0.	0.
106482	0.36395	-8.1874e-003	0.	0.
106483	0.36171	-8.3925e-003	0.	0.
106484	0.36319	-7.2917e-003	0.	0.
106487	0.35301	2.3046e-002	0.	0.
106488	0.35097	2.2518e-002	0.	0.
106489	0.35073	2.3307e-002	0.	0.
106494	-0.34699	2.3046e-002	0.	0.
106495	-0.34903	2.2518e-002	0.	0.
106496	-0.34927	2.3307e-002	0.	0.
106500	-0.34267	8.3125e-003	0.	0.
106501	-0.34067	8.2708e-003	0.	0.
106502	-0.34121	7.2292e-003	0.	0.
106506	-0.34596	2.0521e-003	0.	0.
106507	-0.34392	2.0208e-003	0.	0.
106508	-0.34446	9.7917e-004	0.	0.
106513	-0.36208	-4.1667e-003	0.	0.
106514	-0.36425	-4.1667e-003	0.	0.
106515	-0.36263	-3.125e-003	0.	0.
106519	-0.35992	-4.1667e-003	0.	0.
106520	-0.36046	-5.2083e-003	0.	0.
106521	-0.36154	-3.125e-003	0.	0.
106525	-0.36642	-4.1667e-003	0.	0.
106526	-0.36696	-5.2083e-003	0.	0.
106527	-0.368	-3.1334e-003	0.	0.
106531	-0.37292	-8.3333e-003	0.	0.
106532	-0.37508	-8.3333e-003	0.	0.
106533	-0.37349	-7.3664e-003	0.	0.
106538	-0.37942	-4.1667e-003	0.	0.
106539	-0.38158	-4.1667e-003	0.	0.
106540	-0.37996	-5.2083e-003	0.	0.
106543	-0.37292	4.1667e-003	0.	0.
106544	-0.37238	3.125e-003	0.	0.
106545	-0.37098	4.2535e-003	0.	0.
106548	-0.37508	4.1667e-003	0.	0.
106549	-0.37454	5.2083e-003	0.	0.
106550	-0.37346	3.125e-003	0.	0.
106552	0.35308	4.1667e-003	0.	0.
106553	0.35525	4.1667e-003	0.	0.
106554	0.35362	3.125e-003	0.	0.
106557	0.35146	5.2083e-003	0.	0.
106558	0.35092	4.1667e-003	0.	0.
106559	0.35254	3.125e-003	0.	0.
106562	-0.38267	2.0833e-003	0.	0.
106563	-0.38429	1.0417e-003	0.	0.
106564	-0.38483	2.0833e-003	0.	0.
106567	-0.35017	2.0833e-003	0.	0.
106568	-0.34955	3.2738e-003	0.	0.
106569	-0.34804	2.0729e-003	0.	0.
106572	-0.35233	2.0833e-003	0.	0.
106573	-0.35179	1.0417e-003	0.	0.
106574	-0.35063	3.2738e-003	0.	0.
106578	-0.35667	2.0833e-003	0.	0.
106579	-0.35829	1.0417e-003	0.	0.
106580	-0.35856	2.0833e-003	0.	0.
106582	0.36214	-1.0758e-003	0.	0.
106583	0.36047	-1.857e-003	0.	0.
106584	0.36241	-2.1174e-003	0.	0.
106585	0.36058	-2.6264e-003	0.	0.
106589	-0.36967	1.0417e-002	0.	0.
106590	-0.37019	1.1607e-002	0.	0.
106591	-0.37102	9.375e-003	0.	0.
106593	-0.37833	1.0417e-002	0.	0.
106594	-0.37617	1.0417e-002	0.	0.
106595	-0.37671	1.1458e-002	0.	0.
106598	-0.37833	-1.0417e-002	0.	0.
106599	-0.37671	-9.375e-003	0.	0.
106600	-0.37779	-1.1458e-002	0.	0.
106603	-0.4016	-2.1875e-002	0.	0.
106604	-0.40309	-2.2934e-002	0.	0.
106605	-0.40107	-2.2917e-002	0.	0.
106607	0.37108	2.2917e-002	0.	0.
106608	0.36958	2.1875e-002	0.	0.
106609	0.36906	2.2917e-002	0.	0.
106612	0.42013	-8.4113e-003	0.	0.
106613	0.42209	-9.6232e-003	0.	0.
106614	0.42125	-8.0363e-003	0.	0.
106616	0.33542	-1.0417e-002	0.	0.
106617	0.33596	-1.1458e-002	0.	0.
106618	0.33674	-9.1146e-003	0.	0.
106619	0.33755	-1.0677e-002	0.	0.
106623	-0.38377	-3.9992e-003	0.	0.
106624	-0.38432	-2.9576e-003	0.	0.
106625	-0.38591	-3.5677e-003	0.	0.
106630	-0.38262	-1.0417e-002	0.	0.
106631	-0.3805	-1.0417e-002	0.	0.
106632	-0.38104	-9.375e-003	0.	0.
106633	-0.38202	-1.139e-002	0.	0.
106636	-0.3675	1.0417e-002	0.	0.
106637	-0.36586	1.1406e-002	0.	0.
106638	-0.36695	9.4318e-003	0.	0.
106639	-0.36533	1.0336e-002	0.	0.
106643	-0.35767	-4.3155e-003	0.	0.
106644	-0.35938	-5.2083e-003	0.	0.
106645	-0.35829	-3.125e-003	0.	0.
106648	0.34342	-1.0417e-002	0.	0.
106649	0.34396	-1.1458e-002	0.	0.
106650	0.34487	-9.5486e-003	0.	0.
106654	0.33908	2.1261e-003	0.	0.
106655	0.34062	1.0417e-003	0.	0.
106656	0.33956	3.125e-003	0.	0.
106659	0.36183	4.3164e-003	0.	0.
106660	0.36242	3.1439e-003	0.	0.
106666	-0.3631	2.2917e-002	0.	0.
106667	-0.36111	2.2768e-002	0.	0.
106668	-0.3619	2.1875e-002	0.	0.
106671	-0.36637	1.6667e-002	0.	0.
106672	-0.36583	1.7708e-002	0.	0.
106673	-0.36493	1.6001e-002	0.	0.
106677	-0.37061	-8.3251e-003	0.	0.
106678	-0.37005	-9.5144e-003	0.	0.
106682	-0.35125	-4.1667e-003	0.	0.
106683	-0.35071	-3.125e-003	0.	0.
106684	-0.34942	-4.1784e-003	0.	0.
106688	-0.35134	8.2095e-003	0.	0.
106689	-0.35199	9.5424e-003	0.	0.
106690	-0.35348	7.9532e-003	0.	0.
106693	-0.34475	8.3333e-003	0.	0.
106694	-0.34421	9.375e-003	0.	0.
106696	0.3718	-9.599e-003	0.	0.
106697	0.37265	-1.139e-002	0.	0.
106698	0.37318	-1.0476e-002	0.	0.
106702	0.37248	8.738e-003	0.	0.
106703	0.37371	9.3514e-003	0.	0.
106704	0.37425	8.3084e-003	0.	0.
106707	-0.37725	-4.1667e-003	0.	0.
106708	-0.37671	-3.125e-003	0.	0.
106709	-0.37517	-4.3403e-003	0.	0.
106713	-0.3805	2.0833e-003	0.	0.
106714	-0.38095	2.9514e-003	0.	0.
106718	-0.37884	1.1006e-003	0.	0.
106719	-0.37987	2.9514e-003	0.	0.
106720	-0.37842	2.2569e-003	0.	0.
106723	-0.3554	-4.3403e-003	0.	0.
106724	-0.35713	-3.2738e-003	0.	0.
106729	-0.3545	2.0833e-003	0.	0.
106730	-0.35504	3.125e-003	0.	0.
106734	-0.35331	-4.1915e-003	0.	0.
106735	-0.35179	-3.125e-003	0.	0.
106736	-0.35269	-5.2083e-003	0.	0.
106741	0.34713	1.2208e-003	0.	0.
106742	0.34758	2.2569e-003	0.	0.
106743	0.34611	2.7344e-003	0.	0.
106746	0.35953	4.2975e-003	0.	0.
106747	0.36116	3.2558e-003	0.	0.
106748	0.36037	5.4607e-003	0.	0.
106751	0.35742	4.1667e-003	0.	0.
106752	0.35683	5.1693e-003	0.	0.
106757	0.36618	-8.1096e-003	0.	0.
106758	0.3677	-9.173e-003	0.	0.
106759	0.36704	-7.2139e-003	0.	0.
106762	-0.36204	8.1868e-003	0.	0.
106763	-0.36366	9.1477e-003	0.	0.
106764	-0.36292	7.0074e-003	0.	0.
106767	-0.35992	8.3333e-003	0.	0.
106768	-0.35776	8.3697e-003	0.	0.
106769	-0.35919	7.2917e-003	0.	0.
106774	-0.36208	-8.3333e-003	0.	0.
106775	-0.36434	-8.3405e-003	0.	0.
106778	-0.36261	-1.3622e-002	0.	0.
106779	-0.36091	-1.4287e-002	0.	0.
106784	-0.36433	-1.2649e-002	0.	0.
106787	-0.34903	8.1876e-003	0.	0.
106788	-0.3507	9.3749e-003	0.	0.
106792	-0.34692	8.3333e-003	0.	0.
106793	-0.34529	9.375e-003	0.	0.
106794	-0.34619	7.2917e-003	0.	0.
106797	-0.34192	1.9792e-003	0.	0.
106798	-0.34137	3.0208e-003	0.	0.
106799	-0.34005	1.9651e-003	0.	0.
106802	0.34033	-8.3333e-003	0.	0.
106803	0.33981	-7.1521e-003	0.	0.
106804	0.3382	-8.0729e-003	0.	0.
106805	0.33901	-9.6354e-003	0.	0.
106808	0.33936	1.0417e-002	0.	0.
106809	0.33996	1.1458e-002	0.	0.
106810	0.34169	1.0937e-002	0.	0.
106811	0.34074	9.1146e-003	0.	0.
106813	0.34996	-2.0833e-002	0.	0.
106814	0.3505	-2.1875e-002	0.	0.
106815	0.3517	-2.0052e-002	0.	0.
106819	-0.35042	-1.0453e-002	0.	0.
106820	-0.35096	-1.1491e-002	0.	0.
106821	-0.35219	-1.0435e-002	0.	0.
106824	0.30197	-1.4772e-002	0.	0.
106825	0.30294	-1.4153e-002	0.	0.
106826	0.30162	-1.285e-002	0.	0.
106828	0.37578	-1.1365e-002	0.	0.
106829	0.37629	-1.0462e-002	0.	0.
106830	0.37481	-1.0444e-002	0.	0.
106831	0.37535	-9.4036e-003	0.	0.
106836	-0.3188	1.8134e-002	0.	0.
106837	-0.31981	1.7966e-002	0.	0.
106838	-0.31916	1.6334e-002	0.	0.
106842	-0.42298	-1.8996e-002	0.	0.
106843	-0.42287	-1.7178e-002	0.	0.
106845	-0.34408	-2.1771e-003	0.	0.
106846	-0.34354	-1.1406e-003	0.	0.
106847	-0.34262	-3.2517e-003	0.	0.
106848	-0.34233	-2.2118e-003	0.	0.
106851	-0.34787	-9.4392e-003	0.	0.
106852	-0.34842	-1.0477e-002	0.	0.
106853	-0.34667	-1.0497e-002	0.	0.
106855	-0.39933	2.1875e-002	0.	0.
106859	-0.39515	-1.2455e-002	0.	0.
106860	-0.39449	-1.3689e-002	0.	0.
106862	-0.30702	-9.794e-003	0.	0.
106863	-0.3077	-1.1359e-002	0.	0.
106864	-0.308	-9.5446e-003	0.	0.
106869	-0.36997	-1.48e-002	0.	0.
106870	-0.36785	-1.3972e-002	0.	0.
106871	-0.3691	-1.3046e-002	0.	0.
106872	-0.37005	-1.3967e-002	0.	0.
106876	0.37939	-1.024e-002	0.	0.
106877	0.37872	-1.1534e-002	0.	0.
106878	0.37777	-1.048e-002	0.	0.
106879	0.37831	-9.4427e-003	0.	0.
106880	0.37917	-1.0913e-002	0.	0.
106882	0.38193	-2.4427e-003	0.	0.
106883	0.383	-3.2474e-003	0.	0.
106884	0.38354	-2.2122e-003	0.	0.
106885	0.3826	-1.1458e-003	0.	0.
106886	0.38212	-1.7201e-003	0.	0.
106890	-0.38064	1.5625e-002	0.	0.
106891	-0.38004	1.7708e-002	0.	0.
106895	-0.41667	1.557e-002	0.	0.
106896	-0.41759	1.5018e-002	0.	0.
106897	-0.41716	1.7321e-002	0.	0.
106898	-0.41864	1.6246e-002	0.	0.
106903	0.39904	2.2875e-002	0.	0.
106908	0.40629	-1.4907e-002	0.	0.
106910	-0.33988	-9.5417e-003	0.	0.
106911	-0.33842	-1.0596e-002	0.	0.
106912	-0.33902	-1.1532e-002	0.	0.
106914	-0.34566	-1.6747e-002	0.	0.
106915	-0.345	-1.5714e-002	0.	0.
106916	-0.34402	-1.7879e-002	0.	0.
106917	-0.3436	-1.6379e-002	0.	0.
106918	-0.34337	-1.715e-002	0.	0.
106920	-0.33608	-2.3316e-003	0.	0.
106921	-0.3375	-1.1085e-003	0.	0.
106922	-0.33783	-2.2977e-003	0.	0.
106925	-0.34133	-8.4844e-003	0.	0.
106926	-0.34079	-7.4531e-003	0.	0.
106930	-0.39077	-1.0417e-003	0.	0.
106931	-0.38921	-2.1631e-003	0.	0.
106932	-0.38995	-2.9929e-003	0.	0.
106936	-0.38688	2.303e-002	0.	0.
106937	-0.38846	2.1875e-002	0.	0.
106938	-0.38897	2.2917e-002	0.	0.
106945	-0.39754	-2.1875e-002	0.	0.
106946	-0.39905	-2.2917e-002	0.	0.
106947	-0.39728	-2.2917e-002	0.	0.
106950	-0.42011	1.2924e-002	0.	0.
106951	-0.41837	1.3192e-002	0.	0.
106952	-0.41834	1.2283e-002	0.	0.
106957	0.38595	-3.3021e-003	0.	0.
106958	0.38648	-2.2695e-003	0.	0.
106959	0.38501	-2.2409e-003	0.	0.
106960	0.38554	-1.2057e-003	0.	0.
106962	0.41407	5.3785e-003	0.	0.
106963	0.41606	5.6736e-003	0.	0.
106964	0.41453	6.4479e-003	0.	0.
106965	0.41562	4.4708e-003	0.	0.
106967	-0.33763	4.0007e-003	0.	0.
106968	-0.33668	2.9284e-003	0.	0.
106969	-0.33617	3.9746e-003	0.	0.
106970	-0.33713	4.9078e-003	0.	0.
106974	-0.33408	-2.3698e-003	0.	0.
106975	-0.33463	-3.3976e-003	0.	0.
106980	-0.33625	-6.4818e-003	0.	0.
106981	-0.33679	-7.5087e-003	0.	0.
106984	-0.34438	-2.1913e-002	0.	0.
106985	-0.34317	-2.2945e-002	0.	0.
106986	-0.34467	-2.2943e-002	0.	0.
106989	0.42186	1.1417e-002	0.	0.
106990	0.42292	1.3028e-002	0.	0.
106993	0.41147	-7.3521e-003	0.	0.
106994	0.41298	-7.8427e-003	0.	0.
106995	0.41188	-6.4337e-003	0.	0.
106998	0.41431	-2.872e-003	0.	0.
106999	0.41279	-2.515e-003	0.	0.
107000	0.41391	-3.8381e-003	0.	0.
107004	-0.33154	-1.3802e-003	0.	0.
107005	-0.33208	-2.408e-003	0.	0.
107006	-0.33062	-3.4705e-003	0.	0.
107007	-0.33033	-2.441e-003	0.	0.
107010	-0.33588	-9.5938e-003	0.	0.
107011	-0.33642	-1.0622e-002	0.	0.
107014	-0.33825	-1.3558e-002	0.	0.
107015	-0.33869	-1.5052e-002	0.	0.
107016	-0.33739	-1.5461e-002	0.	0.
107017	-0.33891	-1.4289e-002	0.	0.
107020	-0.33338	2.8804e-003	0.	0.
107021	-0.33461	3.9605e-003	0.	0.
107022	-0.3341	5.0067e-003	0.	0.
107025	-0.333	2.2906e-002	0.	0.
107026	-0.33153	2.1929e-002	0.	0.
107029	0.38893	-3.1192e-003	0.	0.
107030	0.38942	-2.3268e-003	0.	0.
107031	0.38795	-2.2982e-003	0.	0.
107032	0.38848	-1.2656e-003	0.	0.
107036	0.38595	-9.7007e-003	0.	0.
107037	0.38458	-8.8173e-003	0.	0.
107038	0.38537	-7.351e-003	0.	0.
107039	0.38491	-8.e-003	0.	0.
107042	0.38013	-1.6741e-002	0.	0.
107043	0.38076	-1.556e-002	0.	0.
107044	0.38217	-1.6427e-002	0.	0.
107045	0.3814	-1.7865e-002	0.	0.
107046	0.38184	-1.7237e-002	0.	0.
107048	-0.39426	1.8109e-002	0.	0.
107051	-0.31076	-2.2233e-002	0.	0.
107052	-0.3107	-2.3244e-002	0.	0.
107056	0.41485	1.1491e-002	0.	0.
107057	0.41543	1.2556e-002	0.	0.
107058	0.41677	1.2067e-002	0.	0.
107061	-0.40621	-9.4792e-003	0.	0.
107062	-0.40802	-1.0061e-002	0.	0.
107063	-0.40589	-1.049e-002	0.	0.
107064	-0.40803	-1.0927e-002	0.	0.
107065	-0.40688	-1.1386e-002	0.	0.
107070	-0.33838	-2.1929e-002	0.	0.
107071	-0.33867	-2.2953e-002	0.	0.
107072	-0.33717	-2.2956e-002	0.	0.
107075	0.30263	2.2641e-002	0.	0.
107076	0.30056	2.282e-002	0.	0.
107081	-0.40633	7.125e-003	0.	0.
107082	-0.40471	8.2188e-003	0.	0.
107083	-0.40543	9.2812e-003	0.	0.
107087	-0.32078	1.3545e-002	0.	0.
107088	-0.31961	1.4301e-002	0.	0.
107089	-0.31983	1.4967e-002	0.	0.
107093	-0.34021	7.2083e-003	0.	0.
107094	-0.33863	9.0299e-003	0.	0.
107099	-0.32382	2.008e-002	0.	0.
107100	-0.32258	2.0776e-002	0.	0.
107101	-0.32304	2.1838e-002	0.	0.
107103	0.39184	-3.4115e-003	0.	0.
107104	0.39237	-2.3841e-003	0.	0.
107105	0.39089	-2.3555e-003	0.	0.
107106	0.39142	-1.3255e-003	0.	0.
107109	0.32424	-1.0848e-002	0.	0.
107110	0.32332	-8.9331e-003	0.	0.
107114	0.32428	1.0669e-002	0.	0.
107115	0.3233	8.3363e-003	0.	0.
107116	0.32464	9.0263e-003	0.	0.
107120	-0.32258	-9.0567e-003	0.	0.
107121	-0.32045	-1.0825e-002	0.	0.
107122	-0.31996	-9.713e-003	0.	0.
107123	-0.32219	-1.0242e-002	0.	0.
107124	-0.32145	-8.7156e-003	0.	0.
107129	-0.32772	-9.5557e-003	0.	0.
107130	-0.32718	-8.5349e-003	0.	0.
107131	-0.329	-8.6143e-003	0.	0.
107133	-0.32449	-3.435e-003	0.	0.
107134	-0.32394	-2.4142e-003	0.	0.
107135	-0.32548	-1.4637e-003	0.	0.
107136	-0.32577	-2.4906e-003	0.	0.
107139	-0.33203	-1.8051e-002	0.	0.
107140	-0.33295	-1.5844e-002	0.	0.
107141	-0.33351	-1.7009e-002	0.	0.
107142	-0.33122	-1.6626e-002	0.	0.
107144	-0.32557	-1.3352e-002	0.	0.
107145	-0.32674	-1.1456e-002	0.	0.
107146	-0.32728	-1.2477e-002	0.	0.
107147	-0.32514	-1.2294e-002	0.	0.
107150	-0.32457	-7.3724e-003	0.	0.
107151	-0.32511	-8.3932e-003	0.	0.
107152	-0.32365	-9.487e-003	0.	0.
107153	-0.32291	-7.9609e-003	0.	0.
107157	-0.36848	1.6518e-002	0.	0.
107158	-0.36687	1.7708e-002	0.	0.
107159	-0.36771	1.5625e-002	0.	0.
107163	-0.38472	-1.0247e-002	0.	0.
107164	-0.38307	-1.139e-002	0.	0.
107165	-0.38395	-9.375e-003	0.	0.
107167	-0.39099	2.2917e-002	0.	0.
107168	-0.39293	2.2917e-002	0.	0.
107173	-0.40129	1.4583e-002	0.	0.
107174	-0.39933	1.4441e-002	0.	0.
107178	-0.361	-2.2917e-002	0.	0.
107182	-0.36303	-2.2938e-002	0.	0.
107183	-0.36251	-2.1889e-002	0.	0.
107188	0.36702	2.2917e-002	0.	0.
107189	0.3651	2.3063e-002	0.	0.
107193	0.36258	-2.2896e-002	0.	0.
107194	0.36485	-2.2845e-002	0.	0.
107195	0.36333	-2.1751e-002	0.	0.
107199	-0.32242	7.5596e-003	0.	0.
107202	0.30951	1.6428e-002	0.	0.
107203	0.31046	1.4495e-002	0.	0.
107206	-0.42315	7.1877e-003	0.	0.
107207	-0.42237	6.9159e-003	0.	0.
107209	-0.31473	1.6221e-002	0.	0.
107210	-0.31341	1.7687e-002	0.	0.
107211	-0.3147	1.7327e-002	0.	0.
107215	-0.40567	-2.1944e-002	0.	0.
107216	-0.40714	-2.3003e-002	0.	0.
107217	-0.40511	-2.2969e-002	0.	0.
107221	0.40091	1.5461e-002	0.	0.
107224	0.38726	-1.4988e-002	0.	0.
107225	0.38856	-1.5441e-002	0.	0.
107226	0.38799	-1.3634e-002	0.	0.
107227	0.38756	-1.4257e-002	0.	0.
107231	0.3893	-1.0617e-002	0.	0.
107232	0.38983	-9.5914e-003	0.	0.
107233	0.3905	-1.1667e-002	0.	0.
107234	0.39102	-1.0642e-002	0.	0.
107236	0.39492	-3.2083e-003	0.	0.
107237	0.39384	-2.4128e-003	0.	0.
107238	0.39436	-1.3854e-003	0.	0.
107242	0.38505	-2.2948e-002	0.	0.
107243	0.38306	-2.2779e-002	0.	0.
107244	0.38383	-2.1919e-002	0.	0.
107248	-0.38819	-8.3333e-003	0.	0.
107249	-0.38978	-8.3333e-003	0.	0.
107253	-0.34454	-1.1198e-003	0.	0.
107254	-0.34609	-2.2872e-003	0.	0.
107255	-0.34538	-3.1992e-003	0.	0.
107258	0.41891	-1.6545e-002	0.	0.
107259	0.42122	-1.7245e-002	0.	0.
107264	0.41962	-2.2713e-002	0.	0.
107265	0.41797	-2.2762e-002	0.	0.
107267	-0.34201	2.0513e-002	0.	0.
107268	-0.3425	1.875e-002	0.	0.
107270	-0.30923	1.1033e-002	0.	0.
107271	-0.30819	1.0465e-002	0.	0.
107274	0.39355	-1.1703e-002	0.	0.
107275	0.39407	-1.0681e-002	0.	0.
107276	0.39259	-1.0663e-002	0.	0.
107277	0.39311	-9.638e-003	0.	0.
107280	0.42188	1.4542e-002	0.	0.
107283	-0.31646	1.4493e-002	0.	0.
107284	-0.3181	1.3923e-002	0.	0.
107287	0.32682	-1.5353e-002	0.	0.
107288	0.3281	-1.7482e-002	0.	0.
107289	0.32856	-1.595e-002	0.	0.
107294	0.39911	1.4398e-002	0.	0.
107295	0.39963	1.3589e-002	0.	0.
107299	-0.40931	2.0021e-002	0.	0.
107300	-0.40942	2.2028e-002	0.	0.
107304	0.41268	1.1186e-002	0.	0.
107305	0.41224	1.0119e-002	0.	0.
107306	0.41086	1.092e-002	0.	0.
107310	0.32083	-2.2548e-002	0.	0.
107311	0.3199	-2.2663e-002	0.	0.
107312	0.32031	-2.1014e-002	0.	0.
107314	0.32072	2.2391e-002	0.	0.
107315	0.31982	2.2622e-002	0.	0.
107316	0.32011	2.0908e-002	0.	0.
107319	-0.39379	7.2917e-003	0.	0.
107320	-0.39216	8.3333e-003	0.	0.
107321	-0.3929	9.375e-003	0.	0.
107325	-0.38467	2.3098e-002	0.	0.
107326	-0.38536	2.2412e-002	0.	0.
107329	0.31096	6.4931e-004	0.	0.
107330	0.31083	-1.533e-003	0.	0.
107334	0.39304	-2.2958e-002	0.	0.
107335	0.39356	-2.1938e-002	0.	0.
107336	0.39504	-2.2958e-002	0.	0.
107341	0.35202	-1.6626e-002	0.	0.
107342	0.35224	-1.8448e-002	0.	0.
107343	0.35111	-1.7013e-002	0.	0.
107345	0.39582	-1.0703e-002	0.	0.
107346	0.39636	-9.7604e-003	0.	0.
107350	0.39875	-3.2402e-003	0.	0.
107351	0.39834	-4.9078e-003	0.	0.
107352	0.39997	-4.4998e-003	0.	0.
107353	0.39949	-5.3913e-003	0.	0.
107354	0.39811	-4.1443e-003	0.	0.
107358	0.39104	-2.2958e-002	0.	0.
107359	0.38905	-2.2798e-002	0.	0.
107360	0.38982	-2.1935e-002	0.	0.
107363	0.39269	-1.5632e-002	0.	0.
107364	0.39224	-1.7206e-002	0.	0.
107365	0.39352	-1.8109e-002	0.	0.
107366	0.3943	-1.6578e-002	0.	0.
107367	0.392	-1.6438e-002	0.	0.
107371	-0.40294	1.5625e-002	0.	0.
107373	0.38374	1.5676e-002	0.	0.
107374	0.38529	1.4287e-002	0.	0.
107375	0.38462	1.3547e-002	0.	0.
107378	-0.42271	-5.1359e-003	0.	0.
107379	-0.42289	-3.1771e-003	0.	0.
107380	-0.4218	-4.4549e-003	0.	0.
107382	0.36185	-1.25e-002	0.	0.
107383	0.36032	-1.1632e-002	0.	0.
107386	0.42293	-2.0242e-002	0.	0.
107387	0.42248	-1.8516e-002	0.	0.
107388	0.42322	-1.8698e-002	0.	0.
107392	-0.34179	-7.4375e-003	0.	0.
107393	-0.34334	-8.6038e-003	0.	0.
107394	-0.34262	-9.5052e-003	0.	0.
107396	-0.30746	-1.6644e-002	0.	0.
107397	-0.30605	-1.8073e-002	0.	0.
107398	-0.30601	-1.6061e-002	0.	0.
107402	0.30226	-9.332e-003	0.	0.
107403	0.30173	-1.1171e-002	0.	0.
107404	0.30289	-1.0817e-002	0.	0.
107406	0.4132	2.2003e-002	0.	0.
107407	0.41172	2.1174e-002	0.	0.
107412	-0.31906	2.1424e-003	0.	0.
107415	-0.3918	-2.0132e-002	0.	0.
107416	-0.39304	-2.1991e-002	0.	0.
107420	0.41797	-5.3481e-003	0.	0.
107421	0.41879	-3.6446e-003	0.	0.
107424	0.41835	-7.0417e-003	0.	0.
107426	-0.30186	-1.4879e-002	0.	0.
107427	-0.30194	-1.2797e-002	0.	0.
107432	0.35888	1.5625e-002	0.	0.
107433	0.35889	1.7751e-002	0.	0.
107434	0.35755	1.7361e-002	0.	0.
107438	0.36937	1.3572e-002	0.	0.
107439	0.3699	1.464e-002	0.	0.
107440	0.36907	1.5249e-002	0.	0.
107442	-0.41667	1.4432e-002	0.	0.
107443	-0.41494	1.5309e-002	0.	0.
107446	0.35561	1.3461e-002	0.	0.
107447	0.35441	1.5371e-002	0.	0.
107448	0.3541	1.4035e-002	0.	0.
107449	0.35401	1.4731e-002	0.	0.
107453	-0.37771	-1.3542e-002	0.	0.
107454	-0.37602	-1.4583e-002	0.	0.
107455	-0.37674	-1.5625e-002	0.	0.
107459	-0.34438	1.3455e-002	0.	0.
107460	-0.34558	1.5364e-002	0.	0.
107461	-0.34589	1.4022e-002	0.	0.
107466	0.35932	2.1268e-002	0.	0.
107467	0.36016	1.9834e-002	0.	0.
107468	0.36172	2.0685e-002	0.	0.
107472	0.3729	2.3041e-002	0.	0.
107477	0.3874	-1.0753e-002	0.	0.
107478	0.38892	-9.5781e-003	0.	0.
107479	0.38811	-1.1638e-002	0.	0.
107481	0.35906	-2.1317e-002	0.	0.
107482	0.35811	-1.9705e-002	0.	0.
107483	0.35929	-2.0494e-002	0.	0.
107486	0.33496	-1.1458e-002	0.	0.
107487	0.33351	-1.0549e-002	0.	0.
107491	-0.40099	2.2917e-002	0.	0.
107492	-0.40265	2.1923e-002	0.	0.
107496	0.33925	-2.0833e-002	0.	0.
107497	0.33979	-2.1875e-002	0.	0.
107500	-0.38103	2.1311e-002	0.	0.
107501	-0.38008	1.9705e-002	0.	0.
107502	-0.38125	2.0482e-002	0.	0.
107504	-0.38326	-2.1875e-002	0.	0.
107505	-0.38495	-2.2938e-002	0.	0.
107510	0.31159	2.1888e-002	0.	0.
107511	0.31055	1.9717e-002	0.	0.
107512	0.31185	2.0192e-002	0.	0.
107513	0.3113	1.9771e-002	0.	0.
107515	0.3095	-1.9489e-002	0.	0.
107516	0.30797	-2.0562e-002	0.	0.
107517	0.30824	-1.921e-002	0.	0.
107518	0.30901	-2.0755e-002	0.	0.
107522	-0.4131	-1.8744e-002	0.	0.
107523	-0.41245	-1.8129e-002	0.	0.
107525	-0.37228	1.0417e-003	0.	0.
107526	-0.37061	-1.6263e-019	0.	0.
107529	0.35372	1.0417e-003	0.	0.
107530	0.35539	-1.6263e-019	0.	0.
107534	0.32907	3.4775e-003	0.	0.
107535	0.328	3.1286e-003	0.	0.
107536	0.32973	1.6546e-003	0.	0.
107537	0.32909	6.7805e-004	0.	0.
107538	0.32808	1.264e-003	0.	0.
107540	0.30213	-1.9261e-002	0.	0.
107541	0.30202	-1.6882e-002	0.	0.
107542	0.30308	-1.8133e-002	0.	0.
107546	-0.31456	-1.7529e-002	0.	0.
107547	-0.3168	-1.8625e-002	0.	0.
107552	0.40888	1.6653e-002	0.	0.
107553	0.40848	1.559e-002	0.	0.
107554	0.40697	1.6245e-002	0.	0.
107556	-0.30157	-1.6797e-002	0.	0.
107557	-0.30228	-1.6523e-002	0.	0.
107559	-0.40973	-2.2049e-002	0.	0.
107560	-0.40916	-2.3038e-002	0.	0.
107561	-0.41101	-2.3137e-002	0.	0.
107565	0.38107	-2.2774e-002	0.	0.
107566	0.37915	-2.2935e-002	0.	0.
107567	0.38034	-2.1909e-002	0.	0.
107572	0.30265	1.7929e-002	0.	0.
107573	0.30149	1.6836e-002	0.	0.
107574	0.30219	1.8499e-002	0.	0.
107575	0.30215	1.722e-002	0.	0.
107579	0.37071	-2.1879e-002	0.	0.
107580	0.37214	-2.0063e-002	0.	0.
107584	0.38143	1.0474e-002	0.	0.
107585	0.383	9.0903e-003	0.	0.
107586	0.38218	1.1346e-002	0.	0.
107590	-0.41269	-2.3008e-002	0.	0.
107594	-0.32248	-1.3228e-003	0.	0.
107595	-0.3218	5.5788e-004	0.	0.
107596	-0.32264	3.0381e-004	0.	0.
107599	0.38705	-2.2793e-002	0.	0.
107600	0.38633	-2.1924e-002	0.	0.
107604	-0.37038	-2.0961e-002	0.	0.
107605	-0.3725	-2.086e-002	0.	0.
107606	-0.37187	-2.1905e-002	0.	0.
107610	0.41112	1.6951e-002	0.	0.
107612	0.39754	-1.4791e-002	0.	0.
107613	0.39597	-1.55e-002	0.	0.
107616	0.39704	-2.2958e-002	0.	0.
107620	0.31422	1.7277e-002	0.	0.
107621	0.31369	1.6148e-002	0.	0.
107622	0.31293	1.7798e-002	0.	0.
107624	0.30817	5.9415e-003	0.	0.
107625	0.30723	4.672e-003	0.	0.
107626	0.30813	3.625e-003	0.	0.
107627	0.30757	4.1221e-003	0.	0.
107630	0.3339	-4.1011e-003	0.	0.
107631	0.33243	-5.5642e-003	0.	0.
107632	0.33144	-4.7209e-003	0.	0.
107633	0.33395	-4.842e-003	0.	0.
107634	0.33185	-5.3066e-003	0.	0.
107637	0.33167	1.3021e-003	0.	0.
107638	0.33251	6.1367e-004	0.	0.
107639	0.33349	1.7173e-003	0.	0.
107642	0.32961	5.7937e-003	0.	0.
107643	0.32831	4.3385e-003	0.	0.
107647	0.37774	1.5519e-002	0.	0.
107651	0.3254	-1.3143e-002	0.	0.
107657	-0.34625	-1.5699e-002	0.	0.
107661	0.33856	3.1677e-003	0.	0.
107662	0.33767	1.4044e-003	0.	0.
107667	0.33216	-1.9869e-002	0.	0.
107668	0.3332	-1.804e-002	0.	0.
107669	0.33215	-1.8047e-002	0.	0.
107672	0.32815	-1.9252e-002	0.	0.
107675	0.32882	1.9873e-002	0.	0.
107676	0.32887	1.8241e-002	0.	0.
107678	0.33332	1.9897e-002	0.	0.
107679	0.33207	1.8196e-002	0.	0.
107680	0.33317	1.8204e-002	0.	0.
107685	0.33306	2.1875e-002	0.	0.
107688	0.31055	-1.5639e-002	0.	0.
107689	0.30853	-1.6026e-002	0.	0.
107692	0.33503	-1.3802e-002	0.	0.
107693	0.33412	-1.6139e-002	0.	0.
107694	0.33361	-1.4531e-002	0.	0.
107695	0.33514	-1.61e-002	0.	0.
107699	-0.31745	1.913e-002	0.	0.
107700	-0.31955	1.8991e-002	0.	0.
107701	-0.31786	1.9937e-002	0.	0.
107702	-0.31862	2.0143e-002	0.	0.
107704	0.3099	-9.9106e-003	0.	0.
107705	0.31071	-8.4912e-003	0.	0.
107706	0.31135	-9.6002e-003	0.	0.
107707	0.30988	-9.0705e-003	0.	0.
107709	-0.35915	2.2768e-002	0.	0.
107710	-0.35719	2.2917e-002	0.	0.
107711	-0.35848	2.1875e-002	0.	0.
107716	0.4225	2.2341e-002	0.	0.
107717	0.42282	2.3087e-002	0.	0.
107718	0.4236	2.3165e-002	0.	0.
107720	-0.36253	-5.2083e-004	0.	0.
107721	-0.36381	6.4099e-004	0.	0.
107722	-0.36215	1.5585e-003	0.	0.
107723	-0.36327	2.7152e-003	0.	0.
107727	0.3678	-5.2083e-004	0.	0.
107728	0.36615	-1.5585e-003	0.	0.
107729	0.36702	5.5695e-006	0.	0.
107730	0.36727	-2.7152e-003	0.	0.
107733	0.31545	7.6429e-003	0.	0.
107734	0.31507	5.4373e-003	0.	0.
107735	0.31592	6.156e-003	0.	0.
107737	0.31963	-9.4866e-003	0.	0.
107738	0.32018	-7.971e-003	0.	0.
107739	0.31918	-7.5452e-003	0.	0.
107741	0.32646	4.6823e-003	0.	0.
107742	0.32552	4.3568e-003	0.	0.
107743	0.32608	6.4508e-003	0.	0.
107744	0.3248	5.6665e-003	0.	0.
107748	0.32204	4.6569e-003	0.	0.
107749	0.32103	4.463e-003	0.	0.
107750	0.32271	3.1624e-003	0.	0.
107753	-0.31449	-4.3229e-003	0.	0.
107754	-0.31469	-5.4714e-003	0.	0.
107755	-0.31609	-3.5799e-003	0.	0.
107756	-0.31645	-5.2682e-003	0.	0.
107757	-0.317	-4.403e-003	0.	0.
107761	-0.41522	-1.0991e-002	0.	0.
107764	-0.33224	-2.0155e-002	0.	0.
107765	-0.33187	-2.1358e-002	0.	0.
107766	-0.33308	-2.2042e-002	0.	0.
107769	0.32619	1.1625e-002	0.	0.
107770	0.32863	1.1089e-002	0.	0.
107771	0.32654	9.9823e-003	0.	0.
107772	0.32802	1.0576e-002	0.	0.
107776	-0.3155	1.6473e-002	0.	0.
107779	0.37875	4.2883e-003	0.	0.
107780	0.38032	2.9771e-003	0.	0.
107781	0.37938	5.0555e-003	0.	0.
107783	-0.30693	2.3281e-002	0.	0.
107790	0.37964	-1.5551e-002	0.	0.
107793	0.40952	1.5743e-002	0.	0.
107797	-0.41762	4.0512e-003	0.	0.
107798	-0.41566	5.1784e-003	0.	0.
107802	-0.41941	8.3342e-003	0.	0.
107805	-0.37524	2.2917e-002	0.	0.
107810	-0.31001	-1.6459e-002	0.	0.
107811	-0.30935	-1.7075e-002	0.	0.
107812	-0.30753	-1.5767e-002	0.	0.
107817	0.36015	1.3715e-002	0.	0.
107820	0.33771	9.375e-003	0.	0.
107821	0.33668	7.2917e-003	0.	0.
107824	-0.38201	-2.0115e-002	0.	0.
107826	0.40516	-2.1938e-002	0.	0.
107827	0.40688	-2.2958e-002	0.	0.
107830	0.37582	1.4324e-002	0.	0.
107831	0.37645	1.3442e-002	0.	0.
107834	0.30311	-1.9392e-002	0.	0.
107835	0.30213	-2.1641e-002	0.	0.
107838	0.304	2.1281e-002	0.	0.
107839	0.30493	1.9071e-002	0.	0.
107840	0.30397	1.9034e-002	0.	0.
107841	0.30351	1.9603e-002	0.	0.
107845	0.36056	-2.2496e-002	0.	0.
107846	0.3596	-2.2747e-002	0.	0.
107847	0.35988	-2.115e-002	0.	0.
107849	-0.35638	-1.4207e-002	0.	0.
107850	-0.35701	-1.247e-002	0.	0.
107851	-0.35718	-1.3447e-002	0.	0.
107855	-0.3826	2.2508e-002	0.	0.
107856	-0.3816	2.2741e-002	0.	0.
107857	-0.38187	2.1133e-002	0.	0.
107861	-0.41356	-1.5084e-002	0.	0.
107862	-0.41563	-1.5083e-002	0.	0.
107863	-0.4152	-1.5659e-002	0.	0.
107870	-0.41148	1.4144e-002	0.	0.
107871	-0.41313	1.5368e-002	0.	0.
107872	-0.4122	1.4273e-002	0.	0.
107876	-0.37711	-2.2917e-002	0.	0.
107879	-0.34468	2.2738e-002	0.	0.
107880	-0.34506	2.3357e-002	0.	0.
107885	0.35523	2.2755e-002	0.	0.
107886	0.35494	2.3357e-002	0.	0.
107890	0.34663	-2.1875e-002	0.	0.
107895	0.33695	2.3056e-002	0.	0.
107901	-0.37708	2.2917e-002	0.	0.
107904	0.34011	1.3393e-002	0.	0.
107905	0.34161	1.4094e-002	0.	0.
107906	0.34135	1.4923e-002	0.	0.
107909	0.34275	2.2917e-002	0.	0.
107910	0.34112	2.1875e-002	0.	0.
107913	0.34012	-1.3542e-002	0.	0.
107914	0.34158	-1.4583e-002	0.	0.
107917	0.32464	-2.1248e-002	0.	0.
107918	0.32562	-2.0402e-002	0.	0.
107920	-0.34795	-2.1966e-002	0.	0.
107921	-0.34972	-2.0948e-002	0.	0.
107924	0.40751	2.0341e-003	0.	0.
107925	0.40849	1.301e-003	0.	0.
107926	0.40902	2.184e-003	0.	0.
107928	-0.42103	2.3108e-002	0.	0.
107929	-0.4196	2.2312e-002	0.	0.
107930	-0.41927	2.3301e-002	0.	0.
107935	0.40815	-1.6027e-002	0.	0.
107936	0.40934	-1.7924e-002	0.	0.
107937	0.40988	-1.6875e-002	0.	0.
107939	0.4107	-1.2156e-002	0.	0.
107940	0.41156	-1.397e-002	0.	0.
107941	0.41204	-1.3021e-002	0.	0.
107945	-0.33173	1.8047e-002	0.	0.
107946	-0.33237	1.7133e-002	0.	0.
107947	-0.33116	1.644e-002	0.	0.
107950	-0.33557	1.4404e-002	0.	0.
107951	-0.33422	1.2924e-002	0.	0.
107955	0.37771	-2.1896e-002	0.	0.
107956	0.3763	-2.0858e-002	0.	0.
107959	0.31458	2.3043e-002	0.	0.
107963	0.31458	-2.3044e-002	0.	0.
107968	-0.31427	2.2309e-002	0.	0.
107969	-0.31349	2.3212e-002	0.	0.
107970	-0.31535	2.3484e-002	0.	0.
107973	-0.40914	1.7976e-002	0.	0.
107976	-0.41045	1.2304e-002	0.	0.
107977	-0.41153	1.3316e-002	0.	0.
107981	-0.40942	8.8611e-003	0.	0.
107982	-0.40946	1.0682e-002	0.	0.
107986	-0.39478	2.2917e-002	0.	0.
107990	-0.41102	1.9151e-002	0.	0.
107991	-0.41335	1.9118e-002	0.	0.
107995	0.33485	1.1458e-002	0.	0.
107996	0.33332	1.0841e-002	0.	0.
107997	0.33321	1.0173e-002	0.	0.
107999	-0.37883	-2.2917e-002	0.	0.
108002	0.32267	2.2979e-002	0.	0.
108010	-0.41093	2.3416e-002	0.	0.
108014	0.32957	1.4295e-002	0.	0.
108015	0.32758	1.4705e-002	0.	0.
108018	-0.41334	1.2423e-002	0.	0.
108021	-0.32713	2.3486e-002	0.	0.
108026	-0.30188	8.8047e-003	0.	0.
108031	-0.42327	-2.0815e-002	0.	0.
108032	-0.42224	-2.045e-002	0.	0.
108035	-0.38945	-2.252e-002	0.	0.
108041	-0.38886	1.4387e-002	0.	0.
108042	-0.38684	1.517e-002	0.	0.
108043	-0.38688	1.4248e-002	0.	0.
108044	-0.38864	1.5267e-002	0.	0.
108046	0.34804	-2.0833e-002	0.	0.
108047	0.34962	-2.1875e-002	0.	0.
108050	-0.40565	-1.4271e-002	0.	0.
108051	-0.40357	-1.4413e-002	0.	0.
108054	-0.42294	-1.5424e-002	0.	0.
108056	-0.38665	-2.1943e-002	0.	0.
108057	-0.38817	-2.1401e-002	0.	0.
108061	-0.31494	4.1533e-003	0.	0.
108062	-0.31384	3.7079e-003	0.	0.
108063	-0.31416	2.0595e-003	0.	0.
108072	0.3651	1.405e-002	0.	0.
108075	0.33018	7.9645e-003	0.	0.
108077	0.4203	-7.375e-003	0.	0.
108081	0.37926	8.0942e-003	0.	0.
108082	0.37931	6.6115e-003	0.	0.
108086	-0.30618	-2.1859e-002	0.	0.
108087	-0.30693	-2.325e-002	0.	0.
108090	0.41757	6.8993e-003	0.	0.
108091	0.41842	8.9357e-003	0.	0.
108093	0.32096	1.4022e-004	0.	0.
108094	0.32105	-1.3464e-003	0.	0.
108095	0.32201	-1.7539e-003	0.	0.
108098	0.31095	-2.2815e-002	0.	0.
108099	0.31288	-2.3097e-002	0.	0.
108102	0.30901	-2.3198e-002	0.	0.
108103	0.30961	-2.2046e-002	0.	0.
108108	0.31291	2.3177e-002	0.	0.
108112	0.41499	2.3104e-002	0.	0.
108116	0.36431	-7.1458e-003	0.	0.
108117	0.36594	-7.1458e-003	0.	0.
108121	0.34807	-1.1476e-002	0.	0.
108122	0.34902	-9.375e-003	0.	0.
108128	0.35037	7.2917e-003	0.	0.
108129	0.34943	9.1146e-003	0.	0.
108131	0.34768	1.3783e-002	0.	0.
108132	0.34858	1.3894e-002	0.	0.
108133	0.34769	1.5195e-002	0.	0.
108135	0.35037	5.2083e-003	0.	0.
108139	0.3566	1.1458e-002	0.	0.
108141	0.34802	-1.3141e-002	0.	0.
108145	0.37011	1.1742e-002	0.	0.
108146	0.37106	9.9473e-003	0.	0.
108147	0.37004	9.9442e-003	0.	0.
108151	0.3603	8.7302e-003	0.	0.
108152	0.36106	8.8955e-003	0.	0.
108153	0.36047	7.2739e-003	0.	0.
108157	0.3663	1.4992e-003	0.	0.
108158	0.36608	2.644e-003	0.	0.
108161	-0.34728	7.2917e-003	0.	0.
108164	-0.36586	-1.15e-002	0.	0.
108165	-0.36603	-1.3191e-002	0.	0.
108167	-0.36046	-7.2917e-003	0.	0.
108168	-0.36073	-9.375e-003	0.	0.
108171	-0.36028	7.2917e-003	0.	0.
108172	-0.36188	7.1539e-003	0.	0.
108176	0.35791	5.1693e-003	0.	0.
108177	0.35934	5.3299e-003	0.	0.
108181	-0.35367	-5.2331e-003	0.	0.
108184	-0.35287	1.0417e-003	0.	0.
108185	-0.35396	3.125e-003	0.	0.
108187	-0.37887	-5.2083e-003	0.	0.
108188	-0.37779	-3.125e-003	0.	0.
108190	-0.37127	-9.5226e-003	0.	0.
108191	-0.37241	-7.3664e-003	0.	0.
108194	-0.36911	1.1607e-002	0.	0.
108195	-0.36804	9.4318e-003	0.	0.
108199	-0.37887	-1.1458e-002	0.	0.
108200	-0.37996	-9.375e-003	0.	0.
108204	-0.38321	-3.125e-003	0.	0.
108208	-0.3798	9.7753e-003	0.	0.
108213	-0.37562	1.1458e-002	0.	0.
108214	-0.37481	9.375e-003	0.	0.
108218	0.3492	3.2986e-003	0.	0.
108220	-0.37562	5.2083e-003	0.	0.
108221	-0.3768	3.2986e-003	0.	0.
108226	-0.36588	-5.2083e-003	0.	0.
108231	0.33088	-2.1875e-002	0.	0.
108234	-0.35126	-2.1875e-002	0.	0.
108242	0.3585	-7.2917e-003	0.	0.
108243	0.36008	-7.3508e-003	0.	0.
108244	0.35914	-5.3879e-003	0.	0.
108247	-0.36596	-7.2988e-003	0.	0.
108251	-0.35504	5.2083e-003	0.	0.
108252	-0.35614	7.3281e-003	0.	0.
108253	-0.35495	6.8897e-003	0.	0.
108255	-0.37996	-7.2917e-003	0.	0.
108258	-0.37481	7.2917e-003	0.	0.
108262	-0.38429	-1.0417e-003	0.	0.
108263	-0.38537	1.0417e-003	0.	0.
108267	-0.39078	1.0417e-003	0.	0.
108270	-0.39747	1.1317e-003	0.	0.
108271	-0.39702	-5.6103e-004	0.	0.
108275	-0.35179	-1.0417e-003	0.	0.
108278	-0.35829	-1.0417e-003	0.	0.
108279	-0.3591	1.0417e-003	0.	0.
108284	0.3407	-1.4374e-003	0.	0.
108289	0.37633	1.0339e-003	0.	0.
108290	0.37529	-7.381e-004	0.	0.
108295	0.36229	1.0417e-003	0.	0.
108296	0.3631	-1.0417e-003	0.	0.
108300	-0.37042	1.369e-002	0.	0.
108301	-0.36882	1.369e-002	0.	0.
108304	-0.37556	1.3542e-002	0.	0.
108312	-0.34421	1.1458e-002	0.	0.
108323	-0.35616	-8.6041e-003	0.	0.
108324	-0.3569	-8.7728e-003	0.	0.
108326	-0.36336	-9.2151e-004	0.	0.
108329	0.32875	2.1875e-002	0.	0.
108343	-0.37138	-1.1587e-002	0.	0.
108344	-0.36997	-1.137e-002	0.	0.
108347	-0.35055	1.1604e-002	0.	0.
108355	-0.37776	-9.8273e-004	0.	0.
108363	0.39956	-1.4849e-002	0.	0.
108366	-0.34021	1.5967e-002	0.	0.
108367	-0.34223	1.7188e-002	0.	0.
108368	-0.34027	1.6772e-002	0.	0.
108371	-0.38172	-1.6049e-002	0.	0.
108376	0.36768	-1.276e-002	0.	0.
108377	0.36878	-1.4323e-002	0.	0.
108378	0.36741	-1.3782e-002	0.	0.
108379	0.36903	-1.3281e-002	0.	0.
108383	0.3294	-8.1874e-003	0.	0.
108384	0.33133	-7.3978e-003	0.	0.
108385	0.33074	-7.1402e-003	0.	0.
108388	0.37483	-2.1888e-002	0.	0.
108392	0.4031	1.3125e-003	0.	0.
108393	0.40227	1.5537e-003	0.	0.
108394	0.40266	1.3225e-004	0.	0.
108397	0.30201	9.329e-003	0.	0.
108398	0.30194	1.1591e-002	0.	0.
108404	0.41683	1.9259e-002	0.	0.
108407	-0.32425	-1.5302e-002	0.	0.
108408	-0.32235	-1.7058e-002	0.	0.
108410	-0.32018	-1.2905e-002	0.	0.
108411	-0.31928	-1.0727e-002	0.	0.
108414	-0.31986	-1.4669e-002	0.	0.
108416	-0.3245	-1.3261e-002	0.	0.
108421	-0.31221	-1.6826e-002	0.	0.
108424	-0.4221	1.3794e-002	0.	0.
108427	-0.36682	-2.0052e-002	0.	0.
108428	-0.36716	-1.849e-002	0.	0.
108430	-0.38959	3.0362e-003	0.	0.
108434	0.32639	-6.9635e-003	0.	0.
108435	0.32767	-8.0548e-003	0.	0.
108440	0.32511	1.0326e-002	0.	0.
108442	0.41339	-1.7331e-002	0.	0.
108443	0.41405	-1.6243e-002	0.	0.
108444	0.41192	-1.6589e-002	0.	0.
108445	0.41249	-1.5657e-002	0.	0.
108448	-0.30371	-5.5723e-003	0.	0.
108449	-0.30422	-7.6845e-003	0.	0.
108450	-0.30272	-7.2237e-003	0.	0.
108454	-0.30193	1.8974e-002	0.	0.
108455	-0.30167	2.0907e-002	0.	0.
108460	0.32195	-7.125e-003	0.	0.
108461	0.32258	-5.9984e-003	0.	0.
108462	0.32289	-7.4292e-003	0.	0.
108466	-0.31642	5.6641e-003	0.	0.
108470	-0.31752	9.7144e-003	0.	0.
108471	-0.31939	9.4306e-003	0.	0.
108472	-0.31971	1.0454e-002	0.	0.
108476	0.40985	-1.0432e-002	0.	0.
108478	0.30494	-1.3934e-002	0.	0.
108479	0.3056	-1.2469e-002	0.	0.
108483	0.41352	6.2986e-003	0.	0.
108484	0.41217	5.086e-003	0.	0.
108485	0.41274	4.2656e-003	0.	0.
108489	-0.38757	-2.7732e-003	0.	0.
108490	-0.38895	-3.0726e-003	0.	0.
108493	-0.38559	1.8815e-002	0.	0.
108494	-0.38583	1.6811e-002	0.	0.
108495	-0.38508	1.7396e-002	0.	0.
108500	-0.34274	2.1941e-002	0.	0.
108501	-0.34225	2.2509e-002	0.	0.
108504	-0.39273	-1.7173e-002	0.	0.
108505	-0.39155	-1.8379e-002	0.	0.
108506	-0.39194	-1.6716e-002	0.	0.
108511	-0.40007	-1.6664e-002	0.	0.
108512	-0.40008	-1.8435e-002	0.	0.
108513	-0.40075	-1.6803e-002	0.	0.
108515	0.35709	2.2019e-002	0.	0.
108516	0.35767	2.257e-002	0.	0.
108519	0.37803	-4.3533e-003	0.	0.
108520	0.3767	-4.553e-003	0.	0.
108521	0.37783	-2.9427e-003	0.	0.
108523	-0.32456	-5.4219e-003	0.	0.
108524	-0.32565	-7.4635e-003	0.	0.
108527	-0.32781	-1.1547e-002	0.	0.
108528	-0.32673	-9.5052e-003	0.	0.
108532	-0.32348	-3.3802e-003	0.	0.
108534	-0.32882	-1.3517e-002	0.	0.
108542	-0.32366	-1.1437e-002	0.	0.
108547	-0.3297	-1.5401e-002	0.	0.
108550	0.42194	1.9334e-002	0.	0.
108552	-0.3545	-1.7151e-002	0.	0.
108553	-0.35396	-1.8759e-002	0.	0.
108554	-0.35367	-1.6677e-002	0.	0.
108555	-0.35314	-1.8505e-002	0.	0.
108559	-0.39388	5.2083e-003	0.	0.
108560	-0.39369	3.125e-003	0.	0.
108564	-0.38829	4.729e-003	0.	0.
108568	0.41139	-9.6296e-004	0.	0.
108569	0.41149	-1.8222e-003	0.	0.
108570	0.41015	-2.7384e-003	0.	0.
108572	-0.30295	1.7412e-002	0.	0.
108573	-0.30373	1.595e-002	0.	0.
108576	0.40552	2.296e-002	0.	0.
108580	-0.32055	-5.0143e-003	0.	0.
108581	-0.31927	-4.0449e-003	0.	0.
108584	0.42319	-1.1219e-002	0.	0.
108585	0.42337	-1.331e-002	0.	0.
108587	0.40522	1.5085e-002	0.	0.
108588	0.40485	1.3831e-002	0.	0.
108591	0.37139	-1.7044e-002	0.	0.
108592	0.37232	-1.6528e-002	0.	0.
108593	0.37249	-1.8352e-002	0.	0.
108595	-0.41272	-1.6446e-002	0.	0.
108596	-0.41199	-1.5812e-002	0.	0.
108598	0.31124	3.0469e-003	0.	0.
108602	0.41977	1.0349e-002	0.	0.
108604	-0.40253	1.1361e-002	0.	0.
108605	-0.40071	9.8542e-003	0.	0.
108606	-0.40066	1.0676e-002	0.	0.
108609	-0.37568	-1.5625e-002	0.	0.
108611	-0.37038	1.5476e-002	0.	0.
108612	-0.36877	1.5476e-002	0.	0.
108614	-0.37435	1.5625e-002	0.	0.
108619	-0.39303	-7.4624e-003	0.	0.
108620	-0.39144	-7.4624e-003	0.	0.
108621	-0.39303	-5.7697e-003	0.	0.
108623	0.33965	5.2083e-003	0.	0.
108628	0.36439	-1.8041e-002	0.	0.
108629	0.36343	-1.9739e-002	0.	0.
108633	0.36759	-1.9922e-002	0.	0.
108634	0.36746	-1.8099e-002	0.	0.
108635	0.36854	-1.812e-002	0.	0.
108638	0.36314	1.9727e-002	0.	0.
108639	0.36426	1.8208e-002	0.	0.
108642	0.36858	1.994e-002	0.	0.
108643	0.36761	1.814e-002	0.	0.
108644	0.36861	1.8338e-002	0.	0.
108647	0.30532	3.4309e-004	0.	0.
108648	0.30704	1.8904e-004	0.	0.
108651	-0.36257	-1.9806e-002	0.	0.
108652	-0.36157	-1.8156e-002	0.	0.
108657	-0.35842	-1.8211e-002	0.	0.
108658	-0.35734	-1.8105e-002	0.	0.
108662	-0.35429	-1.6109e-002	0.	0.
108663	-0.35576	-1.5891e-002	0.	0.
108664	-0.35604	-1.6892e-002	0.	0.
108667	0.37001	-1.5885e-002	0.	0.
108668	0.3716	-1.6151e-002	0.	0.
108669	0.36982	-1.6948e-002	0.	0.
108672	0.33116	-1.3291e-002	0.	0.
108673	0.33168	-1.4102e-002	0.	0.
108674	0.3301	-1.4879e-002	0.	0.
108677	0.33099	1.3233e-002	0.	0.
108678	0.33173	1.4175e-002	0.	0.
108680	0.31512	-4.6035e-003	0.	0.
108681	0.31498	-2.2325e-003	0.	0.
108682	0.31608	-3.227e-003	0.	0.
108686	0.31973	-4.9141e-003	0.	0.
108687	0.31878	-4.5117e-003	0.	0.
108688	0.31894	-5.957e-003	0.	0.
108689	0.31807	-5.5693e-003	0.	0.
108692	0.4166	4.6167e-003	0.	0.
108696	0.31398	-6.2998e-003	0.	0.
108697	0.3162	-5.87e-003	0.	0.
108700	-0.31527	8.9141e-003	0.	0.
108701	-0.31275	8.0885e-003	0.	0.
108706	-0.32269	3.5579e-003	0.	0.
108707	-0.32156	2.3292e-003	0.	0.
108708	-0.32076	2.7325e-003	0.	0.
108711	-0.36544	6.4099e-004	0.	0.
108713	0.36783	5.264e-004	0.	0.
108714	0.36942	-5.2083e-004	0.	0.
108718	0.3389	1.1458e-002	0.	0.
108723	-0.3667	-2.2005e-002	0.	0.
108724	-0.36832	-2.1021e-002	0.	0.
108726	-0.3651	-2.2982e-002	0.	0.
108730	-0.30889	-2.0838e-002	0.	0.
108731	-0.30703	-1.9707e-002	0.	0.
108732	-0.30714	-2.0555e-002	0.	0.
108737	0.324	-2.2674e-002	0.	0.
108738	0.32508	-2.2701e-002	0.	0.
108740	0.40874	1.3476e-002	0.	0.
108741	0.40922	1.1538e-002	0.	0.
108742	0.40767	1.1311e-002	0.	0.
108747	-0.39184	9.375e-003	0.	0.
108751	-0.38659	-9.2054e-003	0.	0.
108752	-0.38501	-9.2054e-003	0.	0.
108753	-0.38583	-8.5658e-003	0.	0.
108756	-0.31138	-1.0105e-002	0.	0.
108759	-0.31318	2.2188e-002	0.	0.
108760	-0.31477	2.0903e-002	0.	0.
108761	-0.31329	2.0509e-002	0.	0.
108763	-0.30244	-4.2718e-003	0.	0.
108764	-0.30395	-3.804e-003	0.	0.
108768	0.42125	2.127e-002	0.	0.
108773	0.35353	1.568e-002	0.	0.
108774	0.35337	1.6896e-002	0.	0.
108776	-0.34638	1.4977e-002	0.	0.
108777	-0.34663	1.6899e-002	0.	0.
108779	-0.35121	-1.3589e-002	0.	0.
108780	-0.35269	-1.5135e-002	0.	0.
108781	-0.35267	-1.4223e-002	0.	0.
108782	-0.35131	-1.5531e-002	0.	0.
108786	0.3605	-2.327e-002	0.	0.
108791	-0.38423	2.2368e-002	0.	0.
108792	-0.38254	2.3288e-002	0.	0.
108796	-0.39294	-9.2421e-003	0.	0.
108797	-0.39136	-9.2421e-003	0.	0.
108798	-0.3918	-1.1056e-002	0.	0.
108804	-0.35844	1.3065e-002	0.	0.
108805	-0.36033	1.4104e-002	0.	0.
108806	-0.35923	1.2744e-002	0.	0.
108808	-0.30209	-1.0761e-002	0.	0.
108810	-0.30669	-1.2866e-002	0.	0.
108811	-0.30595	-1.4287e-002	0.	0.
108815	-0.42241	2.2183e-002	0.	0.
108816	-0.42275	2.3084e-002	0.	0.
108819	-0.38527	-1.4388e-002	0.	0.
108820	-0.38717	-1.3933e-002	0.	0.
108821	-0.38594	-1.4833e-002	0.	0.
108824	0.37326	-1.5103e-002	0.	0.
108825	0.37339	-1.4124e-002	0.	0.
108829	-0.35686	1.208e-002	0.	0.
108830	-0.35674	1.3021e-002	0.	0.
108831	-0.35834	1.2178e-002	0.	0.
108837	-0.36117	1.5546e-002	0.	0.
108838	-0.36194	1.3944e-002	0.	0.
108841	-0.35048	1.3446e-002	0.	0.
108842	-0.35199	1.4075e-002	0.	0.
108843	-0.35192	1.4976e-002	0.	0.
108846	0.35815	1.8445e-002	0.	0.
108849	-0.31178	1.8935e-002	0.	0.
108850	-0.31061	1.8708e-002	0.	0.
108851	-0.31165	1.9651e-002	0.	0.
108855	-0.37369	-1.7708e-002	0.	0.
108856	-0.37184	-1.6102e-002	0.	0.
108857	-0.3719	-1.6966e-002	0.	0.
108860	-0.31044	1.4697e-002	0.	0.
108861	-0.31061	1.5492e-002	0.	0.
108869	0.41335	-1.93e-002	0.	0.
108870	0.41451	-1.7115e-002	0.	0.
108874	-0.38912	-1.3286e-002	0.	0.
108875	-0.39095	-1.3342e-002	0.	0.
108876	-0.3892	-1.237e-002	0.	0.
108877	-0.39071	-1.2365e-002	0.	0.
108882	0.35689	-1.8993e-002	0.	0.
108883	0.35563	-2.008e-002	0.	0.
108887	-0.38992	1.1458e-002	0.	0.
108888	-0.38809	9.7437e-003	0.	0.
108889	-0.38813	1.07e-002	0.	0.
108892	-0.4025	-1.021e-003	0.	0.
108893	-0.40276	1.0519e-003	0.	0.
108894	-0.40119	1.104e-003	0.	0.
108897	-0.40767	7.7922e-004	0.	0.
108898	-0.40863	-1.0758e-003	0.	0.
108900	-0.40268	-3.2448e-003	0.	0.
108902	0.41327	1.0271e-002	0.	0.
108903	0.41429	1.2402e-002	0.	0.
108907	-0.40658	2.875e-003	0.	0.
108911	-0.40646	4.9931e-003	0.	0.
108913	-0.40127	4.9441e-003	0.	0.
108914	-0.4027	2.8904e-003	0.	0.
108915	-0.40114	2.9425e-003	0.	0.
108919	-0.3837	-1.5246e-002	0.	0.
108920	-0.38381	-1.4337e-002	0.	0.
108921	-0.38515	-1.5159e-002	0.	0.
108923	-0.38178	1.4583e-002	0.	0.
108924	-0.38347	1.5769e-002	0.	0.
108928	-0.398	-7.3264e-003	0.	0.
108929	-0.39891	-5.2448e-003	0.	0.
108932	-0.40529	-7.4375e-003	0.	0.
108933	-0.40516	-5.3941e-003	0.	0.
108939	-0.40543	-9.4688e-003	0.	0.
108943	-0.39675	-9.2559e-003	0.	0.
108947	-0.40439	9.2917e-003	0.	0.
108953	-0.40178	-9.4306e-003	0.	0.
108959	-0.40297	1.3465e-002	0.	0.
108964	0.33643	-4.1e-004	0.	0.
108965	0.33648	4.3079e-004	0.	0.
108966	0.33502	1.0469e-003	0.	0.
108969	-0.40406	2.114e-002	0.	0.
108970	-0.40542	2.2161e-002	0.	0.
108974	-0.37414	-1.9792e-002	0.	0.
108975	-0.37553	-1.7708e-002	0.	0.
108980	-0.36578	1.9792e-002	0.	0.
108984	-0.38279	-1.3163e-002	0.	0.
108989	-0.40026	-1.3503e-002	0.	0.
108990	-0.40188	-1.3567e-002	0.	0.
108991	-0.40158	-1.1571e-002	0.	0.
108993	-0.39673	1.156e-002	0.	0.
108994	-0.39778	1.3399e-002	0.	0.
108998	-0.40435	1.135e-002	0.	0.
109003	-0.38426	1.1721e-002	0.	0.
109004	-0.3853	1.322e-002	0.	0.
109006	-0.39132	1.3281e-002	0.	0.
109007	-0.3904	1.3359e-002	0.	0.
109008	-0.39175	1.1458e-002	0.	0.
109011	0.35663	-8.9989e-003	0.	0.
109012	0.35656	-7.9647e-003	0.	0.
109016	0.35177	-3.8621e-003	0.	0.
109017	0.35172	-4.9149e-003	0.	0.
109018	0.3497	-4.5034e-003	0.	0.
109022	0.34428	-2.6494e-003	0.	0.
109026	-0.35965	-1.0417e-002	0.	0.
109027	-0.35825	-1.1072e-002	0.	0.
109028	-0.35807	-1.0088e-002	0.	0.
109031	0.36735	7.7564e-003	0.	0.
109032	0.36888	7.5828e-003	0.	0.
109033	0.36734	8.5741e-003	0.	0.
109034	0.36882	8.6933e-003	0.	0.
109037	0.36434	-2.0793e-003	0.	0.
109038	0.36643	-3.2319e-003	0.	0.
109042	0.36917	4.773e-003	0.	0.
109043	0.36763	4.9466e-003	0.	0.
109044	0.3691	3.94e-003	0.	0.
109045	0.36754	3.84e-003	0.	0.
109047	-0.36034	2.0793e-003	0.	0.
109048	-0.36243	3.2319e-003	0.	0.
109053	-0.37316	1.7708e-002	0.	0.
109057	0.36856	2.1875e-002	0.	0.
109060	-0.39687	9.1495e-003	0.	0.
109061	-0.3974	9.7007e-003	0.	0.
109063	0.30533	4.8699e-003	0.	0.
109064	0.30325	4.8125e-003	0.	0.
109065	0.30501	4.3355e-003	0.	0.
109068	-0.40807	-1.7534e-002	0.	0.
109069	-0.40934	-1.6782e-002	0.	0.
109070	-0.40863	-1.8381e-002	0.	0.
109073	-0.40772	-1.3588e-002	0.	0.
109074	-0.4077	-1.4445e-002	0.	0.
109075	-0.40692	-1.3219e-002	0.	0.
109077	-0.41915	-2.3066e-002	0.	0.
109078	-0.42079	-2.1997e-002	0.	0.
109082	-0.41788	-2.2174e-002	0.	0.
109086	0.31058	-5.9066e-003	0.	0.
109087	0.3111	-6.7836e-003	0.	0.
109088	0.31216	-6.3712e-003	0.	0.
109091	0.3263	3.6641e-003	0.	0.
109095	-0.30945	-1.0368e-003	0.	0.
109096	-0.30858	3.8376e-004	0.	0.
109097	-0.30935	1.0853e-003	0.	0.
109100	0.42265	-2.2104e-002	0.	0.
109101	0.42127	-2.301e-002	0.	0.
109102	0.42286	-2.3078e-002	0.	0.
109106	-0.3142	4.7734e-003	0.	0.
109109	0.31289	-1.5167e-002	0.	0.
109112	-0.39287	1.4123e-002	0.	0.
109113	-0.39429	1.4959e-002	0.	0.
109115	0.35695	-5.7809e-004	0.	0.
109119	-0.36904	-1.05e-003	0.	0.
109123	-0.41509	-5.8593e-003	0.	0.
109124	-0.41624	-7.1389e-003	0.	0.
109129	-0.41383	-4.3906e-003	0.	0.
109132	-0.3184	-8.5831e-003	0.	0.
109134	-0.37198	1.9792e-002	0.	0.
109138	0.32256	-2.3291e-002	0.	0.
109139	0.32065	-2.3377e-002	0.	0.
109142	0.32063	2.3231e-002	0.	0.
109146	-0.36354	-2.1911e-002	0.	0.
109150	0.37728	3.2701e-003	0.	0.
109155	0.34584	4.4789e-003	0.	0.
109156	0.34509	5.8666e-003	0.	0.
109157	0.34642	6.3816e-003	0.	0.
109160	-0.30435	-2.0156e-003	0.	0.
109164	-0.40469	-1.9928e-002	0.	0.
109165	-0.40472	-1.827e-002	0.	0.
109167	-0.34632	-2.2902e-002	0.	0.
109170	0.41341	8.2859e-003	0.	0.
109172	-0.41472	-1.8421e-002	0.	0.
109173	-0.41584	-1.7611e-002	0.	0.
109176	0.30325	1.2188e-003	0.	0.
109179	-0.39655	-1.9792e-002	0.	0.
109180	-0.39662	-1.8124e-002	0.	0.
109181	-0.39545	-1.8082e-002	0.	0.
109184	-0.38949	1.9935e-002	0.	0.
109185	-0.39062	1.8112e-002	0.	0.
109186	-0.38958	1.8325e-002	0.	0.
109191	0.36653	-2.1875e-002	0.	0.
109198	-0.29943	2.3082e-002	0.	0.
109199	-0.30089	2.2494e-002	0.	0.
109203	-0.2975	2.3e-002	0.	0.
109207	-0.2955	2.3e-002	0.	0.
109211	-0.2935	2.3e-002	0.	0.
109216	-0.2915	2.3e-002	0.	0.
109219	-0.2895	2.3e-002	0.	0.
109224	-0.2875	2.3e-002	0.	0.
109228	-0.2855	2.3e-002	0.	0.
109232	-0.2835	2.3e-002	0.	0.
109236	-0.2815	2.3e-002	0.	0.
109239	-0.2795	2.3e-002	0.	0.
109244	-0.2775	2.3e-002	0.	0.
109247	-0.2755	2.3e-002	0.	0.
109250	-0.2735	2.3e-002	0.	0.
109255	-0.2715	2.3e-002	0.	0.
109259	-0.2695	2.3e-002	0.	0.
109263	-0.2675	2.3e-002	0.	0.
109268	-0.2655	2.3e-002	0.	0.
109272	-0.2635	2.3e-002	0.	0.
109276	-0.2615	2.3e-002	0.	0.
109282	-0.2595	2.3e-002	0.	0.
109285	-0.2575	2.3e-002	0.	0.
109289	-0.2555	2.3e-002	0.	0.
109295	-0.2535	2.3e-002	0.	0.
109298	-0.2515	2.3e-002	0.	0.
109302	-0.2495	2.3e-002	0.	0.
109306	-0.2475	2.3e-002	0.	0.
109310	-0.2455	2.3e-002	0.	0.
109315	-0.2435	2.3e-002	0.	0.
109318	-0.2415	2.3e-002	0.	0.
109324	-0.2395	2.3e-002	0.	0.
109328	-0.2375	2.3e-002	0.	0.
109331	-0.2355	2.3e-002	0.	0.
109337	-0.2335	2.3e-002	0.	0.
109340	-0.2315	2.3e-002	0.	0.
109344	-0.2295	2.3e-002	0.	0.
109348	-0.2275	2.3e-002	0.	0.
109351	-0.2255	2.3e-002	0.	0.
109356	-0.2235	2.3e-002	0.	0.
109360	-0.2215	2.3e-002	0.	0.
109365	-0.2195	2.3e-002	0.	0.
109369	-0.2175	2.3e-002	0.	0.
109372	-0.2155	2.3e-002	0.	0.
109377	-0.2135	2.3e-002	0.	0.
109382	-0.2115	2.3e-002	0.	0.
109385	-0.2095	2.3e-002	0.	0.
109390	-0.2075	2.3e-002	0.	0.
109394	-0.2055	2.3e-002	0.	0.
109397	-0.2035	2.3e-002	0.	0.
109402	-0.2015	2.3e-002	0.	0.
109405	-0.1995	2.3e-002	0.	0.
109409	-0.1975	2.3e-002	0.	0.
109412	-0.1955	2.3e-002	0.	0.
109415	-0.1935	2.3e-002	0.	0.
109420	-0.1915	2.3e-002	0.	0.
109425	-0.1895	2.3e-002	0.	0.
109428	-0.1875	2.3e-002	0.	0.
109432	-0.1855	2.3e-002	0.	0.
109436	-0.1835	2.3e-002	0.	0.
109441	-0.1815	2.3e-002	0.	0.
109445	-0.1795	2.3e-002	0.	0.
109448	-0.1775	2.3e-002	0.	0.
109453	-0.1755	2.3e-002	0.	0.
109457	-0.1735	2.3e-002	0.	0.
109461	-0.1715	2.3e-002	0.	0.
109465	-0.1695	2.3e-002	0.	0.
109468	-0.1675	2.3e-002	0.	0.
109473	-0.1655	2.3e-002	0.	0.
109477	-0.1635	2.3e-002	0.	0.
109481	-0.1615	2.3e-002	0.	0.
109485	-0.1595	2.3e-002	0.	0.
109490	-0.1575	2.3e-002	0.	0.
109494	-0.1555	2.3e-002	0.	0.
109498	-0.1535	2.3e-002	0.	0.
109502	-0.1515	2.3e-002	0.	0.
109506	-0.1495	2.3e-002	0.	0.
109511	-0.1475	2.3e-002	0.	0.
109514	-0.1455	2.3e-002	0.	0.
109520	-0.1435	2.3e-002	0.	0.
109523	-0.1415	2.3e-002	0.	0.
109527	-0.1395	2.3e-002	0.	0.
109532	-0.1375	2.3e-002	0.	0.
109535	-0.1355	2.3e-002	0.	0.
109540	-0.1335	2.3e-002	0.	0.
109543	-0.1315	2.3e-002	0.	0.
109548	-0.1295	2.3e-002	0.	0.
109552	-0.1275	2.3e-002	0.	0.
109556	-0.1255	2.3e-002	0.	0.
109561	-0.1235	2.3e-002	0.	0.
109564	-0.1215	2.3e-002	0.	0.
109567	-0.1195	2.3e-002	0.	0.
109572	-0.1175	2.3e-002	0.	0.
109575	-0.1155	2.3e-002	0.	0.
109580	-0.1135	2.3e-002	0.	0.
109584	-0.1115	2.3e-002	0.	0.
109588	-0.1095	2.3e-002	0.	0.
109592	-0.1075	2.3e-002	0.	0.
109597	-0.1055	2.3e-002	0.	0.
109601	-0.1035	2.3e-002	0.	0.
109605	-0.1015	2.3e-002	0.	0.
109609	-9.95e-002	2.3e-002	0.	0.
109613	-9.75e-002	2.3e-002	0.	0.
109618	-9.55e-002	2.3e-002	0.	0.
109621	-9.35e-002	2.3e-002	0.	0.
109626	-9.15e-002	2.3e-002	0.	0.
109630	-8.95e-002	2.3e-002	0.	0.
109633	-8.75e-002	2.3e-002	0.	0.
109637	-8.55e-002	2.3e-002	0.	0.
109641	-8.35e-002	2.3e-002	0.	0.
109645	-8.15e-002	2.3e-002	0.	0.
109649	-7.95e-002	2.3e-002	0.	0.
109653	-7.75e-002	2.3e-002	0.	0.
109657	-7.55e-002	2.3e-002	0.	0.
109664	-7.35e-002	2.3e-002	0.	0.
109667	-7.15e-002	2.3e-002	0.	0.
109671	-6.95e-002	2.3e-002	0.	0.
109675	-6.75e-002	2.3e-002	0.	0.
109679	-6.55e-002	2.3e-002	0.	0.
109682	-6.35e-002	2.3e-002	0.	0.
109686	-6.15e-002	2.3e-002	0.	0.
109691	-5.95e-002	2.3e-002	0.	0.
109695	-5.75e-002	2.3e-002	0.	0.
109698	-5.55e-002	2.3e-002	0.	0.
109701	-5.35e-002	2.3e-002	0.	0.
109706	-5.15e-002	2.3e-002	0.	0.
109709	-4.95e-002	2.3e-002	0.	0.
109714	-4.75e-002	2.3e-002	0.	0.
109718	-4.55e-002	2.3e-002	0.	0.
109721	-4.35e-002	2.3e-002	0.	0.
109725	-4.15e-002	2.3e-002	0.	0.
109728	-3.95e-002	2.3e-002	0.	0.
109733	-3.75e-002	2.3e-002	0.	0.
109736	-3.55e-002	2.3e-002	0.	0.
109740	-3.35e-002	2.3e-002	0.	0.
109745	-3.15e-002	2.3e-002	0.	0.
109748	-2.95e-002	2.3e-002	0.	0.
109752	-2.75e-002	2.3e-002	0.	0.
109756	-2.55e-002	2.3e-002	0.	0.
109760	-2.35e-002	2.3e-002	0.	0.
109764	-2.15e-002	2.3e-002	0.	0.
109769	-1.95e-002	2.3e-002	0.	0.
109774	-1.75e-002	2.3e-002	0.	0.
109777	-1.55e-002	2.3e-002	0.	0.
109782	-1.35e-002	2.3e-002	0.	0.
109785	-1.15e-002	2.3e-002	0.	0.
109789	-9.5e-003	2.3e-002	0.	0.
109793	-7.5e-003	2.3e-002	0.	0.
109796	-5.5e-003	2.3e-002	0.	0.
109801	-3.5e-003	2.3e-002	0.	0.
109805	-1.5e-003	2.3e-002	0.	0.
109810	5.e-004	2.3e-002	0.	0.
109814	2.5e-003	2.3e-002	0.	0.
109817	4.5e-003	2.3e-002	0.	0.
109822	6.5e-003	2.3e-002	0.	0.
109825	8.5e-003	2.3e-002	0.	0.
109829	1.05e-002	2.3e-002	0.	0.
109833	1.25e-002	2.3e-002	0.	0.
109838	1.45e-002	2.3e-002	0.	0.
109841	1.65e-002	2.3e-002	0.	0.
109846	1.85e-002	2.3e-002	0.	0.
109850	2.05e-002	2.3e-002	0.	0.
109854	2.25e-002	2.3e-002	0.	0.
109858	2.45e-002	2.3e-002	0.	0.
109861	2.65e-002	2.3e-002	0.	0.
109866	2.85e-002	2.3e-002	0.	0.
109869	3.05e-002	2.3e-002	0.	0.
109872	3.25e-002	2.3e-002	0.	0.
109876	3.45e-002	2.3e-002	0.	0.
109878	3.65e-002	2.3e-002	0.	0.
109882	3.85e-002	2.3e-002	0.	0.
109886	4.05e-002	2.3e-002	0.	0.
109889	4.25e-002	2.3e-002	0.	0.
109893	4.45e-002	2.3e-002	0.	0.
109896	4.65e-002	2.3e-002	0.	0.
109900	4.85e-002	2.3e-002	0.	0.
109905	5.05e-002	2.3e-002	0.	0.
109909	5.25e-002	2.3e-002	0.	0.
109913	5.45e-002	2.3e-002	0.	0.
109917	5.65e-002	2.3e-002	0.	0.
109923	5.85e-002	2.3e-002	0.	0.
109926	6.05e-002	2.3e-002	0.	0.
109930	6.25e-002	2.3e-002	0.	0.
109934	6.45e-002	2.3e-002	0.	0.
109937	6.65e-002	2.3e-002	0.	0.
109941	6.85e-002	2.3e-002	0.	0.
109945	7.05e-002	2.3e-002	0.	0.
109949	7.25e-002	2.3e-002	0.	0.
109953	7.45e-002	2.3e-002	0.	0.
109957	7.65e-002	2.3e-002	0.	0.
109961	7.85e-002	2.3e-002	0.	0.
109965	8.05e-002	2.3e-002	0.	0.
109969	8.25e-002	2.3e-002	0.	0.
109973	8.45e-002	2.3e-002	0.	0.
109976	8.65e-002	2.3e-002	0.	0.
109981	8.85e-002	2.3e-002	0.	0.
109984	9.05e-002	2.3e-002	0.	0.
109988	9.25e-002	2.3e-002	0.	0.
109994	9.45e-002	2.3e-002	0.	0.
109997	9.65e-002	2.3e-002	0.	0.
110000	9.85e-002	2.3e-002	0.	0.
110004	0.1005	2.3e-002	0.	0.
110007	0.1025	2.3e-002	0.	0.
110012	0.1045	2.3e-002	0.	0.
110015	0.1065	2.3e-002	0.	0.
110021	0.1085	2.3e-002	0.	0.
110025	0.1105	2.3e-002	0.	0.
110028	0.1125	2.3e-002	0.	0.
110033	0.1145	2.3e-002	0.	0.
110036	0.1165	2.3e-002	0.	0.
110041	0.1185	2.3e-002	0.	0.
110045	0.1205	2.3e-002	0.	0.
110049	0.1225	2.3e-002	0.	0.
110053	0.1245	2.3e-002	0.	0.
110057	0.1265	2.3e-002	0.	0.
110061	0.1285	2.3e-002	0.	0.
110065	0.1305	2.3e-002	0.	0.
110069	0.1325	2.3e-002	0.	0.
110072	0.1345	2.3e-002	0.	0.
110077	0.1365	2.3e-002	0.	0.
110080	0.1385	2.3e-002	0.	0.
110084	0.1405	2.3e-002	0.	0.
110089	0.1425	2.3e-002	0.	0.
110092	0.1445	2.3e-002	0.	0.
110097	0.1465	2.3e-002	0.	0.
110100	0.1485	2.3e-002	0.	0.
110104	0.1505	2.3e-002	0.	0.
110108	0.1525	2.3e-002	0.	0.
110112	0.1545	2.3e-002	0.	0.
110117	0.1565	2.3e-002	0.	0.
110120	0.1585	2.3e-002	0.	0.
110124	0.1605	2.3e-002	0.	0.
110129	0.1625	2.3e-002	0.	0.
110132	0.1645	2.3e-002	0.	0.
110137	0.1665	2.3e-002	0.	0.
110140	0.1685	2.3e-002	0.	0.
110144	0.1705	2.3e-002	0.	0.
110149	0.1725	2.3e-002	0.	0.
110152	0.1745	2.3e-002	0.	0.
110156	0.1765	2.3e-002	0.	0.
110161	0.1785	2.3e-002	0.	0.
110164	0.1805	2.3e-002	0.	0.
110169	0.1825	2.3e-002	0.	0.
110172	0.1845	2.3e-002	0.	0.
110177	0.1865	2.3e-002	0.	0.
110181	0.1885	2.3e-002	0.	0.
110184	0.1905	2.3e-002	0.	0.
110189	0.1925	2.3e-002	0.	0.
110193	0.1945	2.3e-002	0.	0.
110197	0.1965	2.3e-002	0.	0.
110201	0.1985	2.3e-002	0.	0.
110205	0.2005	2.3e-002	0.	0.
110210	0.2025	2.3e-002	0.	0.
110214	0.2045	2.3e-002	0.	0.
110218	0.2065	2.3e-002	0.	0.
110222	0.2085	2.3e-002	0.	0.
110227	0.2105	2.3e-002	0.	0.
110230	0.2125	2.3e-002	0.	0.
110234	0.2145	2.3e-002	0.	0.
110240	0.2165	2.3e-002	0.	0.
110243	0.2185	2.3e-002	0.	0.
110247	0.2205	2.3e-002	0.	0.
110251	0.2225	2.3e-002	0.	0.
110255	0.2245	2.3e-002	0.	0.
110260	0.2265	2.3e-002	0.	0.
110263	0.2285	2.3e-002	0.	0.
110268	0.2305	2.3e-002	0.	0.
110271	0.2325	2.3e-002	0.	0.
110276	0.2345	2.3e-002	0.	0.
110280	0.2365	2.3e-002	0.	0.
110284	0.2385	2.3e-002	0.	0.
110289	0.2405	2.3e-002	0.	0.
110293	0.2425	2.3e-002	0.	0.
110296	0.2445	2.3e-002	0.	0.
110301	0.2465	2.3e-002	0.	0.
110304	0.2485	2.3e-002	0.	0.
110309	0.2505	2.3e-002	0.	0.
110313	0.2525	2.3e-002	0.	0.
110317	0.2545	2.3e-002	0.	0.
110321	0.2565	2.3e-002	0.	0.
110326	0.2585	2.3e-002	0.	0.
110329	0.2605	2.3e-002	0.	0.
110334	0.2625	2.3e-002	0.	0.
110337	0.2645	2.3e-002	0.	0.
110343	0.2665	2.3e-002	0.	0.
110347	0.2685	2.3e-002	0.	0.
110351	0.2705	2.3e-002	0.	0.
110355	0.2725	2.3e-002	0.	0.
110359	0.2745	2.3e-002	0.	0.
110364	0.2765	2.3e-002	0.	0.
110368	0.2785	2.3e-002	0.	0.
110371	0.2805	2.3e-002	0.	0.
110376	0.2825	2.3e-002	0.	0.
110380	0.2845	2.3e-002	0.	0.
110384	0.2865	2.3e-002	0.	0.
110388	0.2885	2.3e-002	0.	0.
110392	0.2905	2.3e-002	0.	0.
110396	0.2925	2.3e-002	0.	0.
110401	0.2945	2.3e-002	0.	0.
110405	0.2965	2.3e-002	0.	0.
110410	0.29852	2.294e-002	0.	0.
110414	-0.2985	-2.3e-002	0.	0.
110418	-0.2965	-2.3e-002	0.	0.
110422	-0.2945	-2.3e-002	0.	0.
110427	-0.2925	-2.3e-002	0.	0.
110430	-0.2905	-2.3e-002	0.	0.
110434	-0.2885	-2.3e-002	0.	0.
110438	-0.2865	-2.3e-002	0.	0.
110443	-0.2845	-2.3e-002	0.	0.
110447	-0.2825	-2.3e-002	0.	0.
110450	-0.2805	-2.3e-002	0.	0.
110456	-0.2785	-2.3e-002	0.	0.
110460	-0.2765	-2.3e-002	0.	0.
110464	-0.2745	-2.3e-002	0.	0.
110468	-0.2725	-2.3e-002	0.	0.
110471	-0.2705	-2.3e-002	0.	0.
110476	-0.2685	-2.3e-002	0.	0.
110480	-0.2665	-2.3e-002	0.	0.
110484	-0.2645	-2.3e-002	0.	0.
110490	-0.2625	-2.3e-002	0.	0.
110493	-0.2605	-2.3e-002	0.	0.
110498	-0.2585	-2.3e-002	0.	0.
110502	-0.2565	-2.3e-002	0.	0.
110505	-0.2545	-2.3e-002	0.	0.
110510	-0.2525	-2.3e-002	0.	0.
110514	-0.2505	-2.3e-002	0.	0.
110518	-0.2485	-2.3e-002	0.	0.
110521	-0.2465	-2.3e-002	0.	0.
110525	-0.2445	-2.3e-002	0.	0.
110529	-0.2425	-2.3e-002	0.	0.
110534	-0.2405	-2.3e-002	0.	0.
110539	-0.2385	-2.3e-002	0.	0.
110543	-0.2365	-2.3e-002	0.	0.
110547	-0.2345	-2.3e-002	0.	0.
110551	-0.2325	-2.3e-002	0.	0.
110555	-0.2305	-2.3e-002	0.	0.
110558	-0.2285	-2.3e-002	0.	0.
110563	-0.2265	-2.3e-002	0.	0.
110567	-0.2245	-2.3e-002	0.	0.
110571	-0.2225	-2.3e-002	0.	0.
110575	-0.2205	-2.3e-002	0.	0.
110580	-0.2185	-2.3e-002	0.	0.
110584	-0.2165	-2.3e-002	0.	0.
110588	-0.2145	-2.3e-002	0.	0.
110591	-0.2125	-2.3e-002	0.	0.
110596	-0.2105	-2.3e-002	0.	0.
110600	-0.2085	-2.3e-002	0.	0.
110604	-0.2065	-2.3e-002	0.	0.
110608	-0.2045	-2.3e-002	0.	0.
110612	-0.2025	-2.3e-002	0.	0.
110616	-0.2005	-2.3e-002	0.	0.
110620	-0.1985	-2.3e-002	0.	0.
110625	-0.1965	-2.3e-002	0.	0.
110628	-0.1945	-2.3e-002	0.	0.
110633	-0.1925	-2.3e-002	0.	0.
110637	-0.1905	-2.3e-002	0.	0.
110641	-0.1885	-2.3e-002	0.	0.
110645	-0.1865	-2.3e-002	0.	0.
110650	-0.1845	-2.3e-002	0.	0.
110655	-0.1825	-2.3e-002	0.	0.
110658	-0.1805	-2.3e-002	0.	0.
110661	-0.1785	-2.3e-002	0.	0.
110666	-0.1765	-2.3e-002	0.	0.
110669	-0.1745	-2.3e-002	0.	0.
110673	-0.1725	-2.3e-002	0.	0.
110679	-0.1705	-2.3e-002	0.	0.
110684	-0.1685	-2.3e-002	0.	0.
110688	-0.1665	-2.3e-002	0.	0.
110692	-0.1645	-2.3e-002	0.	0.
110696	-0.1625	-2.3e-002	0.	0.
110700	-0.1605	-2.3e-002	0.	0.
110704	-0.1585	-2.3e-002	0.	0.
110709	-0.1565	-2.3e-002	0.	0.
110713	-0.1545	-2.3e-002	0.	0.
110718	-0.1525	-2.3e-002	0.	0.
110723	-0.1505	-2.3e-002	0.	0.
110727	-0.1485	-2.3e-002	0.	0.
110732	-0.1465	-2.3e-002	0.	0.
110736	-0.1445	-2.3e-002	0.	0.
110740	-0.1425	-2.3e-002	0.	0.
110745	-0.1405	-2.3e-002	0.	0.
110748	-0.1385	-2.3e-002	0.	0.
110753	-0.1365	-2.3e-002	0.	0.
110757	-0.1345	-2.3e-002	0.	0.
110761	-0.1325	-2.3e-002	0.	0.
110766	-0.1305	-2.3e-002	0.	0.
110769	-0.1285	-2.3e-002	0.	0.
110773	-0.1265	-2.3e-002	0.	0.
110777	-0.1245	-2.3e-002	0.	0.
110781	-0.1225	-2.3e-002	0.	0.
110785	-0.1205	-2.3e-002	0.	0.
110790	-0.1185	-2.3e-002	0.	0.
110793	-0.1165	-2.3e-002	0.	0.
110797	-0.1145	-2.3e-002	0.	0.
110801	-0.1125	-2.3e-002	0.	0.
110804	-0.1105	-2.3e-002	0.	0.
110809	-0.1085	-2.3e-002	0.	0.
110812	-0.1065	-2.3e-002	0.	0.
110817	-0.1045	-2.3e-002	0.	0.
110821	-0.1025	-2.3e-002	0.	0.
110825	-0.1005	-2.3e-002	0.	0.
110829	-9.85e-002	-2.3e-002	0.	0.
110833	-9.65e-002	-2.3e-002	0.	0.
110837	-9.45e-002	-2.3e-002	0.	0.
110842	-9.25e-002	-2.3e-002	0.	0.
110845	-9.05e-002	-2.3e-002	0.	0.
110847	-8.85e-002	-2.3e-002	0.	0.
110852	-8.65e-002	-2.3e-002	0.	0.
110855	-8.45e-002	-2.3e-002	0.	0.
110860	-8.25e-002	-2.3e-002	0.	0.
110863	-8.05e-002	-2.3e-002	0.	0.
110866	-7.85e-002	-2.3e-002	0.	0.
110870	-7.65e-002	-2.3e-002	0.	0.
110874	-7.45e-002	-2.3e-002	0.	0.
110878	-7.25e-002	-2.3e-002	0.	0.
110882	-7.05e-002	-2.3e-002	0.	0.
110886	-6.85e-002	-2.3e-002	0.	0.
110891	-6.65e-002	-2.3e-002	0.	0.
110896	-6.45e-002	-2.3e-002	0.	0.
110899	-6.25e-002	-2.3e-002	0.	0.
110904	-6.05e-002	-2.3e-002	0.	0.
110907	-5.85e-002	-2.3e-002	0.	0.
110909	-5.65e-002	-2.3e-002	0.	0.
110913	-5.45e-002	-2.3e-002	0.	0.
110915	-5.25e-002	-2.3e-002	0.	0.
110919	-5.05e-002	-2.3e-002	0.	0.
110923	-4.85e-002	-2.3e-002	0.	0.
110928	-4.65e-002	-2.3e-002	0.	0.
110931	-4.45e-002	-2.3e-002	0.	0.
110934	-4.25e-002	-2.3e-002	0.	0.
110939	-4.05e-002	-2.3e-002	0.	0.
110942	-3.85e-002	-2.3e-002	0.	0.
110947	-3.65e-002	-2.3e-002	0.	0.
110950	-3.45e-002	-2.3e-002	0.	0.
110952	-3.25e-002	-2.3e-002	0.	0.
110956	-3.05e-002	-2.3e-002	0.	0.
110958	-2.85e-002	-2.3e-002	0.	0.
110962	-2.65e-002	-2.3e-002	0.	0.
110966	-2.45e-002	-2.3e-002	0.	0.
110970	-2.25e-002	-2.3e-002	0.	0.
110974	-2.05e-002	-2.3e-002	0.	0.
110979	-1.85e-002	-2.3e-002	0.	0.
110983	-1.65e-002	-2.3e-002	0.	0.
110987	-1.45e-002	-2.3e-002	0.	0.
110992	-1.25e-002	-2.3e-002	0.	0.
110995	-1.05e-002	-2.3e-002	0.	0.
111000	-8.5e-003	-2.3e-002	0.	0.
111004	-6.5e-003	-2.3e-002	0.	0.
111008	-4.5e-003	-2.3e-002	0.	0.
111012	-2.5e-003	-2.3e-002	0.	0.
111015	-5.e-004	-2.3e-002	0.	0.
111020	1.5e-003	-2.3e-002	0.	0.
111023	3.5e-003	-2.3e-002	0.	0.
111025	5.5e-003	-2.3e-002	0.	0.
111029	7.5e-003	-2.3e-002	0.	0.
111031	9.5e-003	-2.3e-002	0.	0.
111035	1.15e-002	-2.3e-002	0.	0.
111037	1.35e-002	-2.3e-002	0.	0.
111042	1.55e-002	-2.3e-002	0.	0.
111045	1.75e-002	-2.3e-002	0.	0.
111050	1.95e-002	-2.3e-002	0.	0.
111052	2.15e-002	-2.3e-002	0.	0.
111056	2.35e-002	-2.3e-002	0.	0.
111060	2.55e-002	-2.3e-002	0.	0.
111064	2.75e-002	-2.3e-002	0.	0.
111067	2.95e-002	-2.3e-002	0.	0.
111071	3.15e-002	-2.3e-002	0.	0.
111074	3.35e-002	-2.3e-002	0.	0.
111078	3.55e-002	-2.3e-002	0.	0.
111082	3.75e-002	-2.3e-002	0.	0.
111085	3.95e-002	-2.3e-002	0.	0.
111090	4.15e-002	-2.3e-002	0.	0.
111093	4.35e-002	-2.3e-002	0.	0.
111095	4.55e-002	-2.3e-002	0.	0.
111099	4.75e-002	-2.3e-002	0.	0.
111104	4.95e-002	-2.3e-002	0.	0.
111107	5.15e-002	-2.3e-002	0.	0.
111109	5.35e-002	-2.3e-002	0.	0.
111113	5.55e-002	-2.3e-002	0.	0.
111116	5.75e-002	-2.3e-002	0.	0.
111123	5.95e-002	-2.3e-002	0.	0.
111126	6.15e-002	-2.3e-002	0.	0.
111130	6.35e-002	-2.3e-002	0.	0.
111134	6.55e-002	-2.3e-002	0.	0.
111138	6.75e-002	-2.3e-002	0.	0.
111142	6.95e-002	-2.3e-002	0.	0.
111146	7.15e-002	-2.3e-002	0.	0.
111151	7.35e-002	-2.3e-002	0.	0.
111155	7.55e-002	-2.3e-002	0.	0.
111159	7.75e-002	-2.3e-002	0.	0.
111163	7.95e-002	-2.3e-002	0.	0.
111167	8.15e-002	-2.3e-002	0.	0.
111172	8.35e-002	-2.3e-002	0.	0.
111176	8.55e-002	-2.3e-002	0.	0.
111179	8.75e-002	-2.3e-002	0.	0.
111184	8.95e-002	-2.3e-002	0.	0.
111189	9.15e-002	-2.3e-002	0.	0.
111192	9.35e-002	-2.3e-002	0.	0.
111195	9.55e-002	-2.3e-002	0.	0.
111200	9.75e-002	-2.3e-002	0.	0.
111203	9.95e-002	-2.3e-002	0.	0.
111208	0.1015	-2.3e-002	0.	0.
111211	0.1035	-2.3e-002	0.	0.
111215	0.1055	-2.3e-002	0.	0.
111219	0.1075	-2.3e-002	0.	0.
111223	0.1095	-2.3e-002	0.	0.
111227	0.1115	-2.3e-002	0.	0.
111231	0.1135	-2.3e-002	0.	0.
111236	0.1155	-2.3e-002	0.	0.
111240	0.1175	-2.3e-002	0.	0.
111245	0.1195	-2.3e-002	0.	0.
111248	0.1215	-2.3e-002	0.	0.
111253	0.1235	-2.3e-002	0.	0.
111257	0.1255	-2.3e-002	0.	0.
111261	0.1275	-2.3e-002	0.	0.
111265	0.1295	-2.3e-002	0.	0.
111269	0.1315	-2.3e-002	0.	0.
111274	0.1335	-2.3e-002	0.	0.
111277	0.1355	-2.3e-002	0.	0.
111281	0.1375	-2.3e-002	0.	0.
111285	0.1395	-2.3e-002	0.	0.
111289	0.1415	-2.3e-002	0.	0.
111293	0.1435	-2.3e-002	0.	0.
111298	0.1455	-2.3e-002	0.	0.
111302	0.1475	-2.3e-002	0.	0.
111306	0.1495	-2.3e-002	0.	0.
111309	0.1515	-2.3e-002	0.	0.
111315	0.1535	-2.3e-002	0.	0.
111319	0.1555	-2.3e-002	0.	0.
111323	0.1575	-2.3e-002	0.	0.
111329	0.1595	-2.3e-002	0.	0.
111332	0.1615	-2.3e-002	0.	0.
111336	0.1635	-2.3e-002	0.	0.
111341	0.1655	-2.3e-002	0.	0.
111344	0.1675	-2.3e-002	0.	0.
111348	0.1695	-2.3e-002	0.	0.
111353	0.1715	-2.3e-002	0.	0.
111356	0.1735	-2.3e-002	0.	0.
111360	0.1755	-2.3e-002	0.	0.
111363	0.1775	-2.3e-002	0.	0.
111369	0.1795	-2.3e-002	0.	0.
111374	0.1815	-2.3e-002	0.	0.
111377	0.1835	-2.3e-002	0.	0.
111382	0.1855	-2.3e-002	0.	0.
111385	0.1875	-2.3e-002	0.	0.
111388	0.1895	-2.3e-002	0.	0.
111393	0.1915	-2.3e-002	0.	0.
111396	0.1935	-2.3e-002	0.	0.
111401	0.1955	-2.3e-002	0.	0.
111405	0.1975	-2.3e-002	0.	0.
111408	0.1995	-2.3e-002	0.	0.
111413	0.2015	-2.3e-002	0.	0.
111417	0.2035	-2.3e-002	0.	0.
111421	0.2055	-2.3e-002	0.	0.
111426	0.2075	-2.3e-002	0.	0.
111429	0.2095	-2.3e-002	0.	0.
111434	0.2115	-2.3e-002	0.	0.
111439	0.2135	-2.3e-002	0.	0.
111442	0.2155	-2.3e-002	0.	0.
111446	0.2175	-2.3e-002	0.	0.
111451	0.2195	-2.3e-002	0.	0.
111455	0.2215	-2.3e-002	0.	0.
111459	0.2235	-2.3e-002	0.	0.
111462	0.2255	-2.3e-002	0.	0.
111468	0.2275	-2.3e-002	0.	0.
111472	0.2295	-2.3e-002	0.	0.
111476	0.2315	-2.3e-002	0.	0.
111482	0.2335	-2.3e-002	0.	0.
111486	0.2355	-2.3e-002	0.	0.
111490	0.2375	-2.3e-002	0.	0.
111493	0.2395	-2.3e-002	0.	0.
111496	0.2415	-2.3e-002	0.	0.
111502	0.2435	-2.3e-002	0.	0.
111507	0.2455	-2.3e-002	0.	0.
111510	0.2475	-2.3e-002	0.	0.
111514	0.2495	-2.3e-002	0.	0.
111518	0.2515	-2.3e-002	0.	0.
111521	0.2535	-2.3e-002	0.	0.
111526	0.2555	-2.3e-002	0.	0.
111529	0.2575	-2.3e-002	0.	0.
111534	0.2595	-2.3e-002	0.	0.
111539	0.2615	-2.3e-002	0.	0.
111542	0.2635	-2.3e-002	0.	0.
111546	0.2655	-2.3e-002	0.	0.
111550	0.2675	-2.3e-002	0.	0.
111554	0.2695	-2.3e-002	0.	0.
111559	0.2715	-2.3e-002	0.	0.
111563	0.2735	-2.3e-002	0.	0.
111567	0.2755	-2.3e-002	0.	0.
111572	0.2775	-2.3e-002	0.	0.
111575	0.2795	-2.3e-002	0.	0.
111579	0.2815	-2.3e-002	0.	0.
111584	0.2835	-2.3e-002	0.	0.
111587	0.2855	-2.3e-002	0.	0.
111592	0.2875	-2.3e-002	0.	0.
111595	0.2895	-2.3e-002	0.	0.
111600	0.2915	-2.3e-002	0.	0.
111605	0.2935	-2.3e-002	0.	0.
111608	0.2955	-2.3e-002	0.	0.
111612	0.2975	-2.3e-002	0.	0.
111617	0.29939	-2.3104e-002	0.	0.
111620	0.30118	-2.2984e-002	0.	0.
111625	0.40169	-1.7391e-002	0.	0.
111626	0.40146	-1.586e-002	0.	0.
111629	0.30722	2.3042e-002	0.	0.
111630	0.30798	2.3089e-002	0.	0.
111634	-0.37104	2.1875e-002	0.	0.
111636	0.34626	-1.5975e-002	0.	0.
111637	0.34774	-1.6025e-002	0.	0.
111638	0.34633	-1.7827e-002	0.	0.
111641	-0.36467	2.1875e-002	0.	0.
111644	-0.41802	-1.6178e-002	0.	0.
111645	-0.41655	-1.625e-002	0.	0.
111649	0.3205	-1.8593e-002	0.	0.
111650	0.32225	-1.7983e-002	0.	0.
111651	0.32115	-1.948e-002	0.	0.
111655	0.3206	1.8554e-002	0.	0.
111656	0.32219	1.8012e-002	0.	0.
111657	0.32097	1.9405e-002	0.	0.
111661	-0.40639	-4.3955e-003	0.	0.
111663	0.41238	-2.1625e-002	0.	0.
111667	0.4164	-1.6139e-002	0.	0.
111668	0.41812	-1.4866e-002	0.	0.
111671	0.41712	2.3256e-002	0.	0.
111675	-0.33137	-2.0388e-002	0.	0.
111683	0.30647	-2.1707e-002	0.	0.
111684	0.30616	-2.3043e-002	0.	0.
111688	-0.41755	1.2971e-002	0.	0.
111690	-0.40466	-2.1927e-002	0.	0.
111693	-0.40872	-2.2031e-002	0.	0.
111694	-0.40875	-2.0141e-002	0.	0.
111698	0.40846	7.5556e-003	0.	0.
111699	0.40747	5.7037e-003	0.	0.
111701	0.40035	-1.8361e-002	0.	0.
111702	0.40035	-1.9315e-002	0.	0.
111709	-0.38947	2.1875e-002	0.	0.
111712	-0.40059	-2.1875e-002	0.	0.
111713	-0.40057	-2.0084e-002	0.	0.
111718	-0.39678	-2.1875e-002	0.	0.
111722	0.32056	-1.1781e-002	0.	0.
111723	0.32181	-1.4219e-002	0.	0.
111726	0.32046	1.183e-002	0.	0.
111727	0.32181	1.4219e-002	0.	0.
111731	0.31804	-1.49e-002	0.	0.
111732	0.3189	-1.7273e-002	0.	0.
111735	0.31804	1.4941e-002	0.	0.
111736	0.31907	1.7229e-002	0.	0.
111740	0.31645	1.3803e-002	0.	0.
111741	0.3176	1.2621e-002	0.	0.
111743	0.31951	9.4808e-003	0.	0.
111744	0.31871	1.1072e-002	0.	0.
111747	0.31762	-1.2556e-002	0.	0.
111748	0.31645	-1.3703e-002	0.	0.
111752	0.31884	-1.1e-002	0.	0.
111756	0.31826	-1.8779e-002	0.	0.
111757	0.31989	-1.9308e-002	0.	0.
111761	0.32259	-1.6319e-002	0.	0.
111766	0.32259	1.6344e-002	0.	0.
111768	0.31995	1.9184e-002	0.	0.
111771	-0.35896	-1.3904e-002	0.	0.
111773	0.31599	9.473e-003	0.	0.
111776	0.3665	1.2839e-002	0.	0.
111778	-0.41123	7.7756e-003	0.	0.
111782	0.4093	-1.9789e-002	0.	0.
111783	0.41037	-1.7768e-002	0.	0.
111787	0.3147	1.6285e-002	0.	0.
111788	0.31575	1.8246e-002	0.	0.
111791	-0.30786	-7.3083e-003	0.	0.
111794	0.41537	1.4418e-002	0.	0.
111799	0.34837	-4.7192e-004	0.	0.
111802	0.40833	-2.1859e-002	0.	0.
111806	-0.41078	-9.5863e-003	0.	0.
111807	-0.40941	-8.8863e-003	0.	0.
111808	-0.40938	-1.0488e-002	0.	0.
111811	-0.33457	1.754e-002	0.	0.
111815	0.41714	1.6888e-002	0.	0.
111823	-0.3328	1.8055e-002	0.	0.
111824	-0.33161	1.996e-002	0.	0.
111829	-0.31238	4.9474e-003	0.	0.
111832	-0.41561	1.8738e-002	0.	0.
111835	-0.31331	-2.6814e-003	0.	0.
111836	-0.31267	-4.1086e-004	0.	0.
111837	-0.31341	-1.6582e-004	0.	0.
111842	-0.32046	9.7526e-003	0.	0.
111843	-0.32081	8.2314e-003	0.	0.
111845	-0.30267	1.4581e-002	0.	0.
111854	0.40466	1.4766e-003	0.	0.
111855	0.40452	2.2775e-003	0.	0.
111856	0.40293	2.0849e-003	0.	0.
111859	-0.31816	-1.5046e-002	0.	0.
111860	-0.31943	-1.6114e-002	0.	0.
111875	-0.3908	1.414e-002	0.	0.
111879	-0.31677	1.9908e-002	0.	0.
111880	-0.31597	1.9811e-002	0.	0.
111881	-0.31592	1.834e-002	0.	0.
111885	0.30961	1.8074e-002	0.	0.
111886	0.30861	1.7933e-002	0.	0.
111889	0.32251	6.436e-003	0.	0.
111890	0.32334	6.6307e-003	0.	0.
111894	-0.31374	-5.1484e-003	0.	0.
111898	-0.36595	-9.4233e-003	0.	0.
111901	-0.3555	7.9678e-003	0.	0.
111902	-0.35646	9.2437e-003	0.	0.
111905	-0.37358	-5.4567e-003	0.	0.
111906	-0.37364	-3.9247e-003	0.	0.
111909	0.36021	-9.6077e-003	0.	0.
111912	0.34812	1.3944e-003	0.	0.
111916	0.34488	-7.5107e-003	0.	0.
111917	0.34521	-5.9256e-003	0.	0.
111921	-0.37987	4.9889e-003	0.	0.
111922	-0.38019	6.6116e-003	0.	0.
111927	-0.37785	1.2742e-003	0.	0.
111930	0.37088	-7.5205e-003	0.	0.
111931	0.37069	-5.466e-003	0.	0.
111935	-0.36697	7.4038e-003	0.	0.
111936	-0.36668	5.4654e-003	0.	0.
111940	-0.36477	1.1325e-002	0.	0.
111941	-0.36455	1.2817e-002	0.	0.
111943	0.32567	-2.6568e-003	0.	0.
111944	0.3268	-7.4789e-004	0.	0.
111948	0.35569	-1.4253e-002	0.	0.
111949	0.35626	-1.2403e-002	0.	0.
111951	-0.31438	-7.5e-003	0.	0.
111952	-0.31525	-9.9063e-003	0.	0.
111957	-0.31773	-6.7211e-003	0.	0.
111962	-0.31605	-1.2159e-002	0.	0.
111964	0.31156	5.6094e-003	0.	0.
111966	0.30154	1.3451e-002	0.	0.
111968	0.41185	4.1225e-003	0.	0.
111971	-0.32394	1.8397e-002	0.	0.
111972	-0.32356	1.6665e-002	0.	0.
111974	0.34633	1.6568e-002	0.	0.
111975	0.34697	1.6418e-002	0.	0.
111978	-0.30533	-8.9989e-003	0.	0.
111979	-0.3072	-8.9628e-003	0.	0.
111981	-0.35322	-1.9545e-002	0.	0.
111982	-0.35424	-2.0687e-002	0.	0.
111984	-0.42315	1.5243e-002	0.	0.
111985	-0.42214	1.6872e-002	0.	0.
111987	0.33555	5.1892e-003	0.	0.
111988	0.3346	3.0002e-003	0.	0.
111991	0.32141	-4.25e-003	0.	0.
111992	0.32226	-4.5922e-003	0.	0.
111993	0.32215	-3.1888e-003	0.	0.
111994	0.32286	-3.637e-003	0.	0.
111997	0.31934	-2.e-003	0.	0.
111998	0.31861	-3.0664e-003	0.	0.
111999	0.31837	-1.6399e-003	0.	0.
112000	0.31778	-2.7133e-003	0.	0.
112003	0.31565	-6.414e-004	0.	0.
112006	-0.31171	1.8073e-002	0.	0.
112007	-0.31275	1.9015e-002	0.	0.
112009	0.35122	-1.6012e-002	0.	0.
112010	0.35217	-1.4728e-002	0.	0.
112013	0.3478	2.0573e-002	0.	0.
112014	0.3456	2.1104e-002	0.	0.
112017	0.3433	1.4711e-002	0.	0.
112018	0.34496	1.5813e-002	0.	0.
112019	0.34303	1.554e-002	0.	0.
112021	-0.34346	9.5833e-004	0.	0.
112022	-0.34238	3.0417e-003	0.	0.
112025	-0.34129	5.125e-003	0.	0.
112028	-0.32629	-1.4852e-003	0.	0.
112029	-0.32671	2.194e-004	0.	0.
112031	-0.3325	7.3437e-004	0.	0.
112032	-0.33254	-1.3611e-003	0.	0.
112036	-0.33856	1.0338e-003	0.	0.
112037	-0.33825	-1.0937e-003	0.	0.
112038	-0.33719	9.8269e-004	0.	0.
112051	-0.33363	-3.4167e-003	0.	0.
112054	-0.34638	-3.3302e-003	0.	0.
112055	-0.34788	-3.3041e-003	0.	0.
112059	-0.34171	-5.3559e-003	0.	0.
112060	-0.34188	-3.2656e-003	0.	0.
112064	-0.33471	-5.4714e-003	0.	0.
112069	-0.33071	-5.6843e-003	0.	0.
112070	-0.32988	-3.4844e-003	0.	0.
112073	-0.33579	-7.5252e-003	0.	0.
112075	-0.33055	-7.7489e-003	0.	0.
112076	-0.332	-7.5999e-003	0.	0.
112082	-0.34779	-7.1999e-003	0.	0.
112083	-0.34645	-5.1266e-003	0.	0.
112084	-0.34795	-5.1005e-003	0.	0.
112088	-0.33688	-9.5807e-003	0.	0.
112091	-0.34888	-9.4271e-003	0.	0.
112095	-0.34363	-9.6403e-003	0.	0.
112096	-0.34513	-9.622e-003	0.	0.
112100	-0.33802	-1.1545e-002	0.	0.
112103	-0.34996	-1.1503e-002	0.	0.
112107	-0.33304	-1.375e-002	0.	0.
112108	-0.33183	-1.1708e-002	0.	0.
112112	-0.33928	-1.3212e-002	0.	0.
112116	-0.34504	-1.3473e-002	0.	0.
112117	-0.34371	-1.141e-002	0.	0.
112118	-0.34521	-1.1392e-002	0.	0.
112123	-0.33414	-1.5936e-002	0.	0.
112131	-0.34423	-1.9939e-002	0.	0.
112132	-0.34298	-1.8268e-002	0.	0.
112134	-0.34513	-2.1911e-002	0.	0.
112138	-0.33827	-1.9728e-002	0.	0.
112139	-0.33913	-2.1927e-002	0.	0.
112147	-0.33439	2.2171e-002	0.	0.
112154	0.34418	2.2146e-002	0.	0.
112157	0.39256	-2.1938e-002	0.	0.
112160	0.34187	-9.375e-003	0.	0.
112161	0.34081	-7.1521e-003	0.	0.
112165	0.34296	-1.1458e-002	0.	0.
112169	0.3956	1.9687e-002	0.	0.
112170	0.39456	2.1813e-002	0.	0.
112174	0.33737	1.5625e-002	0.	0.
112175	0.33612	1.3542e-002	0.	0.
112179	0.33988	1.9792e-002	0.	0.
112180	0.33862	1.7708e-002	0.	0.
112182	0.3966	1.7563e-002	0.	0.
112184	0.33769	-1.9855e-002	0.	0.
112185	0.33638	-1.7986e-002	0.	0.
112192	0.39347	-2.0151e-002	0.	0.
112204	0.33909	-1.1719e-002	0.	0.
112209	0.34296	-1.3542e-002	0.	0.
112212	0.33666	-7.0313e-003	0.	0.
112213	0.33586	-5.5899e-003	0.	0.
112215	0.3395	-5.0688e-003	0.	0.
112216	0.34096	-5.0861e-003	0.	0.
112220	0.34066	7.0313e-003	0.	0.
112234	-0.31093	1.0962e-002	0.	0.
112235	-0.30909	9.9921e-003	0.	0.
112237	-0.38835	-1.2887e-002	0.	0.
112238	-0.38854	-1.4844e-002	0.	0.
112242	0.38882	-2.1775e-002	0.	0.
112243	0.38732	-2.177e-002	0.	0.
112247	0.38284	-2.175e-002	0.	0.
112248	0.38135	-2.1745e-002	0.	0.
112251	-0.33783	1.5211e-002	0.	0.
112254	0.30699	1.2423e-002	0.	0.
112255	0.30621	1.4054e-002	0.	0.
112260	0.38392	1.7774e-002	0.	0.
112261	0.38243	1.7782e-002	0.	0.
112263	0.40509	7.7732e-003	0.	0.
112264	0.40503	8.4646e-003	0.	0.
112266	0.33155	3.5325e-004	0.	0.
112267	0.33006	6.5104e-005	0.	0.
112271	0.32982	-4.1016e-003	0.	0.
112272	0.32951	-2.8626e-003	0.	0.
112273	0.32892	-4.2497e-003	0.	0.
112276	-0.30159	6.8528e-003	0.	0.
112277	-0.30276	5.5101e-003	0.	0.
112280	0.41512	-1.1191e-002	0.	0.
112281	0.41627	-1.1919e-002	0.	0.
112283	0.33262	-1.7181e-002	0.	0.
112284	0.3347	-1.7134e-002	0.	0.
112286	-0.41321	-1.0024e-002	0.	0.
112287	-0.4133	-1.1054e-002	0.	0.
112290	0.30292	-1.5143e-002	0.	0.
112293	-0.42347	9.2622e-003	0.	0.
112294	-0.4227	7.9903e-003	0.	0.
112296	0.41688	2.7861e-003	0.	0.
112300	0.41562	-1.5928e-003	0.	0.
112301	0.41547	3.6684e-005	0.	0.
112306	0.37384	1.3351e-002	0.	0.
112307	0.37533	1.3335e-002	0.	0.
112311	0.37964	9.8093e-003	0.	0.
112312	0.37974	1.1432e-002	0.	0.
112313	0.38114	1.1519e-002	0.	0.
112314	0.37881	1.0609e-002	0.	0.
112319	0.38563	-1.1771e-002	0.	0.
112320	0.38712	-1.1787e-002	0.	0.
112324	0.38561	1.3365e-002	0.	0.
112325	0.38705	1.3217e-002	0.	0.
112330	0.3915	-1.3567e-002	0.	0.
112331	0.39299	-1.3583e-002	0.	0.
112332	0.39152	-1.5236e-002	0.	0.
112337	0.37959	-1.3475e-002	0.	0.
112338	0.38099	-1.354e-002	0.	0.
112342	-0.39627	-3.7643e-003	0.	0.
112343	-0.39654	-2.0716e-003	0.	0.
112347	0.3362	-3.0261e-003	0.	0.
112348	0.33542	-4.1889e-003	0.	0.
112354	-0.41897	-1.8843e-002	0.	0.
112355	-0.41809	-2.0463e-002	0.	0.
112359	0.37837	5.2396e-003	0.	0.
112360	0.37698	5.3495e-003	0.	0.
112363	0.38431	6.9822e-003	0.	0.
112364	0.38292	6.9172e-003	0.	0.
112367	0.3901	-7.5273e-003	0.	0.
112371	0.319	7.347e-003	0.	0.
112375	0.35694	2.2886e-002	0.	0.
112376	0.35607	2.2937e-002	0.	0.
112380	-0.34297	2.2869e-002	0.	0.
112381	-0.34385	2.292e-002	0.	0.
112383	-0.35432	1.6302e-002	0.	0.
112384	-0.35286	1.6269e-002	0.	0.
112386	0.34956	1.0937e-002	0.	0.
112387	0.34951	1.2592e-002	0.	0.
112391	0.34605	9.894e-003	0.	0.
112392	0.34671	1.196e-002	0.	0.
112393	0.34687	1.042e-002	0.	0.
112397	0.35274	-9.5437e-003	0.	0.
112398	0.35357	-1.0269e-002	0.	0.
112399	0.35258	-1.2292e-002	0.	0.
112403	-0.3029	2.9467e-003	0.	0.
112405	-0.35218	2.0573e-002	0.	0.
112406	-0.35425	2.1118e-002	0.	0.
112410	-0.37103	-1.6401e-002	0.	0.
112411	-0.37105	-1.4705e-002	0.	0.
112417	0.32558	-4.6642e-003	0.	0.
112420	-0.39967	-1.5058e-002	0.	0.
112425	0.3803	1.2079e-003	0.	0.
112426	0.38164	8.7811e-004	0.	0.
112430	0.39774	-1.1805e-003	0.	0.
112431	0.39921	-1.2118e-003	0.	0.
112432	0.39775	-2.8589e-003	0.	0.
112435	-0.36093	2.1726e-002	0.	0.
112436	-0.35947	2.1726e-002	0.	0.
112440	-0.35567	2.2159e-002	0.	0.
112444	-0.32097	1.1746e-002	0.	0.
112447	-0.42154	1.85e-002	0.	0.
112448	-0.42041	1.6918e-002	0.	0.
112452	0.39486	-1.9385e-002	0.	0.
112453	0.39611	-1.8652e-002	0.	0.
112479	-0.39376	-2.4769e-003	0.	0.
112480	-0.3935	-4.1696e-003	0.	0.
112484	0.35849	-1.3593e-003	0.	0.
112485	0.3596	-2.3318e-003	0.	0.
112487	-0.39991	1.0155e-002	0.	0.
112488	-0.39923	9.0575e-003	0.	0.
112493	-0.4217	-6.8965e-003	0.	0.
112494	-0.42164	-5.438e-003	0.	0.
112496	-0.42217	-1.7878e-003	0.	0.
112499	0.40542	1.9103e-003	0.	0.
112500	0.40577	2.4991e-004	0.	0.
112501	0.40618	1.5128e-003	0.	0.
112503	-0.36131	1.938e-002	0.	0.
112504	-0.36194	2.003e-002	0.	0.
112505	-0.3622	1.8482e-002	0.	0.
112507	-0.3115	6.6062e-003	0.	0.
112509	0.3446	8.5919e-003	0.	0.
112510	0.34495	7.5057e-003	0.	0.
112511	0.34661	9.3761e-003	0.	0.
112512	0.34628	8.0206e-003	0.	0.
112516	0.36124	1.2041e-002	0.	0.
112518	0.3117	1.2582e-002	0.	0.
112523	-0.32958	-1.7313e-002	0.	0.
112528	-0.32773	1.5332e-002	0.	0.
112531	-0.39959	6.0036e-003	0.	0.
112535	0.31474	-1.5797e-002	0.	0.
112536	0.31537	-1.77e-002	0.	0.
112537	0.31464	-1.7353e-002	0.	0.
112540	-0.41229	-1.0581e-002	0.	0.
112541	-0.41083	-8.8511e-003	0.	0.
112545	-0.39799	6.8208e-003	0.	0.
112546	-0.39798	8.2305e-003	0.	0.
112550	0.36978	6.0764e-003	0.	0.
112551	0.36981	4.3753e-003	0.	0.
112552	0.37047	5.565e-003	0.	0.
112555	0.36672	6.4236e-003	0.	0.
112556	0.36662	8.1094e-003	0.	0.
112557	0.36602	6.9329e-003	0.	0.
112561	-0.35574	1.4583e-002	0.	0.
112566	-0.35605	1.2601e-002	0.	0.
112567	-0.35558	1.1246e-002	0.	0.
112568	-0.3562	1.0871e-002	0.	0.
112571	-0.38612	8.4835e-003	0.	0.
112572	-0.3873	1.0027e-002	0.	0.
112574	0.35577	-8.6303e-003	0.	0.
112575	0.35502	-9.7239e-003	0.	0.
112576	0.35618	-1.0578e-002	0.	0.
112578	-0.36647	2.0817e-003	0.	0.
112579	-0.36681	3.846e-003	0.	0.
112582	0.34547	-4.3177e-003	0.	0.
112585	0.3706	-2.0833e-003	0.	0.
112586	0.37095	-3.8482e-003	0.	0.
112595	0.4166	1.5358e-002	0.	0.
112598	0.30552	-1.0305e-002	0.	0.
112599	0.30632	-1.0633e-002	0.	0.
112600	0.30439	-1.1403e-002	0.	0.
112603	-0.31136	-8.4675e-003	0.	0.
112607	0.39756	1.5438e-002	0.	0.
112609	-0.3168	-1.3967e-002	0.	0.
112612	0.36586	-1.726e-002	0.	0.
112615	0.30913	-1.1358e-002	0.	0.
112619	0.41932	-1.321e-002	0.	0.
112621	0.32447	2.9592e-003	0.	0.
112622	0.3252	2.5128e-003	0.	0.
112624	-0.39411	-1.7099e-002	0.	0.
112625	-0.39259	-1.6328e-002	0.	0.
112626	-0.39359	-1.5441e-002	0.	0.
112629	0.30613	-5.086e-003	0.	0.
112630	0.30717	-6.3045e-003	0.	0.
112631	0.30539	-5.8044e-003	0.	0.
112635	0.30668	4.1066e-003	0.	0.
112636	0.306	4.1221e-003	0.	0.
112640	0.40078	-1.6323e-002	0.	0.
112641	0.40102	-1.8808e-002	0.	0.
112644	0.32596	8.1049e-003	0.	0.
112645	0.32744	8.6984e-003	0.	0.
112648	0.40617	4.6704e-003	0.	0.
112649	0.4053	3.5585e-003	0.	0.
112651	-0.41615	-4.629e-004	0.	0.
112655	-0.37297	-2.1878e-002	0.	0.
112658	0.33721	-2.0088e-004	0.	0.
112659	0.3371	-1.8229e-003	0.	0.
112663	0.32763	-2.054e-002	0.	0.
112664	0.32707	-2.0133e-002	0.	0.
112669	-0.38513	2.0736e-002	0.	0.
112672	-0.38302	-1.4869e-002	0.	0.
112676	0.30675	1.8289e-002	0.	0.
112677	0.30456	1.8063e-002	0.	0.
112680	0.36688	-1.3001e-002	0.	0.
112681	0.36763	-1.1074e-002	0.	0.
112683	-0.30981	-2.248e-002	0.	0.
112686	0.33329	1.4977e-002	0.	0.
112687	0.3337	1.6609e-002	0.	0.
112689	-0.35047	2.1216e-002	0.	0.
112690	-0.35021	2.2908e-002	0.	0.
112694	0.34953	2.1216e-002	0.	0.
112695	0.34979	2.2908e-002	0.	0.
112697	0.42161	-2.9282e-003	0.	0.
112700	-0.41875	2.2516e-002	0.	0.
112702	-0.31037	-1.7185e-002	0.	0.
112706	0.31209	8.0781e-003	0.	0.
112710	-0.42241	2.0372e-002	0.	0.
112711	-0.42324	2.0511e-002	0.	0.
112712	-0.42322	2.2147e-002	0.	0.
112715	0.41528	-1.5041e-002	0.	0.
112720	-0.32113	1.9749e-002	0.	0.
112724	0.31584	4.9688e-003	0.	0.
112725	0.31586	4.1566e-003	0.	0.
112726	0.31468	3.2109e-003	0.	0.
112729	-0.30335	-9.2555e-003	0.	0.
112730	-0.30184	-8.7947e-003	0.	0.
112733	-0.42109	8.2247e-003	0.	0.
112735	0.42356	-1.54e-002	0.	0.
112737	-0.41258	2.3572e-002	0.	0.
112740	0.31235	1.0445e-002	0.	0.
112744	0.35271	1.3956e-002	0.	0.
112745	0.35322	1.4344e-002	0.	0.
112747	0.34224	8.0729e-003	0.	0.
112748	0.34377	7.2471e-003	0.	0.
112752	-0.34735	1.3849e-002	0.	0.
112755	0.40995	-8.5954e-003	0.	0.
112756	0.41093	-6.6343e-003	0.	0.
112761	-0.4126	4.4256e-003	0.	0.
112762	-0.41249	3.0608e-003	0.	0.
112765	0.42336	-2.2078e-002	0.	0.
112767	0.3113	-1.931e-002	0.	0.
112768	0.3114	-1.857e-002	0.	0.
112769	0.30903	-1.859e-002	0.	0.
112773	0.30898	1.8617e-002	0.	0.
112774	0.31073	1.8812e-002	0.	0.
112783	0.41926	2.3468e-002	0.	0.
112787	-0.32145	-6.8594e-003	0.	0.
112790	0.42246	-6.6932e-003	0.	0.
112798	0.31724	2.1832e-003	0.	0.
112799	0.31809	2.2231e-003	0.	0.
112800	0.31719	3.4759e-003	0.	0.
112806	-0.3423	-1.509e-002	0.	0.
112807	-0.34255	-1.6768e-002	0.	0.
112810	-0.33621	-1.7828e-002	0.	0.
112811	-0.33731	-1.742e-002	0.	0.
112812	-0.33662	-1.8965e-002	0.	0.
112815	-0.3358	-1.6694e-002	0.	0.
112816	-0.33511	-1.8238e-002	0.	0.
112820	-0.33996	-1.6381e-002	0.	0.
112821	-0.33971	-1.4706e-002	0.	0.
112825	-0.3273	3.4493e-003	0.	0.
112826	-0.32717	1.7879e-003	0.	0.
112828	0.31477	1.4503e-002	0.	0.
112831	0.41214	-1.0205e-003	0.	0.
112832	0.41179	7.8622e-004	0.	0.
112835	0.38945	1.6542e-002	0.	0.
112836	0.38951	1.4902e-002	0.	0.
112837	0.38873	1.6695e-002	0.	0.
112842	-0.41153	-1.2109e-002	0.	0.
112843	-0.40968	-1.2808e-002	0.	0.
112844	-0.41003	-1.1981e-002	0.	0.
112849	0.33887	-2.1875e-002	0.	0.
112853	0.31008	-3.1302e-003	0.	0.
112857	0.30951	-4.7559e-003	0.	0.
112858	0.30853	-3.4181e-003	0.	0.
112861	0.39856	1.3565e-002	0.	0.
112866	-0.355	-2.2296e-002	0.	0.
112871	-0.422	9.7438e-004	0.	0.
112874	0.40168	3.038e-003	0.	0.
112878	0.40295	1.1091e-002	0.	0.
112879	0.40392	9.5042e-003	0.	0.
112882	-0.31638	2.0618e-002	0.	0.
112883	-0.31794	2.0921e-002	0.	0.
112886	-0.30626	-2.0055e-002	0.	0.
112890	0.38692	1.0228e-002	0.	0.
112891	0.38678	8.7921e-003	0.	0.
112895	0.39199	1.4379e-002	0.	0.
112896	0.39196	1.6021e-002	0.	0.
112897	0.39271	1.4224e-002	0.	0.
112901	-0.32686	-2.1772e-002	0.	0.
112907	0.42297	1.1467e-003	0.	0.
112908	0.42303	-9.6929e-005	0.	0.
112911	0.38909	8.1148e-003	0.	0.
112912	0.38921	9.5566e-003	0.	0.
112915	0.38348	-1.6776e-002	0.	0.
112916	0.38351	-1.5274e-002	0.	0.
112917	0.38276	-1.6915e-002	0.	0.
112921	0.3884	-1.8854e-002	0.	0.
112922	0.38844	-1.7313e-002	0.	0.
112923	0.38769	-1.8988e-002	0.	0.
112927	-0.313	7.8621e-004	0.	0.
112931	0.33047	1.1599e-002	0.	0.
112932	0.33204	1.3242e-002	0.	0.
112933	0.33187	1.1783e-002	0.	0.
112935	0.33211	-1.1508e-002	0.	0.
112936	0.33215	-1.3146e-002	0.	0.
112940	0.32122	5.3748e-003	0.	0.
112941	0.32307	5.7634e-003	0.	0.
112943	0.31948	5.7865e-003	0.	0.
112947	0.39585	3.8172e-003	0.	0.
112948	0.39572	2.373e-003	0.	0.
112953	0.33185	-6.1165e-003	0.	0.
112960	-0.41555	1.2093e-003	0.	0.
112964	0.39813	1.6748e-003	0.	0.
112965	0.39832	3.1742e-003	0.	0.
112967	0.39091	-1.835e-002	0.	0.
112968	0.39108	-1.681e-002	0.	0.
112971	0.38596	-1.4789e-002	0.	0.
112972	0.38593	-1.6292e-002	0.	0.
112973	0.38666	-1.4649e-002	0.	0.
112975	0.3807	-1.058e-002	0.	0.
112976	0.38077	-9.0099e-003	0.	0.
112977	0.38005	-1.0663e-002	0.	0.
112982	-0.41281	6.4478e-003	0.	0.
112983	-0.41345	7.6643e-003	0.	0.
112985	0.38328	-8.4532e-003	0.	0.
112986	0.3832	-1.0057e-002	0.	0.
112987	0.384	-8.3173e-003	0.	0.
112993	0.40954	9.7222e-003	0.	0.
112994	0.40799	9.4948e-003	0.	0.
112998	0.31482	-1.4249e-002	0.	0.
113003	-0.32279	-2.323e-002	0.	0.
113008	0.38048	-1.9322e-003	0.	0.
113009	0.38059	-3.5957e-003	0.	0.
113010	0.38125	-1.9649e-003	0.	0.
113013	0.423	6.8526e-003	0.	0.
113014	0.42307	8.0895e-003	0.	0.
113017	0.39467	-6.6457e-003	0.	0.
113018	0.39473	-5.0156e-003	0.	0.
113019	0.39399	-6.7236e-003	0.	0.
113021	0.3696	-1.4063e-002	0.	0.
113022	0.36917	-1.6167e-002	0.	0.
113024	-0.41367	2.1045e-003	0.	0.
113028	-0.36116	6.1122e-003	0.	0.
113030	0.36518	-6.25e-003	0.	0.
113035	0.35875	6.3326e-003	0.	0.
113043	-0.32272	2.6307e-003	0.	0.
113044	-0.32355	2.3766e-003	0.	0.
113046	0.39716	-6.1607e-003	0.	0.
113047	0.39734	-4.5265e-003	0.	0.
113052	-0.33072	-2.253e-002	0.	0.
113056	0.37025	1.3828e-002	0.	0.
113060	-0.35344	-1.4723e-002	0.	0.
113062	-0.32971	3.8593e-003	0.	0.
113063	-0.32979	2.2682e-003	0.	0.
113070	0.3243	2.1334e-003	0.	0.
113076	0.34274	1.268e-002	0.	0.
113083	0.34645	-1.9911e-002	0.	0.
113086	0.33947	-3.5207e-003	0.	0.
113087	0.33788	-3.3854e-003	0.	0.
113088	0.34016	-4.184e-003	0.	0.
113092	0.37266	-1.4657e-002	0.	0.
113099	0.41488	-3.5598e-003	0.	0.
113101	-0.33902	1.6419e-002	0.	0.
113103	0.34455	3.3854e-003	0.	0.
113104	0.34328	4.1362e-003	0.	0.
113108	0.41643	-2.3231e-002	0.	0.
113112	0.33007	9.9627e-003	0.	0.
113113	0.32903	1.0383e-002	0.	0.
113116	-0.36019	1.6776e-002	0.	0.
113122	-0.32841	4.3013e-003	0.	0.
113123	-0.32891	5.1718e-003	0.	0.
113129	0.39686	1.3057e-003	0.	0.
113130	0.39732	3.7924e-004	0.	0.
113132	0.39077	1.3823e-002	0.	0.
113133	0.39124	1.2899e-002	0.	0.
113134	0.3923	1.3545e-002	0.	0.
113138	0.39717	4.2493e-003	0.	0.
113139	0.39673	5.1897e-003	0.	0.
113141	0.39068	1.7105e-002	0.	0.
113142	0.39022	1.8035e-002	0.	0.
113143	0.38912	1.7378e-002	0.	0.
113146	-0.35159	-2.0059e-002	0.	0.
113151	0.3878	7.7398e-003	0.	0.
113152	0.38827	6.8179e-003	0.	0.
113157	0.38807	1.0617e-002	0.	0.
113158	0.3876	1.1541e-002	0.	0.
113160	0.41814	1.1191e-002	0.	0.
113167	-0.30468	5.0206e-003	0.	0.
113168	-0.30386	4.4141e-003	0.	0.
113170	0.33137	9.4797e-003	0.	0.
113171	0.32946	9.4498e-003	0.	0.
113178	0.31771	6.0397e-003	0.	0.
113179	0.3167	4.8752e-003	0.	0.
113182	0.32461	-2.3347e-002	0.	0.
113188	0.41374	-9.9196e-003	0.	0.
113195	-0.39186	-1.4893e-002	0.	0.
113196	-0.39286	-1.4006e-002	0.	0.
113197	-0.39168	-1.2938e-002	0.	0.
113199	0.35351	-3.4086e-003	0.	0.
113201	-0.37232	-3.273e-003	0.	0.
113206	0.33788	-9.375e-003	0.	0.
113213	0.34822	9.8987e-003	0.	0.
113219	0.3679	-1.7208e-002	0.	0.
113222	0.36815	1.7432e-002	0.	0.
113223	0.36599	1.7367e-002	0.	0.
113224	0.36814	1.6675e-002	0.	0.
113226	-0.35805	-1.7306e-002	0.	0.
113227	-0.36007	-1.7487e-002	0.	0.
113230	-0.40618	-1.7566e-002	0.	0.
113231	-0.40765	-1.8392e-002	0.	0.
113236	0.33054	-1.6349e-002	0.	0.
113241	0.3304	1.7501e-002	0.	0.
113242	0.33249	1.744e-002	0.	0.
113245	0.3164	-1.8855e-002	0.	0.
113246	0.31479	-1.8226e-002	0.	0.
113250	0.3794	-4.6623e-003	0.	0.
113251	0.37893	-5.5705e-003	0.	0.
113254	-0.38966	1.5098e-002	0.	0.
113258	0.3791	-1.5881e-003	0.	0.
113259	0.37981	-3.0547e-004	0.	0.
113260	0.38067	-1.2096e-003	0.	0.
113263	-0.30833	-1.2737e-002	0.	0.
113268	-0.3305	-9.6647e-003	0.	0.
113269	-0.33195	-9.5156e-003	0.	0.
113276	0.40574	1.4736e-002	0.	0.
113280	-0.34889	1.3281e-002	0.	0.
113289	0.40098	-2.0566e-002	0.	0.
113292	0.41147	-1.5786e-002	0.	0.
113295	0.38193	-1.1075e-002	0.	0.
113296	0.38143	-1.194e-002	0.	0.
113297	0.38049	-1.1254e-002	0.	0.
113300	-0.39018	1.74e-002	0.	0.
113301	-0.39033	1.6583e-002	0.	0.
113302	-0.39244	1.7217e-002	0.	0.
113304	-0.32079	1.8053e-003	0.	0.
113305	-0.32242	1.1479e-003	0.	0.
113312	-0.34808	1.7322e-002	0.	0.
113314	0.35181	1.7417e-002	0.	0.
113317	0.42362	9.9993e-004	0.	0.
113319	0.38209	-7.901e-003	0.	0.
113320	0.38257	-6.9707e-003	0.	0.
113321	0.38361	-7.636e-003	0.	0.
113329	-0.35668	-1.62e-002	0.	0.
113330	-0.3572	-1.444e-002	0.	0.
113333	-0.38529	6.8128e-003	0.	0.
113334	-0.38661	5.599e-003	0.	0.
113336	-0.38588	1.4862e-002	0.	0.
113337	-0.38508	1.6369e-002	0.	0.
113340	-0.40067	-1.5931e-002	0.	0.
113342	-0.41755	-7.9182e-003	0.	0.
113343	-0.41792	-6.5903e-003	0.	0.
113345	0.31262	1.9082e-002	0.	0.
113346	0.31204	1.9288e-002	0.	0.
113349	0.3124	-1.9011e-002	0.	0.
113352	-0.39528	-1.4323e-003	0.	0.
113358	0.38469	-1.7326e-002	0.	0.
113359	0.38422	-1.8237e-002	0.	0.
113360	0.38316	-1.7586e-002	0.	0.
113366	0.38474	-1.432e-002	0.	0.
113367	0.38521	-1.3419e-002	0.	0.
113368	0.38626	-1.4058e-002	0.	0.
113372	-0.39476	-4.8177e-003	0.	0.
113375	-0.32835	1.0488e-003	0.	0.
113380	0.3495	-1.5892e-002	0.	0.
113388	0.38969	-1.9246e-002	0.	0.
113389	0.38923	-2.0141e-002	0.	0.
113390	0.38818	-1.9503e-002	0.	0.
113392	0.39595	-7.1406e-003	0.	0.
113393	0.39551	-8.0277e-003	0.	0.
113394	0.39445	-7.3277e-003	0.	0.
113397	0.34801	1.3094e-002	0.	0.
113407	0.37156	1.5776e-002	0.	0.
113408	0.36996	1.5505e-002	0.	0.
113410	-0.36962	4.8863e-003	0.	0.
113415	0.3729	-1.2971e-002	0.	0.
113423	0.31706	-1.0914e-002	0.	0.
113425	0.31695	1.0884e-002	0.	0.
113427	0.3914	-5.4779e-003	0.	0.
113431	0.42364	7.0061e-003	0.	0.
113433	0.30757	3.0596e-003	0.	0.
113434	0.30795	1.596e-003	0.	0.
113440	0.39589	-1.712e-002	0.	0.
113442	-0.30138	-2.9991e-003	0.	0.
113446	-0.38842	-1.6565e-002	0.	0.
113451	0.30679	-3.5947e-003	0.	0.
113452	0.30513	-3.3354e-003	0.	0.
113453	0.30513	-4.7487e-003	0.	0.
113469	-0.39559	-1.089e-002	0.	0.
113471	0.39619	-3.8763e-003	0.	0.
113478	0.32432	-3.4626e-003	0.	0.
113482	-0.34087	-1.4063e-002	0.	0.
113488	0.3899	-1.6164e-002	0.	0.
113491	-0.34138	-1.7415e-002	0.	0.
113495	0.30241	-1.1566e-002	0.	0.
113501	-0.38379	7.5973e-003	0.	0.
113510	0.34868	-1.4566e-002	0.	0.
113519	-0.35129	2.365e-002	0.	0.
113523	0.34871	2.365e-002	0.	0.
113543	0.41252	-1.3905e-002	0.	0.
113547	0.35921	-3.8135e-003	0.	0.
113550	-0.41381	6.3386e-003	0.	0.
113551	-0.41397	5.4278e-003	0.	0.
113553	-0.42278	1.9637e-002	0.	0.
113561	0.31329	-1.8075e-002	0.	0.
113563	0.4199	-2.6031e-003	0.	0.
113565	-0.42127	-5.0439e-004	0.	0.
113568	-0.30881	-2.3587e-002	0.	0.
113609	-0.31764	-3.337e-003	0.	0.
113611	-0.30725	8.9743e-003	0.	0.
113618	0.30882	-6.1509e-003	0.	0.
113619	0.31021	-6.7117e-003	0.	0.
113620	0.30937	-7.291e-003	0.	0.
113623	0.37805	9.7716e-003	0.	0.
113625	0.30334	-3.5234e-003	0.	0.
113626	0.30334	-4.9367e-003	0.	0.
113634	-0.41923	-1.7374e-002	0.	0.
113639	-0.42341	-2.2557e-002	0.	0.
113640	-0.42244	-2.1271e-002	0.	0.
113646	-0.30728	1.3358e-003	0.	0.
113647	-0.30857	1.4125e-003	0.	0.
113653	0.32957	-4.8357e-003	0.	0.
113654	0.33086	-5.2732e-003	0.	0.
113656	-0.40867	-1.3867e-002	0.	0.
113657	-0.40904	-1.2182e-002	0.	0.
113658	-0.40789	-1.2641e-002	0.	0.
113670	-0.30519	2.3478e-002	0.	0.
113680	0.35261	1.4653e-002	0.	0.
113682	0.35665	2.3489e-002	0.	0.
113685	-0.34335	2.3488e-002	0.	0.
113690	0.42295	-1.7049e-002	0.	0.
113691	0.42299	-1.7835e-002	0.	0.
113693	-0.37064	-1.2245e-002	0.	0.
113694	-0.37159	-1.3166e-002	0.	0.
113704	0.36913	1.6872e-002	0.	0.
113707	0.39106	1.7915e-002	0.	0.
113709	0.37608	-5.8636e-003	0.	0.
113710	0.3747	-5.358e-003	0.	0.
113714	0.39043	1.3021e-002	0.	0.
113716	0.39005	-2.0017e-002	0.	0.
113722	0.30664	-9.3437e-003	0.	0.
113725	0.38503	-1.8115e-002	0.	0.
113728	0.3844	-1.3542e-002	0.	0.
113730	0.38829	1.1404e-002	0.	0.
113732	0.35257	-4.6103e-003	0.	0.
113735	0.36683	2.1976e-003	0.	0.
113749	0.38758	6.9609e-003	0.	0.
113756	0.38222	-1.1844e-002	0.	0.
113758	0.30762	-1.7326e-002	0.	0.
113760	0.30314	1.8595e-002	0.	0.
113761	0.3031	1.7317e-002	0.	0.
113763	0.38175	-7.0999e-003	0.	0.
113765	0.41347	-1.2131e-002	0.	0.
113767	0.39747	5.104e-003	0.	0.
113773	0.39663	5.2018e-004	0.	0.
113776	-0.40197	-1.5261e-002	0.	0.
113782	0.30827	-1.005e-002	0.	0.
113783	0.30908	-9.5875e-003	0.	0.
113793	0.35836	9.9112e-003	0.	0.
113800	0.36306	1.0826e-002	0.	0.
113801	0.36291	1.0077e-002	0.	0.
113805	0.35092	-8.3333e-003	0.	0.
113809	0.35254	-6.9983e-003	0.	0.
113810	0.35337	-9.0583e-003	0.	0.
113811	0.35331	-7.5648e-003	0.	0.
113815	-0.37292	8.3333e-003	0.	0.
113823	-0.3696	1.4583e-002	0.	0.
113830	0.37965	-5.4121e-003	0.	0.
113835	0.31314	-1.0078e-002	0.	0.
113836	0.31246	-1.0299e-002	0.	0.
113841	0.39632	-7.9185e-003	0.	0.
113848	-0.41461	6.6444e-003	0.	0.
113852	-0.32818	5.0904e-003	0.	0.
113854	-0.3956	2.0833e-003	0.	0.
113858	0.32963	-1.5606e-003	0.	0.
113881	0.40604	2.3138e-003	0.	0.
113890	-0.37018	-1.295e-002	0.	0.
113895	-0.30294	-8.3248e-003	0.	0.
113897	-0.38929	1.6795e-002	0.	0.
113900	-0.39601	-1.7455e-002	0.	0.
113901	-0.39699	-1.6817e-002	0.	0.
113903	-0.35749	-1.0743e-002	0.	0.
113904	-0.35784	-1.2704e-002	0.	0.
113906	0.35331	-6.2297e-003	0.	0.
113909	0.36963	8.0549e-003	0.	0.
113910	0.37038	6.4331e-003	0.	0.
113914	0.36671	4.449e-003	0.	0.
113915	0.36611	6.0648e-003	0.	0.
113920	-0.36316	5.1815e-003	0.	0.
113925	0.36718	-5.3193e-003	0.	0.
113928	-0.39583	-1.6775e-002	0.	0.
113942	0.33233	1.0598e-002	0.	0.
113945	-0.35271	1.4659e-002	0.	0.
113954	-0.39215	-8.3333e-003	0.	0.
113966	-0.36107	2.0183e-002	0.	0.
113967	-0.35962	2.0183e-002	0.	0.
113972	0.31767	1.5174e-003	0.	0.
113973	0.31663	6.4428e-004	0.	0.
113976	-0.38663	-7.6937e-003	0.	0.
113984	0.34092	-3.538e-003	0.	0.
113988	0.35495	-8.6897e-003	0.	0.
113989	0.35489	-7.1962e-003	0.	0.
114003	0.35414	-8.2898e-003	0.	0.
114008	0.30118	1.498e-002	0.	0.
114009	0.30194	1.6225e-002	0.	0.
114020	0.40854	1.0578e-002	0.	0.
114024	0.36151	1.0486e-002	0.	0.
114028	-0.38505	-7.6937e-003	0.	0.
114040	-0.38057	8.0995e-003	0.	0.
114042	-0.36417	1.4287e-002	0.	0.
114044	0.3085	-7.6073e-003	0.	0.
114048	0.327	-2.0744e-002	0.	0.
114053	0.40145	-2.257e-002	0.	0.
114059	0.37059	9.1685e-003	0.	0.
114066	-0.40196	1.9896e-003	0.	0.
114069	-0.40079	-4.2396e-003	0.	0.
114076	0.34225	1.4732e-002	0.	0.
114086	0.32841	-3.2552e-004	0.	0.
114089	-0.40354	-1.0469e-002	0.	0.
114096	-0.31903	1.4893e-002	0.	0.
114098	0.31178	-7.1763e-003	0.	0.
114099	0.30989	-8.1681e-003	0.	0.
114104	-0.3067	2.762e-003	0.	0.
114119	0.34361	5.5239e-003	0.	0.
114122	0.34545	6.6758e-003	0.	0.
114136	-0.36801	5.0013e-003	0.	0.
114140	0.37215	-5.0337e-003	0.	0.
114148	-0.318	-5.0254e-003	0.	0.
114150	-0.41323	-1.7831e-002	0.	0.
114154	-0.3544	-9.9249e-003	0.	0.
114156	0.30217	3.0208e-003	0.	0.
114161	0.42095	2.2935e-002	0.	0.
114162	0.4219	2.3011e-002	0.	0.
114164	0.31925	1.4371e-003	0.	0.
114170	0.31267	-9.5857e-003	0.	0.
114174	-0.39412	1.6491e-002	0.	0.
114179	0.41049	2.2158e-002	0.	0.
114182	0.41198	2.5179e-003	0.	0.
114183	0.41068	1.9749e-003	0.	0.
114187	-0.36917	2.2917e-002	0.	0.
114192	-0.41186	-1.6583e-002	0.	0.
114199	-0.39279	-1.4984e-002	0.	0.
114201	-0.39501	-2.2917e-002	0.	0.
114209	0.30439	-4.0539e-003	0.	0.
114221	-0.30606	4.1447e-003	0.	0.
114222	-0.30467	4.1193e-003	0.	0.
114226	-0.41038	-1.5996e-002	0.	0.
114227	-0.40914	-1.5383e-002	0.	0.
114237	0.3606	9.5711e-003	0.	0.
114239	-0.35657	-9.5897e-003	0.	0.
114250	0.40539	-1.3989e-003	0.	0.
114251	0.40685	-1.1199e-003	0.	0.
114259	-0.33878	2.9931e-003	0.	0.
114263	-0.32808	-2.4835e-003	0.	0.
114267	-0.34008	-2.2543e-003	0.	0.
114272	-0.34717	-4.2161e-003	0.	0.
114278	-0.33128	-8.4942e-003	0.	0.
114284	-0.34442	-1.0523e-002	0.	0.
114290	-0.33492	-2.2957e-002	0.	0.
114293	-0.34092	-2.2949e-002	0.	0.
114334	-0.30978	1.5541e-002	0.	0.
114336	-0.30719	1.6786e-002	0.	0.
114337	-0.30753	1.8521e-002	0.	0.
114339	-0.31025	1.7091e-002	0.	0.
114346	0.30635	3.5722e-003	0.	0.
114348	0.38607	2.1824e-002	0.	0.
114351	0.38907	2.1816e-002	0.	0.
114355	0.38009	2.184e-002	0.	0.
114358	0.38308	2.1832e-002	0.	0.
114366	0.3074	2.3713e-002	0.	0.
114370	0.30825	-9.2096e-003	0.	0.
114374	0.30737	-2.3694e-002	0.	0.
114377	0.30827	-2.1207e-002	0.	0.
114382	-0.36162	1.7126e-002	0.	0.
114386	0.37507	2.316e-002	0.	0.
114393	0.38115	1.9733e-002	0.	0.
114397	0.38414	1.972e-002	0.	0.
114400	0.38707	1.9816e-002	0.	0.
114404	0.39009	1.98e-002	0.	0.
114407	0.38409	-1.9958e-002	0.	0.
114410	0.38108	-1.993e-002	0.	0.
114417	0.38704	-2.0269e-002	0.	0.
114425	0.38199	-1.8352e-002	0.	0.
114428	0.38797	1.8199e-002	0.	0.
114444	-0.41973	-5.3507e-003	0.	0.
114451	0.32694	9.2768e-003	0.	0.
114459	0.31964	-4.1914e-003	0.	0.
114460	0.32144	-4.9359e-003	0.	0.
114462	0.32003	-7.1055e-003	0.	0.
114463	0.32197	-7.8354e-003	0.	0.
114466	0.32112	-2.0638e-003	0.	0.
114467	0.31918	-1.2961e-003	0.	0.
114471	0.40239	-1.4472e-003	0.	0.
114474	0.40824	-5.9007e-004	0.	0.
114475	0.40928	1.3331e-003	0.	0.
114481	0.37999	1.3219e-002	0.	0.
114482	0.38139	1.3306e-002	0.	0.
114485	0.38049	1.2304e-002	0.	0.
114486	0.37816	1.1394e-002	0.	0.
114493	0.37352	1.1441e-002	0.	0.
114496	0.37659	1.1512e-002	0.	0.
114501	0.39137	1.1138e-002	0.	0.
114504	0.39436	1.1097e-002	0.	0.
114505	0.39346	1.272e-002	0.	0.
114512	0.39132	-1.1678e-002	0.	0.
114515	0.39429	-1.1712e-002	0.	0.
114520	0.38739	-1.3295e-002	0.	0.
114524	0.37938	-1.1957e-002	0.	0.
114529	0.37354	-1.1349e-002	0.	0.
114531	0.37652	-1.1374e-002	0.	0.
114536	0.34649	1.5957e-002	0.	0.
114544	0.39535	-9.7479e-003	0.	0.
114547	0.39237	-9.6289e-003	0.	0.
114552	0.37757	-9.4336e-003	0.	0.
114554	0.37461	-9.3945e-003	0.	0.
114559	0.39237	9.1211e-003	0.	0.
114563	0.39533	9.082e-003	0.	0.
114569	0.37461	9.3555e-003	0.	0.
114575	0.37569	7.2695e-003	0.	0.
114578	0.39336	7.1281e-003	0.	0.
114582	0.39644	7.0326e-003	0.	0.
114587	0.37564	-7.4307e-003	0.	0.
114589	0.37864	-7.3581e-003	0.	0.
114594	0.39333	-8.0049e-003	0.	0.
114596	-0.32043	-1.7346e-002	0.	0.
114607	0.38272	-5.2332e-003	0.	0.
114610	0.38569	-5.2755e-003	0.	0.
114611	0.38478	-6.851e-003	0.	0.
114622	0.38562	5.0352e-003	0.	0.
114625	0.38275	4.9962e-003	0.	0.
114633	0.38857	4.9857e-003	0.	0.
114637	0.39158	4.8127e-003	0.	0.
114640	0.34793	-5.1718e-003	0.	0.
114646	0.40426	-3.1853e-003	0.	0.
114650	0.38374	2.9883e-003	0.	0.
114653	0.38668	2.9336e-003	0.	0.
114658	0.38963	2.8789e-003	0.	0.
114662	0.39257	2.8242e-003	0.	0.
114665	0.38668	-3.3164e-003	0.	0.
114669	0.38374	-3.2617e-003	0.	0.
114671	0.38967	-3.1335e-003	0.	0.
114674	0.39257	-3.4258e-003	0.	0.
114678	0.38106	2.3607e-004	0.	0.
114679	0.38057	-3.382e-004	0.	0.
114691	0.39363	-1.3711e-003	0.	0.
114695	0.39069	-1.3112e-003	0.	0.
114698	0.38775	-1.2513e-003	0.	0.
114702	0.38481	-1.1914e-003	0.	0.
114705	0.39363	7.1224e-004	0.	0.
114709	0.39069	7.7214e-004	0.	0.
114711	0.38481	8.9193e-004	0.	0.
114713	0.38775	8.3203e-004	0.	0.
114718	0.31733	-5.6246e-004	0.	0.
114723	0.38192	-6.6802e-004	0.	0.
114741	-0.33786	4.9215e-003	0.	0.
114751	0.34668	-5.5069e-003	0.	0.
114753	-0.38178	7.1817e-003	0.	0.
114755	-0.36318	1.3275e-002	0.	0.
114777	0.40716	-2.7422e-003	0.	0.
114780	0.40323	-5.115e-003	0.	0.
114783	0.42128	2.3681e-002	0.	0.
114791	-0.30899	5.4825e-003	0.	0.
114796	0.42301	2.3835e-002	0.	0.
114803	0.42369	-1.7231e-002	0.	0.
114819	-0.33595	2.916e-003	0.	0.
114824	-0.36025	2.0833e-002	0.	0.
114833	-0.32217	2.1737e-002	0.	0.
114838	-0.31918	2.1982e-002	0.	0.
114843	0.31786	-3.4359e-003	0.	0.
114845	0.31815	-6.2919e-003	0.	0.
114849	0.40137	-3.4258e-003	0.	0.
114865	-0.35562	1.0457e-002	0.	0.
114872	0.40445	8.0885e-003	0.	0.
114877	-0.33494	5.0085e-003	0.	0.
114882	0.40895	-4.7858e-003	0.	0.
114884	0.40604	-4.9661e-003	0.	0.
114891	0.335	-2.3958e-002	0.	0.
114895	0.41582	-1.3409e-002	0.	0.
114898	-0.30925	3.2465e-003	0.	0.
114905	0.31206	1.8661e-002	0.	0.
114916	0.32279	-2.9196e-003	0.	0.
114932	-0.33491	6.9835e-003	0.	0.
114938	-0.32911	6.7649e-003	0.	0.
114942	-0.3321	7.0665e-003	0.	0.
114972	-0.30206	-1.7359e-002	0.	0.
114997	0.40036	-5.3655e-003	0.	0.
114999	0.40774	-7.026e-003	0.	0.
115039	-0.40824	-1.1813e-002	0.	0.
115064	0.3557	-2.1921e-002	0.	0.
